date,source_region,cmd_code,cmd_desc,import_value_usd,net_weight_kg,quantity
2010-01-01,EU-27,0401,Milk and cream; not concentrated nor containing added sugar or other sweetening matter,1072882,764713,0
2010-01-01,EU-27,0402,Milk and cream; concentrated or containing added sugar or other sweetening matter,8021246,2949146,0
2010-01-01,EU-27,0403,"Buttermilk, curdled milk and cream, yoghurt, kephir, fermented or acidified milk or cream, whether or not concentrated, containing added sugar, sweetening matter, flavoured or added fruit or cocoa",41742,13765,0
2010-01-01,EU-27,0404,"Whey and products consisting of natural milk constituents; whether or not containing added sugar or other sweetening matter, not elsewhere specified or included",13995555,7993355,0
2010-01-01,EU-27,0405,Butter and other fats and oils derived from milk; dairy spreads,557456,112363,0
2010-01-01,EU-27,0406,Cheese and curd,1165521,170632,0
2010-01-01,New Zealand,0401,Milk and cream; not concentrated nor containing added sugar or other sweetening matter,1035388,607338,0
2010-01-01,New Zealand,0402,Milk and cream; concentrated or containing added sugar or other sweetening matter,90791850,33535908,0
2010-01-01,New Zealand,0403,"Buttermilk, curdled milk and cream, yoghurt, kephir, fermented or acidified milk or cream, whether or not concentrated, containing added sugar, sweetening matter, flavoured or added fruit or cocoa",35264,9815,0
2010-01-01,New Zealand,0404,"Whey and products consisting of natural milk constituents; whether or not containing added sugar or other sweetening matter, not elsewhere specified or included",1786076,595530,0
2010-01-01,New Zealand,0405,Butter and other fats and oils derived from milk; dairy spreads,10362457,3747656,0
2010-01-01,New Zealand,0406,Cheese and curd,3633019,1033191,0
2010-02-01,EU-27,0401,Milk and cream; not concentrated nor containing added sugar or other sweetening matter,861703,621898,0
2010-02-01,EU-27,0402,Milk and cream; concentrated or containing added sugar or other sweetening matter,5028569,1796505,0
2010-02-01,EU-27,0403,"Buttermilk, curdled milk and cream, yoghurt, kephir, fermented or acidified milk or cream, whether or not concentrated, containing added sugar, sweetening matter, flavoured or added fruit or cocoa",52518,14018,0
2010-02-01,EU-27,0404,"Whey and products consisting of natural milk constituents; whether or not containing added sugar or other sweetening matter, not elsewhere specified or included",12400511,7060460,0
2010-02-01,EU-27,0405,Butter and other fats and oils derived from milk; dairy spreads,362554,74999,0
2010-02-01,EU-27,0406,Cheese and curd,920122,104710,0
2010-02-01,New Zealand,0401,Milk and cream; not concentrated nor containing added sugar or other sweetening matter,819579,380916,0
2010-02-01,New Zealand,0402,Milk and cream; concentrated or containing added sugar or other sweetening matter,81703371,26622683,0
2010-02-01,New Zealand,0403,"Buttermilk, curdled milk and cream, yoghurt, kephir, fermented or acidified milk or cream, whether or not concentrated, containing added sugar, sweetening matter, flavoured or added fruit or cocoa",1755,482,0
2010-02-01,New Zealand,0404,"Whey and products consisting of natural milk constituents; whether or not containing added sugar or other sweetening matter, not elsewhere specified or included",835085,264317,0
2010-02-01,New Zealand,0405,Butter and other fats and oils derived from milk; dairy spreads,5371748,1888850,0
2010-02-01,New Zealand,0406,Cheese and curd,4023671,1103722,0
2010-03-01,EU-27,0401,Milk and cream; not concentrated nor containing added sugar or other sweetening matter,1160867,665734,0
2010-03-01,EU-27,0402,Milk and cream; concentrated or containing added sugar or other sweetening matter,6597154,2121592,0
2010-03-01,EU-27,0403,"Buttermilk, curdled milk and cream, yoghurt, kephir, fermented or acidified milk or cream, whether or not concentrated, containing added sugar, sweetening matter, flavoured or added fruit or cocoa",77928,24649,0
2010-03-01,EU-27,0404,"Whey and products consisting of natural milk constituents; whether or not containing added sugar or other sweetening matter, not elsewhere specified or included",9721707,5592421,0
2010-03-01,EU-27,0405,Butter and other fats and oils derived from milk; dairy spreads,1473863,275196,0
2010-03-01,EU-27,0406,Cheese and curd,1444407,214981,0
2010-03-01,New Zealand,0401,Milk and cream; not concentrated nor containing added sugar or other sweetening matter,1546312,703512,0
2010-03-01,New Zealand,0402,Milk and cream; concentrated or containing added sugar or other sweetening matter,116552288,35422427,0
2010-03-01,New Zealand,0403,"Buttermilk, curdled milk and cream, yoghurt, kephir, fermented or acidified milk or cream, whether or not concentrated, containing added sugar, sweetening matter, flavoured or added fruit or cocoa",6096,1635,0
2010-03-01,New Zealand,0404,"Whey and products consisting of natural milk constituents; whether or not containing added sugar or other sweetening matter, not elsewhere specified or included",2419427,561120,0
2010-03-01,New Zealand,0405,Butter and other fats and oils derived from milk; dairy spreads,7281256,1946816,0
2010-03-01,New Zealand,0406,Cheese and curd,3856987,923847,0
2010-04-01,EU-27,0401,Milk and cream; not concentrated nor containing added sugar or other sweetening matter,1043436,632082,0
2010-04-01,EU-27,0402,Milk and cream; concentrated or containing added sugar or other sweetening matter,2593751,811160,0
2010-04-01,EU-27,0403,"Buttermilk, curdled milk and cream, yoghurt, kephir, fermented or acidified milk or cream, whether or not concentrated, containing added sugar, sweetening matter, flavoured or added fruit or cocoa",384369,110733,0
2010-04-01,EU-27,0404,"Whey and products consisting of natural milk constituents; whether or not containing added sugar or other sweetening matter, not elsewhere specified or included",8574965,4761569,0
2010-04-01,EU-27,0405,Butter and other fats and oils derived from milk; dairy spreads,288192,66023,0
2010-04-01,EU-27,0406,Cheese and curd,1207018,159349,0
2010-04-01,New Zealand,0401,Milk and cream; not concentrated nor containing added sugar or other sweetening matter,1032284,449010,0
2010-04-01,New Zealand,0402,Milk and cream; concentrated or containing added sugar or other sweetening matter,100843323,30595652,0
2010-04-01,New Zealand,0403,"Buttermilk, curdled milk and cream, yoghurt, kephir, fermented or acidified milk or cream, whether or not concentrated, containing added sugar, sweetening matter, flavoured or added fruit or cocoa",7597,2222,0
2010-04-01,New Zealand,0404,"Whey and products consisting of natural milk constituents; whether or not containing added sugar or other sweetening matter, not elsewhere specified or included",2154954,406085,0
2010-04-01,New Zealand,0405,Butter and other fats and oils derived from milk; dairy spreads,5806687,1413668,0
2010-04-01,New Zealand,0406,Cheese and curd,4533253,994527,0
2010-05-01,EU-27,0401,Milk and cream; not concentrated nor containing added sugar or other sweetening matter,738330,453033,0
2010-05-01,EU-27,0402,Milk and cream; concentrated or containing added sugar or other sweetening matter,2675683,930309,0
2010-05-01,EU-27,0403,"Buttermilk, curdled milk and cream, yoghurt, kephir, fermented or acidified milk or cream, whether or not concentrated, containing added sugar, sweetening matter, flavoured or added fruit or cocoa",89313,30128,0
2010-05-01,EU-27,0404,"Whey and products consisting of natural milk constituents; whether or not containing added sugar or other sweetening matter, not elsewhere specified or included",10564374,5307759,0
2010-05-01,EU-27,0405,Butter and other fats and oils derived from milk; dairy spreads,752548,138893,0
2010-05-01,EU-27,0406,Cheese and curd,1235705,158713,0
2010-05-01,New Zealand,0401,Milk and cream; not concentrated nor containing added sugar or other sweetening matter,1053998,487721,0
2010-05-01,New Zealand,0402,Milk and cream; concentrated or containing added sugar or other sweetening matter,96144370,28808734,0
2010-05-01,New Zealand,0403,"Buttermilk, curdled milk and cream, yoghurt, kephir, fermented or acidified milk or cream, whether or not concentrated, containing added sugar, sweetening matter, flavoured or added fruit or cocoa",9838,2890,0
2010-05-01,New Zealand,0404,"Whey and products consisting of natural milk constituents; whether or not containing added sugar or other sweetening matter, not elsewhere specified or included",2262093,485315,0
2010-05-01,New Zealand,0405,Butter and other fats and oils derived from milk; dairy spreads,4576535,1150221,0
2010-05-01,New Zealand,0406,Cheese and curd,4287206,938260,0
2010-06-01,EU-27,0401,Milk and cream; not concentrated nor containing added sugar or other sweetening matter,605186,321083,0
2010-06-01,EU-27,0402,Milk and cream; concentrated or containing added sugar or other sweetening matter,5565820,1709616,0
2010-06-01,EU-27,0403,"Buttermilk, curdled milk and cream, yoghurt, kephir, fermented or acidified milk or cream, whether or not concentrated, containing added sugar, sweetening matter, flavoured or added fruit or cocoa",160761,52223,0
2010-06-01,EU-27,0404,"Whey and products consisting of natural milk constituents; whether or not containing added sugar or other sweetening matter, not elsewhere specified or included",13103560,7309085,0
2010-06-01,EU-27,0405,Butter and other fats and oils derived from milk; dairy spreads,287800,52770,0
2010-06-01,EU-27,0406,Cheese and curd,953493,129662,0
2010-06-01,New Zealand,0401,Milk and cream; not concentrated nor containing added sugar or other sweetening matter,1022856,550189,0
2010-06-01,New Zealand,0402,Milk and cream; concentrated or containing added sugar or other sweetening matter,130081613,38259718,0
2010-06-01,New Zealand,0403,"Buttermilk, curdled milk and cream, yoghurt, kephir, fermented or acidified milk or cream, whether or not concentrated, containing added sugar, sweetening matter, flavoured or added fruit or cocoa",11011,3292,0
2010-06-01,New Zealand,0404,"Whey and products consisting of natural milk constituents; whether or not containing added sugar or other sweetening matter, not elsewhere specified or included",1842949,425299,0
2010-06-01,New Zealand,0405,Butter and other fats and oils derived from milk; dairy spreads,5564977,1343221,0
2010-06-01,New Zealand,0406,Cheese and curd,4273412,934529,0
2010-07-01,EU-27,0401,Milk and cream; not concentrated nor containing added sugar or other sweetening matter,620360,364223,0
2010-07-01,EU-27,0402,Milk and cream; concentrated or containing added sugar or other sweetening matter,9368969,2732546,0
2010-07-01,EU-27,0403,"Buttermilk, curdled milk and cream, yoghurt, kephir, fermented or acidified milk or cream, whether or not concentrated, containing added sugar, sweetening matter, flavoured or added fruit or cocoa",136425,43997,0
2010-07-01,EU-27,0404,"Whey and products consisting of natural milk constituents; whether or not containing added sugar or other sweetening matter, not elsewhere specified or included",16280731,9081930,0
2010-07-01,EU-27,0405,Butter and other fats and oils derived from milk; dairy spreads,526952,111496,0
2010-07-01,EU-27,0406,Cheese and curd,1169047,171253,0
2010-07-01,New Zealand,0401,Milk and cream; not concentrated nor containing added sugar or other sweetening matter,1223860,662012,0
2010-07-01,New Zealand,0402,Milk and cream; concentrated or containing added sugar or other sweetening matter,100869932,27970302,0
2010-07-01,New Zealand,0403,"Buttermilk, curdled milk and cream, yoghurt, kephir, fermented or acidified milk or cream, whether or not concentrated, containing added sugar, sweetening matter, flavoured or added fruit or cocoa",19370,4547,0
2010-07-01,New Zealand,0404,"Whey and products consisting of natural milk constituents; whether or not containing added sugar or other sweetening matter, not elsewhere specified or included",3089719,861385,0
2010-07-01,New Zealand,0405,Butter and other fats and oils derived from milk; dairy spreads,5574520,1352722,0
2010-07-01,New Zealand,0406,Cheese and curd,2804505,592349,0
2010-08-01,EU-27,0401,Milk and cream; not concentrated nor containing added sugar or other sweetening matter,631840,391958,0
2010-08-01,EU-27,0402,Milk and cream; concentrated or containing added sugar or other sweetening matter,11831031,3343008,0
2010-08-01,EU-27,0403,"Buttermilk, curdled milk and cream, yoghurt, kephir, fermented or acidified milk or cream, whether or not concentrated, containing added sugar, sweetening matter, flavoured or added fruit or cocoa",80008,36244,0
2010-08-01,EU-27,0404,"Whey and products consisting of natural milk constituents; whether or not containing added sugar or other sweetening matter, not elsewhere specified or included",16938431,9595984,0
2010-08-01,EU-27,0405,Butter and other fats and oils derived from milk; dairy spreads,1046078,203563,0
2010-08-01,EU-27,0406,Cheese and curd,1252340,153109,0
2010-08-01,New Zealand,0401,Milk and cream; not concentrated nor containing added sugar or other sweetening matter,967892,394758,0
2010-08-01,New Zealand,0402,Milk and cream; concentrated or containing added sugar or other sweetening matter,66993049,16722963,0
2010-08-01,New Zealand,0403,"Buttermilk, curdled milk and cream, yoghurt, kephir, fermented or acidified milk or cream, whether or not concentrated, containing added sugar, sweetening matter, flavoured or added fruit or cocoa",6783,1978,0
2010-08-01,New Zealand,0404,"Whey and products consisting of natural milk constituents; whether or not containing added sugar or other sweetening matter, not elsewhere specified or included",2262104,366600,0
2010-08-01,New Zealand,0405,Butter and other fats and oils derived from milk; dairy spreads,2534776,546784,0
2010-08-01,New Zealand,0406,Cheese and curd,4302870,947560,0
2010-09-01,EU-27,0401,Milk and cream; not concentrated nor containing added sugar or other sweetening matter,558165,383253,0
2010-09-01,EU-27,0402,Milk and cream; concentrated or containing added sugar or other sweetening matter,12064418,3641513,0
2010-09-01,EU-27,0403,"Buttermilk, curdled milk and cream, yoghurt, kephir, fermented or acidified milk or cream, whether or not concentrated, containing added sugar, sweetening matter, flavoured or added fruit or cocoa",231976,78265,0
2010-09-01,EU-27,0404,"Whey and products consisting of natural milk constituents; whether or not containing added sugar or other sweetening matter, not elsewhere specified or included",21667041,13078443,0
2010-09-01,EU-27,0405,Butter and other fats and oils derived from milk; dairy spreads,779886,155516,0
2010-09-01,EU-27,0406,Cheese and curd,1139727,158513,0
2010-09-01,New Zealand,0401,Milk and cream; not concentrated nor containing added sugar or other sweetening matter,1779795,868916,0
2010-09-01,New Zealand,0402,Milk and cream; concentrated or containing added sugar or other sweetening matter,47616370,12286889,0
2010-09-01,New Zealand,0403,"Buttermilk, curdled milk and cream, yoghurt, kephir, fermented or acidified milk or cream, whether or not concentrated, containing added sugar, sweetening matter, flavoured or added fruit or cocoa",14301,3376,0
2010-09-01,New Zealand,0404,"Whey and products consisting of natural milk constituents; whether or not containing added sugar or other sweetening matter, not elsewhere specified or included",698051,124577,0
2010-09-01,New Zealand,0405,Butter and other fats and oils derived from milk; dairy spreads,4848866,1038112,0
2010-09-01,New Zealand,0406,Cheese and curd,5958271,1289734,0
2010-10-01,EU-27,0401,Milk and cream; not concentrated nor containing added sugar or other sweetening matter,362168,202616,0
2010-10-01,EU-27,0402,Milk and cream; concentrated or containing added sugar or other sweetening matter,9019610,2607756,0
2010-10-01,EU-27,0403,"Buttermilk, curdled milk and cream, yoghurt, kephir, fermented or acidified milk or cream, whether or not concentrated, containing added sugar, sweetening matter, flavoured or added fruit or cocoa",55152,17826,0
2010-10-01,EU-27,0404,"Whey and products consisting of natural milk constituents; whether or not containing added sugar or other sweetening matter, not elsewhere specified or included",16183429,9245516,0
2010-10-01,EU-27,0405,Butter and other fats and oils derived from milk; dairy spreads,663083,115583,0
2010-10-01,EU-27,0406,Cheese and curd,1414796,199808,0
2010-10-01,New Zealand,0401,Milk and cream; not concentrated nor containing added sugar or other sweetening matter,1432932,550868,0
2010-10-01,New Zealand,0402,Milk and cream; concentrated or containing added sugar or other sweetening matter,74021488,19260079,0
2010-10-01,New Zealand,0403,"Buttermilk, curdled milk and cream, yoghurt, kephir, fermented or acidified milk or cream, whether or not concentrated, containing added sugar, sweetening matter, flavoured or added fruit or cocoa",69067,10528,0
2010-10-01,New Zealand,0404,"Whey and products consisting of natural milk constituents; whether or not containing added sugar or other sweetening matter, not elsewhere specified or included",388672,0,0
2010-10-01,New Zealand,0405,Butter and other fats and oils derived from milk; dairy spreads,5506774,1356812,0
2010-10-01,New Zealand,0406,Cheese and curd,3378647,812829,0
2010-11-01,EU-27,0401,Milk and cream; not concentrated nor containing added sugar or other sweetening matter,1106600,739006,0
2010-11-01,EU-27,0402,Milk and cream; concentrated or containing added sugar or other sweetening matter,7282056,2286051,0
2010-11-01,EU-27,0403,"Buttermilk, curdled milk and cream, yoghurt, kephir, fermented or acidified milk or cream, whether or not concentrated, containing added sugar, sweetening matter, flavoured or added fruit or cocoa",183574,60877,0
2010-11-01,EU-27,0404,"Whey and products consisting of natural milk constituents; whether or not containing added sugar or other sweetening matter, not elsewhere specified or included",16002973,9114806,0
2010-11-01,EU-27,0405,Butter and other fats and oils derived from milk; dairy spreads,619462,96657,0
2010-11-01,EU-27,0406,Cheese and curd,1618657,194485,0
2010-11-01,New Zealand,0401,Milk and cream; not concentrated nor containing added sugar or other sweetening matter,2019382,858850,0
2010-11-01,New Zealand,0402,Milk and cream; concentrated or containing added sugar or other sweetening matter,109681078,31121110,0
2010-11-01,New Zealand,0403,"Buttermilk, curdled milk and cream, yoghurt, kephir, fermented or acidified milk or cream, whether or not concentrated, containing added sugar, sweetening matter, flavoured or added fruit or cocoa",19573,5195,0
2010-11-01,New Zealand,0404,"Whey and products consisting of natural milk constituents; whether or not containing added sugar or other sweetening matter, not elsewhere specified or included",829000,300000,0
2010-11-01,New Zealand,0405,Butter and other fats and oils derived from milk; dairy spreads,8349472,1898616,0
2010-11-01,New Zealand,0406,Cheese and curd,5804724,1373189,0
2010-12-01,EU-27,0401,Milk and cream; not concentrated nor containing added sugar or other sweetening matter,1420678,1114944,0
2010-12-01,EU-27,0402,Milk and cream; concentrated or containing added sugar or other sweetening matter,13300209,4300665,0
2010-12-01,EU-27,0403,"Buttermilk, curdled milk and cream, yoghurt, kephir, fermented or acidified milk or cream, whether or not concentrated, containing added sugar, sweetening matter, flavoured or added fruit or cocoa",102819,39161,0
2010-12-01,EU-27,0404,"Whey and products consisting of natural milk constituents; whether or not containing added sugar or other sweetening matter, not elsewhere specified or included",15906619,8978220,0
2010-12-01,EU-27,0405,Butter and other fats and oils derived from milk; dairy spreads,969745,151971,0
2010-12-01,EU-27,0406,Cheese and curd,2213671,286992,0
2010-12-01,New Zealand,0401,Milk and cream; not concentrated nor containing added sugar or other sweetening matter,1875498,905868,0
2010-12-01,New Zealand,0402,Milk and cream; concentrated or containing added sugar or other sweetening matter,121414153,36208019,0
2010-12-01,New Zealand,0403,"Buttermilk, curdled milk and cream, yoghurt, kephir, fermented or acidified milk or cream, whether or not concentrated, containing added sugar, sweetening matter, flavoured or added fruit or cocoa",12805,3408,0
2010-12-01,New Zealand,0404,"Whey and products consisting of natural milk constituents; whether or not containing added sugar or other sweetening matter, not elsewhere specified or included",2164057,683675,0
2010-12-01,New Zealand,0405,Butter and other fats and oils derived from milk; dairy spreads,7718312,1817007,0
2010-12-01,New Zealand,0406,Cheese and curd,3844191,920296,0
2011-01-01,EU-27,0401,Milk and cream; not concentrated nor containing added sugar or other sweetening matter,1378846,878602,0
2011-01-01,EU-27,0402,Milk and cream; concentrated or containing added sugar or other sweetening matter,6449068,2086104,0
2011-01-01,EU-27,0403,"Buttermilk, curdled milk and cream, yoghurt, kephir, fermented or acidified milk or cream, whether or not concentrated, containing added sugar, sweetening matter, flavoured or added fruit or cocoa",230052,84594,0
2011-01-01,EU-27,0404,"Whey and products consisting of natural milk constituents; whether or not containing added sugar or other sweetening matter, not elsewhere specified or included",23537655,12768476,0
2011-01-01,EU-27,0405,Butter and other fats and oils derived from milk; dairy spreads,1489437,246382,0
2011-01-01,EU-27,0406,Cheese and curd,1668524,220505,0
2011-01-01,New Zealand,0401,Milk and cream; not concentrated nor containing added sugar or other sweetening matter,2437425,1149276,0
2011-01-01,New Zealand,0402,Milk and cream; concentrated or containing added sugar or other sweetening matter,165622872,47684668,0
2011-01-01,New Zealand,0403,"Buttermilk, curdled milk and cream, yoghurt, kephir, fermented or acidified milk or cream, whether or not concentrated, containing added sugar, sweetening matter, flavoured or added fruit or cocoa",623959,197427,0
2011-01-01,New Zealand,0404,"Whey and products consisting of natural milk constituents; whether or not containing added sugar or other sweetening matter, not elsewhere specified or included",1102728,372400,0
2011-01-01,New Zealand,0405,Butter and other fats and oils derived from milk; dairy spreads,14952470,3307462,0
2011-01-01,New Zealand,0406,Cheese and curd,4468903,1043583,0
2011-02-01,EU-27,0401,Milk and cream; not concentrated nor containing added sugar or other sweetening matter,673474,440897,0
2011-02-01,EU-27,0402,Milk and cream; concentrated or containing added sugar or other sweetening matter,4527723,1498045,0
2011-02-01,EU-27,0403,"Buttermilk, curdled milk and cream, yoghurt, kephir, fermented or acidified milk or cream, whether or not concentrated, containing added sugar, sweetening matter, flavoured or added fruit or cocoa",133625,61301,0
2011-02-01,EU-27,0404,"Whey and products consisting of natural milk constituents; whether or not containing added sugar or other sweetening matter, not elsewhere specified or included",14788173,8546458,0
2011-02-01,EU-27,0405,Butter and other fats and oils derived from milk; dairy spreads,761165,128756,0
2011-02-01,EU-27,0406,Cheese and curd,909821,116169,0
2011-02-01,New Zealand,0401,Milk and cream; not concentrated nor containing added sugar or other sweetening matter,2027964,933191,0
2011-02-01,New Zealand,0402,Milk and cream; concentrated or containing added sugar or other sweetening matter,143821500,40787524,0
2011-02-01,New Zealand,0403,"Buttermilk, curdled milk and cream, yoghurt, kephir, fermented or acidified milk or cream, whether or not concentrated, containing added sugar, sweetening matter, flavoured or added fruit or cocoa",81418,26841,0
2011-02-01,New Zealand,0404,"Whey and products consisting of natural milk constituents; whether or not containing added sugar or other sweetening matter, not elsewhere specified or included",2875816,554210,0
2011-02-01,New Zealand,0405,Butter and other fats and oils derived from milk; dairy spreads,9717597,2018263,0
2011-02-01,New Zealand,0406,Cheese and curd,3498986,832843,0
2011-03-01,EU-27,0401,Milk and cream; not concentrated nor containing added sugar or other sweetening matter,2126881,1622429,0
2011-03-01,EU-27,0402,Milk and cream; concentrated or containing added sugar or other sweetening matter,9978301,3118766,0
2011-03-01,EU-27,0403,"Buttermilk, curdled milk and cream, yoghurt, kephir, fermented or acidified milk or cream, whether or not concentrated, containing added sugar, sweetening matter, flavoured or added fruit or cocoa",291672,97268,0
2011-03-01,EU-27,0404,"Whey and products consisting of natural milk constituents; whether or not containing added sugar or other sweetening matter, not elsewhere specified or included",16846099,8659490,0
2011-03-01,EU-27,0405,Butter and other fats and oils derived from milk; dairy spreads,1113971,165627,0
2011-03-01,EU-27,0406,Cheese and curd,2116027,293027,0
2011-03-01,New Zealand,0401,Milk and cream; not concentrated nor containing added sugar or other sweetening matter,2871217,1129505,0
2011-03-01,New Zealand,0402,Milk and cream; concentrated or containing added sugar or other sweetening matter,180171380,51114990,0
2011-03-01,New Zealand,0403,"Buttermilk, curdled milk and cream, yoghurt, kephir, fermented or acidified milk or cream, whether or not concentrated, containing added sugar, sweetening matter, flavoured or added fruit or cocoa",262721,65312,0
2011-03-01,New Zealand,0404,"Whey and products consisting of natural milk constituents; whether or not containing added sugar or other sweetening matter, not elsewhere specified or included",4256904,601511,0
2011-03-01,New Zealand,0405,Butter and other fats and oils derived from milk; dairy spreads,14910917,3012994,0
2011-03-01,New Zealand,0406,Cheese and curd,5163094,1187332,0
2011-04-01,EU-27,0401,Milk and cream; not concentrated nor containing added sugar or other sweetening matter,1867826,1313055,0
2011-04-01,EU-27,0402,Milk and cream; concentrated or containing added sugar or other sweetening matter,5548170,1717781,0
2011-04-01,EU-27,0403,"Buttermilk, curdled milk and cream, yoghurt, kephir, fermented or acidified milk or cream, whether or not concentrated, containing added sugar, sweetening matter, flavoured or added fruit or cocoa",387309,112504,0
2011-04-01,EU-27,0404,"Whey and products consisting of natural milk constituents; whether or not containing added sugar or other sweetening matter, not elsewhere specified or included",17773897,9351420,0
2011-04-01,EU-27,0405,Butter and other fats and oils derived from milk; dairy spreads,789591,124294,0
2011-04-01,EU-27,0406,Cheese and curd,1964605,251746,0
2011-04-01,New Zealand,0401,Milk and cream; not concentrated nor containing added sugar or other sweetening matter,2215836,950716,0
2011-04-01,New Zealand,0402,Milk and cream; concentrated or containing added sugar or other sweetening matter,215104277,59480821,0
2011-04-01,New Zealand,0403,"Buttermilk, curdled milk and cream, yoghurt, kephir, fermented or acidified milk or cream, whether or not concentrated, containing added sugar, sweetening matter, flavoured or added fruit or cocoa",423172,130433,0
2011-04-01,New Zealand,0404,"Whey and products consisting of natural milk constituents; whether or not containing added sugar or other sweetening matter, not elsewhere specified or included",5757020,869595,0
2011-04-01,New Zealand,0405,Butter and other fats and oils derived from milk; dairy spreads,14864354,2889958,0
2011-04-01,New Zealand,0406,Cheese and curd,4943734,1160007,0
2011-05-01,EU-27,0401,Milk and cream; not concentrated nor containing added sugar or other sweetening matter,1669047,1345023,0
2011-05-01,EU-27,0402,Milk and cream; concentrated or containing added sugar or other sweetening matter,11296891,3263337,0
2011-05-01,EU-27,0403,"Buttermilk, curdled milk and cream, yoghurt, kephir, fermented or acidified milk or cream, whether or not concentrated, containing added sugar, sweetening matter, flavoured or added fruit or cocoa",414867,124055,0
2011-05-01,EU-27,0404,"Whey and products consisting of natural milk constituents; whether or not containing added sugar or other sweetening matter, not elsewhere specified or included",16622788,8374975,0
2011-05-01,EU-27,0405,Butter and other fats and oils derived from milk; dairy spreads,1560006,231099,0
2011-05-01,EU-27,0406,Cheese and curd,1874183,207420,0
2011-05-01,New Zealand,0401,Milk and cream; not concentrated nor containing added sugar or other sweetening matter,2416039,1153692,0
2011-05-01,New Zealand,0402,Milk and cream; concentrated or containing added sugar or other sweetening matter,122498467,32298195,0
2011-05-01,New Zealand,0403,"Buttermilk, curdled milk and cream, yoghurt, kephir, fermented or acidified milk or cream, whether or not concentrated, containing added sugar, sweetening matter, flavoured or added fruit or cocoa",18985,5136,0
2011-05-01,New Zealand,0404,"Whey and products consisting of natural milk constituents; whether or not containing added sugar or other sweetening matter, not elsewhere specified or included",5264090,752480,0
2011-05-01,New Zealand,0405,Butter and other fats and oils derived from milk; dairy spreads,19248461,3666507,0
2011-05-01,New Zealand,0406,Cheese and curd,4417589,975114,0
2011-06-01,EU-27,0401,Milk and cream; not concentrated nor containing added sugar or other sweetening matter,2213404,2159573,0
2011-06-01,EU-27,0402,Milk and cream; concentrated or containing added sugar or other sweetening matter,2878301,774613,0
2011-06-01,EU-27,0403,"Buttermilk, curdled milk and cream, yoghurt, kephir, fermented or acidified milk or cream, whether or not concentrated, containing added sugar, sweetening matter, flavoured or added fruit or cocoa",166895,42567,0
2011-06-01,EU-27,0404,"Whey and products consisting of natural milk constituents; whether or not containing added sugar or other sweetening matter, not elsewhere specified or included",17762243,8524700,0
2011-06-01,EU-27,0405,Butter and other fats and oils derived from milk; dairy spreads,719030,100165,0
2011-06-01,EU-27,0406,Cheese and curd,909299,106622,0
2011-06-01,New Zealand,0401,Milk and cream; not concentrated nor containing added sugar or other sweetening matter,2329212,1111382,0
2011-06-01,New Zealand,0402,Milk and cream; concentrated or containing added sugar or other sweetening matter,98104572,24247942,0
2011-06-01,New Zealand,0403,"Buttermilk, curdled milk and cream, yoghurt, kephir, fermented or acidified milk or cream, whether or not concentrated, containing added sugar, sweetening matter, flavoured or added fruit or cocoa",162875,35311,0
2011-06-01,New Zealand,0404,"Whey and products consisting of natural milk constituents; whether or not containing added sugar or other sweetening matter, not elsewhere specified or included",446204,50840,0
2011-06-01,New Zealand,0405,Butter and other fats and oils derived from milk; dairy spreads,12285699,2119231,0
2011-06-01,New Zealand,0406,Cheese and curd,7162339,1648756,0
2011-07-01,EU-27,0401,Milk and cream; not concentrated nor containing added sugar or other sweetening matter,2410872,2187139,0
2011-07-01,EU-27,0402,Milk and cream; concentrated or containing added sugar or other sweetening matter,9271575,2693095,0
2011-07-01,EU-27,0403,"Buttermilk, curdled milk and cream, yoghurt, kephir, fermented or acidified milk or cream, whether or not concentrated, containing added sugar, sweetening matter, flavoured or added fruit or cocoa",349361,120052,0
2011-07-01,EU-27,0404,"Whey and products consisting of natural milk constituents; whether or not containing added sugar or other sweetening matter, not elsewhere specified or included",22162300,9858045,0
2011-07-01,EU-27,0405,Butter and other fats and oils derived from milk; dairy spreads,654169,90981,0
2011-07-01,EU-27,0406,Cheese and curd,1515485,161424,0
2011-07-01,New Zealand,0401,Milk and cream; not concentrated nor containing added sugar or other sweetening matter,3007424,1945384,0
2011-07-01,New Zealand,0402,Milk and cream; concentrated or containing added sugar or other sweetening matter,88758523,21975834,0
2011-07-01,New Zealand,0403,"Buttermilk, curdled milk and cream, yoghurt, kephir, fermented or acidified milk or cream, whether or not concentrated, containing added sugar, sweetening matter, flavoured or added fruit or cocoa",189346,55386,0
2011-07-01,New Zealand,0404,"Whey and products consisting of natural milk constituents; whether or not containing added sugar or other sweetening matter, not elsewhere specified or included",746925,144116,0
2011-07-01,New Zealand,0405,Butter and other fats and oils derived from milk; dairy spreads,10928745,1928875,0
2011-07-01,New Zealand,0406,Cheese and curd,3468774,779570,0
2011-08-01,EU-27,0401,Milk and cream; not concentrated nor containing added sugar or other sweetening matter,900867,542011,0
2011-08-01,EU-27,0402,Milk and cream; concentrated or containing added sugar or other sweetening matter,9762583,2557927,0
2011-08-01,EU-27,0403,"Buttermilk, curdled milk and cream, yoghurt, kephir, fermented or acidified milk or cream, whether or not concentrated, containing added sugar, sweetening matter, flavoured or added fruit or cocoa",355512,128979,0
2011-08-01,EU-27,0404,"Whey and products consisting of natural milk constituents; whether or not containing added sugar or other sweetening matter, not elsewhere specified or included",28620723,13244829,0
2011-08-01,EU-27,0405,Butter and other fats and oils derived from milk; dairy spreads,1369253,199151,0
2011-08-01,EU-27,0406,Cheese and curd,1792774,215049,0
2011-08-01,New Zealand,0401,Milk and cream; not concentrated nor containing added sugar or other sweetening matter,1139265,620371,0
2011-08-01,New Zealand,0402,Milk and cream; concentrated or containing added sugar or other sweetening matter,64140078,15416451,0
2011-08-01,New Zealand,0403,"Buttermilk, curdled milk and cream, yoghurt, kephir, fermented or acidified milk or cream, whether or not concentrated, containing added sugar, sweetening matter, flavoured or added fruit or cocoa",197730,21908,0
2011-08-01,New Zealand,0404,"Whey and products consisting of natural milk constituents; whether or not containing added sugar or other sweetening matter, not elsewhere specified or included",379710,46536,0
2011-08-01,New Zealand,0405,Butter and other fats and oils derived from milk; dairy spreads,12793876,2232875,0
2011-08-01,New Zealand,0406,Cheese and curd,3084040,717225,0
2011-09-01,EU-27,0401,Milk and cream; not concentrated nor containing added sugar or other sweetening matter,981490,744227,0
2011-09-01,EU-27,0402,Milk and cream; concentrated or containing added sugar or other sweetening matter,12947652,3564693,0
2011-09-01,EU-27,0403,"Buttermilk, curdled milk and cream, yoghurt, kephir, fermented or acidified milk or cream, whether or not concentrated, containing added sugar, sweetening matter, flavoured or added fruit or cocoa",363998,112013,0
2011-09-01,EU-27,0404,"Whey and products consisting of natural milk constituents; whether or not containing added sugar or other sweetening matter, not elsewhere specified or included",29210937,13069893,0
2011-09-01,EU-27,0405,Butter and other fats and oils derived from milk; dairy spreads,1088738,144037,0
2011-09-01,EU-27,0406,Cheese and curd,1390543,146790,0
2011-09-01,New Zealand,0401,Milk and cream; not concentrated nor containing added sugar or other sweetening matter,4162239,2315340,0
2011-09-01,New Zealand,0402,Milk and cream; concentrated or containing added sugar or other sweetening matter,34020146,8329803,0
2011-09-01,New Zealand,0403,"Buttermilk, curdled milk and cream, yoghurt, kephir, fermented or acidified milk or cream, whether or not concentrated, containing added sugar, sweetening matter, flavoured or added fruit or cocoa",18297,5060,0
2011-09-01,New Zealand,0404,"Whey and products consisting of natural milk constituents; whether or not containing added sugar or other sweetening matter, not elsewhere specified or included",6253531,825029,0
2011-09-01,New Zealand,0405,Butter and other fats and oils derived from milk; dairy spreads,13309719,2516600,0
2011-09-01,New Zealand,0406,Cheese and curd,6426050,1424607,0
2011-10-01,EU-27,0401,Milk and cream; not concentrated nor containing added sugar or other sweetening matter,729980,558569,0
2011-10-01,EU-27,0402,Milk and cream; concentrated or containing added sugar or other sweetening matter,9062625,2499191,0
2011-10-01,EU-27,0403,"Buttermilk, curdled milk and cream, yoghurt, kephir, fermented or acidified milk or cream, whether or not concentrated, containing added sugar, sweetening matter, flavoured or added fruit or cocoa",170882,78149,0
2011-10-01,EU-27,0404,"Whey and products consisting of natural milk constituents; whether or not containing added sugar or other sweetening matter, not elsewhere specified or included",28350523,14442044,0
2011-10-01,EU-27,0405,Butter and other fats and oils derived from milk; dairy spreads,1051756,161171,0
2011-10-01,EU-27,0406,Cheese and curd,1570341,178088,0
2011-10-01,New Zealand,0401,Milk and cream; not concentrated nor containing added sugar or other sweetening matter,2438819,1069608,0
2011-10-01,New Zealand,0402,Milk and cream; concentrated or containing added sugar or other sweetening matter,47660015,11976807,0
2011-10-01,New Zealand,0403,"Buttermilk, curdled milk and cream, yoghurt, kephir, fermented or acidified milk or cream, whether or not concentrated, containing added sugar, sweetening matter, flavoured or added fruit or cocoa",8527,2351,0
2011-10-01,New Zealand,0404,"Whey and products consisting of natural milk constituents; whether or not containing added sugar or other sweetening matter, not elsewhere specified or included",18117,2005,0
2011-10-01,New Zealand,0405,Butter and other fats and oils derived from milk; dairy spreads,10741937,2134136,0
2011-10-01,New Zealand,0406,Cheese and curd,5050600,1081859,0
2011-11-01,EU-27,0401,Milk and cream; not concentrated nor containing added sugar or other sweetening matter,1807174,1741792,0
2011-11-01,EU-27,0402,Milk and cream; concentrated or containing added sugar or other sweetening matter,12316847,3587836,0
2011-11-01,EU-27,0403,"Buttermilk, curdled milk and cream, yoghurt, kephir, fermented or acidified milk or cream, whether or not concentrated, containing added sugar, sweetening matter, flavoured or added fruit or cocoa",112558,23394,0
2011-11-01,EU-27,0404,"Whey and products consisting of natural milk constituents; whether or not containing added sugar or other sweetening matter, not elsewhere specified or included",37059350,17608501,0
2011-11-01,EU-27,0405,Butter and other fats and oils derived from milk; dairy spreads,1133972,172511,0
2011-11-01,EU-27,0406,Cheese and curd,1892499,228737,0
2011-11-01,New Zealand,0401,Milk and cream; not concentrated nor containing added sugar or other sweetening matter,3890688,1815454,0
2011-11-01,New Zealand,0402,Milk and cream; concentrated or containing added sugar or other sweetening matter,95241515,25663204,0
2011-11-01,New Zealand,0403,"Buttermilk, curdled milk and cream, yoghurt, kephir, fermented or acidified milk or cream, whether or not concentrated, containing added sugar, sweetening matter, flavoured or added fruit or cocoa",176372,52400,0
2011-11-01,New Zealand,0404,"Whey and products consisting of natural milk constituents; whether or not containing added sugar or other sweetening matter, not elsewhere specified or included",1261752,225162,0
2011-11-01,New Zealand,0405,Butter and other fats and oils derived from milk; dairy spreads,12176253,2462023,0
2011-11-01,New Zealand,0406,Cheese and curd,5845829,1257949,0
2011-12-01,EU-27,0401,Milk and cream; not concentrated nor containing added sugar or other sweetening matter,4066827,4301574,0
2011-12-01,EU-27,0402,Milk and cream; concentrated or containing added sugar or other sweetening matter,12837434,3943262,0
2011-12-01,EU-27,0403,"Buttermilk, curdled milk and cream, yoghurt, kephir, fermented or acidified milk or cream, whether or not concentrated, containing added sugar, sweetening matter, flavoured or added fruit or cocoa",245486,83523,0
2011-12-01,EU-27,0404,"Whey and products consisting of natural milk constituents; whether or not containing added sugar or other sweetening matter, not elsewhere specified or included",38928161,19164934,0
2011-12-01,EU-27,0405,Butter and other fats and oils derived from milk; dairy spreads,817353,122839,0
2011-12-01,EU-27,0406,Cheese and curd,2314371,277227,0
2011-12-01,New Zealand,0401,Milk and cream; not concentrated nor containing added sugar or other sweetening matter,4271417,3041851,0
2011-12-01,New Zealand,0402,Milk and cream; concentrated or containing added sugar or other sweetening matter,102020717,28128528,0
2011-12-01,New Zealand,0403,"Buttermilk, curdled milk and cream, yoghurt, kephir, fermented or acidified milk or cream, whether or not concentrated, containing added sugar, sweetening matter, flavoured or added fruit or cocoa",19119,5382,0
2011-12-01,New Zealand,0404,"Whey and products consisting of natural milk constituents; whether or not containing added sugar or other sweetening matter, not elsewhere specified or included",3376013,456110,0
2011-12-01,New Zealand,0405,Butter and other fats and oils derived from milk; dairy spreads,13770176,2993118,0
2011-12-01,New Zealand,0406,Cheese and curd,4629971,1033914,0
2012-01-01,EU-27,0401,Milk and cream; not concentrated nor containing added sugar or other sweetening matter,2361538,2549014,0
2012-01-01,EU-27,0402,Milk and cream; concentrated or containing added sugar or other sweetening matter,8745048,2508328,0
2012-01-01,EU-27,0403,"Buttermilk, curdled milk and cream, yoghurt, kephir, fermented or acidified milk or cream, whether or not concentrated, containing added sugar, sweetening matter, flavoured or added fruit or cocoa",155854,76701,0
2012-01-01,EU-27,0404,"Whey and products consisting of natural milk constituents; whether or not containing added sugar or other sweetening matter, not elsewhere specified or included",28347041,13434914,0
2012-01-01,EU-27,0405,Butter and other fats and oils derived from milk; dairy spreads,813147,112379,0
2012-01-01,EU-27,0406,Cheese and curd,1170076,141603,0
2012-01-01,New Zealand,0401,Milk and cream; not concentrated nor containing added sugar or other sweetening matter,3194881,1400085,0
2012-01-01,New Zealand,0402,Milk and cream; concentrated or containing added sugar or other sweetening matter,177466308,50232421,0
2012-01-01,New Zealand,0403,"Buttermilk, curdled milk and cream, yoghurt, kephir, fermented or acidified milk or cream, whether or not concentrated, containing added sugar, sweetening matter, flavoured or added fruit or cocoa",2908863,940820,0
2012-01-01,New Zealand,0404,"Whey and products consisting of natural milk constituents; whether or not containing added sugar or other sweetening matter, not elsewhere specified or included",2547816,293371,0
2012-01-01,New Zealand,0405,Butter and other fats and oils derived from milk; dairy spreads,21940257,5041806,0
2012-01-01,New Zealand,0406,Cheese and curd,6229594,1391460,0
2012-02-01,EU-27,0401,Milk and cream; not concentrated nor containing added sugar or other sweetening matter,2734300,2278177,0
2012-02-01,EU-27,0402,Milk and cream; concentrated or containing added sugar or other sweetening matter,11558791,3396522,0
2012-02-01,EU-27,0403,"Buttermilk, curdled milk and cream, yoghurt, kephir, fermented or acidified milk or cream, whether or not concentrated, containing added sugar, sweetening matter, flavoured or added fruit or cocoa",456877,161160,0
2012-02-01,EU-27,0404,"Whey and products consisting of natural milk constituents; whether or not containing added sugar or other sweetening matter, not elsewhere specified or included",37563593,16418577,0
2012-02-01,EU-27,0405,Butter and other fats and oils derived from milk; dairy spreads,1654594,258445,0
2012-02-01,EU-27,0406,Cheese and curd,1730111,237787,0
2012-02-01,New Zealand,0401,Milk and cream; not concentrated nor containing added sugar or other sweetening matter,4133081,2176538,0
2012-02-01,New Zealand,0402,Milk and cream; concentrated or containing added sugar or other sweetening matter,223278480,62086023,0
2012-02-01,New Zealand,0403,"Buttermilk, curdled milk and cream, yoghurt, kephir, fermented or acidified milk or cream, whether or not concentrated, containing added sugar, sweetening matter, flavoured or added fruit or cocoa",1195196,379440,0
2012-02-01,New Zealand,0404,"Whey and products consisting of natural milk constituents; whether or not containing added sugar or other sweetening matter, not elsewhere specified or included",2488625,335060,0
2012-02-01,New Zealand,0405,Butter and other fats and oils derived from milk; dairy spreads,20118853,5027043,0
2012-02-01,New Zealand,0406,Cheese and curd,5899736,1297898,0
2012-03-01,EU-27,0401,Milk and cream; not concentrated nor containing added sugar or other sweetening matter,3804569,4239113,0
2012-03-01,EU-27,0402,Milk and cream; concentrated or containing added sugar or other sweetening matter,19176399,5607197,0
2012-03-01,EU-27,0403,"Buttermilk, curdled milk and cream, yoghurt, kephir, fermented or acidified milk or cream, whether or not concentrated, containing added sugar, sweetening matter, flavoured or added fruit or cocoa",674514,250009,0
2012-03-01,EU-27,0404,"Whey and products consisting of natural milk constituents; whether or not containing added sugar or other sweetening matter, not elsewhere specified or included",38360678,16412257,0
2012-03-01,EU-27,0405,Butter and other fats and oils derived from milk; dairy spreads,1514806,231501,0
2012-03-01,EU-27,0406,Cheese and curd,1820228,223189,0
2012-03-01,New Zealand,0401,Milk and cream; not concentrated nor containing added sugar or other sweetening matter,5235137,2725453,0
2012-03-01,New Zealand,0402,Milk and cream; concentrated or containing added sugar or other sweetening matter,209226365,57203849,0
2012-03-01,New Zealand,0403,"Buttermilk, curdled milk and cream, yoghurt, kephir, fermented or acidified milk or cream, whether or not concentrated, containing added sugar, sweetening matter, flavoured or added fruit or cocoa",3873852,1187513,0
2012-03-01,New Zealand,0404,"Whey and products consisting of natural milk constituents; whether or not containing added sugar or other sweetening matter, not elsewhere specified or included",5222297,585081,0
2012-03-01,New Zealand,0405,Butter and other fats and oils derived from milk; dairy spreads,23832203,5656175,0
2012-03-01,New Zealand,0406,Cheese and curd,5795463,1326562,0
2012-04-01,EU-27,0401,Milk and cream; not concentrated nor containing added sugar or other sweetening matter,3690473,3275581,0
2012-04-01,EU-27,0402,Milk and cream; concentrated or containing added sugar or other sweetening matter,10677468,3115130,0
2012-04-01,EU-27,0403,"Buttermilk, curdled milk and cream, yoghurt, kephir, fermented or acidified milk or cream, whether or not concentrated, containing added sugar, sweetening matter, flavoured or added fruit or cocoa",909788,298374,0
2012-04-01,EU-27,0404,"Whey and products consisting of natural milk constituents; whether or not containing added sugar or other sweetening matter, not elsewhere specified or included",29186612,12320905,0
2012-04-01,EU-27,0405,Butter and other fats and oils derived from milk; dairy spreads,1225267,186303,0
2012-04-01,EU-27,0406,Cheese and curd,1986078,251529,0
2012-04-01,New Zealand,0401,Milk and cream; not concentrated nor containing added sugar or other sweetening matter,3115099,1804434,0
2012-04-01,New Zealand,0402,Milk and cream; concentrated or containing added sugar or other sweetening matter,124246987,34004351,0
2012-04-01,New Zealand,0403,"Buttermilk, curdled milk and cream, yoghurt, kephir, fermented or acidified milk or cream, whether or not concentrated, containing added sugar, sweetening matter, flavoured or added fruit or cocoa",2028564,586846,0
2012-04-01,New Zealand,0404,"Whey and products consisting of natural milk constituents; whether or not containing added sugar or other sweetening matter, not elsewhere specified or included",1794227,232965,0
2012-04-01,New Zealand,0405,Butter and other fats and oils derived from milk; dairy spreads,14723458,3565839,0
2012-04-01,New Zealand,0406,Cheese and curd,6709326,1504386,0
2012-05-01,EU-27,0401,Milk and cream; not concentrated nor containing added sugar or other sweetening matter,3225830,3058446,0
2012-05-01,EU-27,0402,Milk and cream; concentrated or containing added sugar or other sweetening matter,16967112,5117475,0
2012-05-01,EU-27,0403,"Buttermilk, curdled milk and cream, yoghurt, kephir, fermented or acidified milk or cream, whether or not concentrated, containing added sugar, sweetening matter, flavoured or added fruit or cocoa",820847,293415,0
2012-05-01,EU-27,0404,"Whey and products consisting of natural milk constituents; whether or not containing added sugar or other sweetening matter, not elsewhere specified or included",37354894,15220585,0
2012-05-01,EU-27,0405,Butter and other fats and oils derived from milk; dairy spreads,1006656,160711,0
2012-05-01,EU-27,0406,Cheese and curd,1995895,275615,0
2012-05-01,New Zealand,0401,Milk and cream; not concentrated nor containing added sugar or other sweetening matter,3027351,1811283,0
2012-05-01,New Zealand,0402,Milk and cream; concentrated or containing added sugar or other sweetening matter,126592097,34959439,0
2012-05-01,New Zealand,0403,"Buttermilk, curdled milk and cream, yoghurt, kephir, fermented or acidified milk or cream, whether or not concentrated, containing added sugar, sweetening matter, flavoured or added fruit or cocoa",1224040,319463,0
2012-05-01,New Zealand,0404,"Whey and products consisting of natural milk constituents; whether or not containing added sugar or other sweetening matter, not elsewhere specified or included",5011914,560050,0
2012-05-01,New Zealand,0405,Butter and other fats and oils derived from milk; dairy spreads,13602471,3263829,0
2012-05-01,New Zealand,0406,Cheese and curd,7858444,1815497,0
2012-06-01,EU-27,0401,"Milk and cream; not concentrated, not containing added sugar or other sweetening matter",3399565,3760955,0
2012-06-01,EU-27,0402,Milk and cream; concentrated or containing added sugar or other sweetening matter,8513452,2663628,0
2012-06-01,EU-27,0403,"Buttermilk, curdled milk and cream, yoghurt, kephir, fermented or acidified milk or cream, whether or not concentrated, containing added sugar, sweetening matter, flavoured or added fruit or cocoa",279530,99085,0
2012-06-01,EU-27,0404,"Whey and products consisting of natural milk constituents; whether or not containing added sugar or other sweetening matter, not elsewhere specified or included",28583660,10856981,0
2012-06-01,EU-27,0405,Butter and other fats and oils derived from milk; dairy spreads,1012325,162165,0
2012-06-01,EU-27,0406,Cheese and curd,2503865,374648,0
2012-06-01,New Zealand,0401,"Milk and cream; not concentrated, not containing added sugar or other sweetening matter",3027337,1505379,0
2012-06-01,New Zealand,0402,Milk and cream; concentrated or containing added sugar or other sweetening matter,104673714,29333728,0
2012-06-01,New Zealand,0403,"Buttermilk, curdled milk and cream, yoghurt, kephir, fermented or acidified milk or cream, whether or not concentrated, containing added sugar, sweetening matter, flavoured or added fruit or cocoa",368822,76854,0
2012-06-01,New Zealand,0404,"Whey and products consisting of natural milk constituents; whether or not containing added sugar or other sweetening matter, not elsewhere specified or included",529114,63560,0
2012-06-01,New Zealand,0405,Butter and other fats and oils derived from milk; dairy spreads,14378716,3518114,0
2012-06-01,New Zealand,0406,Cheese and curd,5892201,1302701,0
2012-07-01,EU-27,0401,"Milk and cream; not concentrated, not containing added sugar or other sweetening matter",3531608,4038131,0
2012-07-01,EU-27,0402,Milk and cream; concentrated or containing added sugar or other sweetening matter,8369772,2756437,0
2012-07-01,EU-27,0403,"Buttermilk, curdled milk and cream, yoghurt, kephir, fermented or acidified milk or cream, whether or not concentrated, containing added sugar, sweetening matter, flavoured or added fruit or cocoa",403054,169066,0
2012-07-01,EU-27,0404,"Whey and products consisting of natural milk constituents; whether or not containing added sugar or other sweetening matter, not elsewhere specified or included",36082509,13183964,0
2012-07-01,EU-27,0405,Butter and other fats and oils derived from milk; dairy spreads,1302193,215623,0
2012-07-01,EU-27,0406,Cheese and curd,2486936,332201,0
2012-07-01,New Zealand,0401,"Milk and cream; not concentrated, not containing added sugar or other sweetening matter",2445751,1292532,0
2012-07-01,New Zealand,0402,Milk and cream; concentrated or containing added sugar or other sweetening matter,124185633,37286577,0
2012-07-01,New Zealand,0403,"Buttermilk, curdled milk and cream, yoghurt, kephir, fermented or acidified milk or cream, whether or not concentrated, containing added sugar, sweetening matter, flavoured or added fruit or cocoa",382371,41980,0
2012-07-01,New Zealand,0404,"Whey and products consisting of natural milk constituents; whether or not containing added sugar or other sweetening matter, not elsewhere specified or included",4449793,538420,0
2012-07-01,New Zealand,0405,Butter and other fats and oils derived from milk; dairy spreads,14023525,3747417,0
2012-07-01,New Zealand,0406,Cheese and curd,6672368,1478944,0
2012-08-01,EU-27,0401,"Milk and cream; not concentrated, not containing added sugar or other sweetening matter",4319546,4843463,0
2012-08-01,EU-27,0402,Milk and cream; concentrated or containing added sugar or other sweetening matter,6573646,2320372,0
2012-08-01,EU-27,0403,"Buttermilk, curdled milk and cream, yoghurt, kephir, fermented or acidified milk or cream, whether or not concentrated, containing added sugar, sweetening matter, flavoured or added fruit or cocoa",499805,249144,0
2012-08-01,EU-27,0404,"Whey and products consisting of natural milk constituents; whether or not containing added sugar or other sweetening matter, not elsewhere specified or included",32095917,11969509,0
2012-08-01,EU-27,0405,Butter and other fats and oils derived from milk; dairy spreads,1326970,229085,0
2012-08-01,EU-27,0406,Cheese and curd,2887426,421989,0
2012-08-01,New Zealand,0401,"Milk and cream; not concentrated, not containing added sugar or other sweetening matter",4086914,2407697,0
2012-08-01,New Zealand,0402,Milk and cream; concentrated or containing added sugar or other sweetening matter,158753797,51555537,0
2012-08-01,New Zealand,0403,"Buttermilk, curdled milk and cream, yoghurt, kephir, fermented or acidified milk or cream, whether or not concentrated, containing added sugar, sweetening matter, flavoured or added fruit or cocoa",612057,131265,0
2012-08-01,New Zealand,0404,"Whey and products consisting of natural milk constituents; whether or not containing added sugar or other sweetening matter, not elsewhere specified or included",11203063,1269248,0
2012-08-01,New Zealand,0405,Butter and other fats and oils derived from milk; dairy spreads,10729449,3026583,0
2012-08-01,New Zealand,0406,Cheese and curd,5893478,1326258,0
2012-09-01,EU-27,0401,"Milk and cream; not concentrated, not containing added sugar or other sweetening matter",4168803,4269838,0
2012-09-01,EU-27,0402,Milk and cream; concentrated or containing added sugar or other sweetening matter,7714332,2564912,0
2012-09-01,EU-27,0403,"Buttermilk, curdled milk and cream, yoghurt, kephir, fermented or acidified milk or cream, whether or not concentrated, containing added sugar, sweetening matter, flavoured or added fruit or cocoa",496665,213614,0
2012-09-01,EU-27,0404,"Whey and products consisting of natural milk constituents; whether or not containing added sugar or other sweetening matter, not elsewhere specified or included",30549347,11499826,0
2012-09-01,EU-27,0405,Butter and other fats and oils derived from milk; dairy spreads,1191129,188356,0
2012-09-01,EU-27,0406,Cheese and curd,1938793,266857,0
2012-09-01,New Zealand,0401,"Milk and cream; not concentrated, not containing added sugar or other sweetening matter",4509631,2207491,0
2012-09-01,New Zealand,0402,Milk and cream; concentrated or containing added sugar or other sweetening matter,74945952,24529117,0
2012-09-01,New Zealand,0403,"Buttermilk, curdled milk and cream, yoghurt, kephir, fermented or acidified milk or cream, whether or not concentrated, containing added sugar, sweetening matter, flavoured or added fruit or cocoa",146300,14643,0
2012-09-01,New Zealand,0404,"Whey and products consisting of natural milk constituents; whether or not containing added sugar or other sweetening matter, not elsewhere specified or included",1200782,149120,0
2012-09-01,New Zealand,0405,Butter and other fats and oils derived from milk; dairy spreads,10162926,2851971,0
2012-09-01,New Zealand,0406,Cheese and curd,6229994,1375546,0
2016-01-01,EU-27,0401,"Milk and cream; not concentrated, not containing added sugar or other sweetening matter",24648011,33474044.723,33474044.723
2016-01-01,EU-27,0402,Milk and cream; concentrated or containing added sugar or other sweetening matter,17629209,8308779.749,8308779.749
2016-01-01,EU-27,0403,"Buttermilk, curdled milk and cream, yoghurt, kephir, fermented or acidified milk or cream, whether or not concentrated, containing added sugar, sweetening matter, flavoured or added fruit or cocoa",789012,510961.965,510961.965
2016-01-01,EU-27,0404,"Whey and products consisting of natural milk constituents; whether or not containing added sugar or other sweetening matter, not elsewhere specified or included",21819988,20486929.669999998,20486929.669999998
2016-01-01,EU-27,0405,Butter and other fats and oils derived from milk; dairy spreads,3526757,928987.25,928987.25
2016-01-01,EU-27,0406,Cheese and curd,6353522,1381079.83,1381079.83
2016-01-01,New Zealand,0401,"Milk and cream; not concentrated, not containing added sugar or other sweetening matter",12546655,10742066.298,10742066.298
2016-01-01,New Zealand,0402,Milk and cream; concentrated or containing added sugar or other sweetening matter,325828414,123657902.756,123657902.756
2016-01-01,New Zealand,0403,"Buttermilk, curdled milk and cream, yoghurt, kephir, fermented or acidified milk or cream, whether or not concentrated, containing added sugar, sweetening matter, flavoured or added fruit or cocoa",1302252,872031.284,872031.284
2016-01-01,New Zealand,0404,"Whey and products consisting of natural milk constituents; whether or not containing added sugar or other sweetening matter, not elsewhere specified or included",1448460,763896.697,763896.697
2016-01-01,New Zealand,0405,Butter and other fats and oils derived from milk; dairy spreads,43994982,11573774.542,11573774.542
2016-01-01,New Zealand,0406,Cheese and curd,23768502,5914304.579,5914304.579
2016-02-01,EU-27,0401,"Milk and cream; not concentrated, not containing added sugar or other sweetening matter",14071249,19103367.204,19103367.204
2016-02-01,EU-27,0402,Milk and cream; concentrated or containing added sugar or other sweetening matter,8438838,3981547.413,3981547.413
2016-02-01,EU-27,0403,"Buttermilk, curdled milk and cream, yoghurt, kephir, fermented or acidified milk or cream, whether or not concentrated, containing added sugar, sweetening matter, flavoured or added fruit or cocoa",1034526,669717.534,669717.534
2016-02-01,EU-27,0404,"Whey and products consisting of natural milk constituents; whether or not containing added sugar or other sweetening matter, not elsewhere specified or included",12214628,11382078.94,11382078.94
2016-02-01,EU-27,0405,Butter and other fats and oils derived from milk; dairy spreads,2427312,636204.179,636204.179
2016-02-01,EU-27,0406,Cheese and curd,3774632,819759.1309999999,819759.1309999999
2016-02-01,New Zealand,0401,"Milk and cream; not concentrated, not containing added sugar or other sweetening matter",10988144,8404597.688,8404597.688
2016-02-01,New Zealand,0402,Milk and cream; concentrated or containing added sugar or other sweetening matter,111647384,43434766.992,43434766.992
2016-02-01,New Zealand,0403,"Buttermilk, curdled milk and cream, yoghurt, kephir, fermented or acidified milk or cream, whether or not concentrated, containing added sugar, sweetening matter, flavoured or added fruit or cocoa",2110497,1402066.197,1402066.197
2016-02-01,New Zealand,0404,"Whey and products consisting of natural milk constituents; whether or not containing added sugar or other sweetening matter, not elsewhere specified or included",1201112,645278.01,645278.01
2016-02-01,New Zealand,0405,Butter and other fats and oils derived from milk; dairy spreads,24054653,6319753.861,6319753.861
2016-02-01,New Zealand,0406,Cheese and curd,20194525,5214639.744,5214639.744
2016-03-01,EU-27,0401,"Milk and cream; not concentrated, not containing added sugar or other sweetening matter",33643103,46673485.158,46673485.158
2016-03-01,EU-27,0402,Milk and cream; concentrated or containing added sugar or other sweetening matter,15065748,7295340.137,7298951.113
2016-03-01,EU-27,0403,"Buttermilk, curdled milk and cream, yoghurt, kephir, fermented or acidified milk or cream, whether or not concentrated, containing added sugar, sweetening matter, flavoured or added fruit or cocoa",2349128,1522335.434,1522335.434
2016-03-01,EU-27,0404,"Whey and products consisting of natural milk constituents; whether or not containing added sugar or other sweetening matter, not elsewhere specified or included",17856422,16575817.555,16575817.555
2016-03-01,EU-27,0405,Butter and other fats and oils derived from milk; dairy spreads,3827521,1000874.312,1000874.312
2016-03-01,EU-27,0406,Cheese and curd,6253005,1354386.752,1354386.752
2016-03-01,New Zealand,0401,"Milk and cream; not concentrated, not containing added sugar or other sweetening matter",15703543,15649450.759,15649450.759
2016-03-01,New Zealand,0402,Milk and cream; concentrated or containing added sugar or other sweetening matter,136315820,52616863.622,52616863.622
2016-03-01,New Zealand,0403,"Buttermilk, curdled milk and cream, yoghurt, kephir, fermented or acidified milk or cream, whether or not concentrated, containing added sugar, sweetening matter, flavoured or added fruit or cocoa",744061,494716.912,494716.912
2016-03-01,New Zealand,0404,"Whey and products consisting of natural milk constituents; whether or not containing added sugar or other sweetening matter, not elsewhere specified or included",739096,516608.612,516608.612
2016-03-01,New Zealand,0405,Butter and other fats and oils derived from milk; dairy spreads,16287355,4299095.181,4299095.181
2016-03-01,New Zealand,0406,Cheese and curd,13485725,3249677.076,3249677.076
2016-04-01,EU-27,0401,"Milk and cream; not concentrated, not containing added sugar or other sweetening matter",35494926,49002409.452,49002409.452
2016-04-01,EU-27,0402,Milk and cream; concentrated or containing added sugar or other sweetening matter,16240483,7640086.032,7982395.622
2016-04-01,EU-27,0403,"Buttermilk, curdled milk and cream, yoghurt, kephir, fermented or acidified milk or cream, whether or not concentrated, containing added sugar, sweetening matter, flavoured or added fruit or cocoa",2091286,1353065.956,1353065.956
2016-04-01,EU-27,0404,"Whey and products consisting of natural milk constituents; whether or not containing added sugar or other sweetening matter, not elsewhere specified or included",18762219,17560135.05,17560135.05
2016-04-01,EU-27,0405,Butter and other fats and oils derived from milk; dairy spreads,3995631,1045563.997,1045563.997
2016-04-01,EU-27,0406,Cheese and curd,4841847,1052618.652,1052618.652
2016-04-01,New Zealand,0401,"Milk and cream; not concentrated, not containing added sugar or other sweetening matter",13603666,13213306.289,13213306.289
2016-04-01,New Zealand,0402,Milk and cream; concentrated or containing added sugar or other sweetening matter,77937874,29862114.991,29862114.991
2016-04-01,New Zealand,0403,"Buttermilk, curdled milk and cream, yoghurt, kephir, fermented or acidified milk or cream, whether or not concentrated, containing added sugar, sweetening matter, flavoured or added fruit or cocoa",579887,382120.687,382120.687
2016-04-01,New Zealand,0404,"Whey and products consisting of natural milk constituents; whether or not containing added sugar or other sweetening matter, not elsewhere specified or included",1049586,623336.001,623336.001
2016-04-01,New Zealand,0405,Butter and other fats and oils derived from milk; dairy spreads,15140039,3956410.392,3956410.392
2016-04-01,New Zealand,0406,Cheese and curd,14689037,3520489.273,3520489.273
2016-05-01,EU-27,0401,"Milk and cream; not concentrated, not containing added sugar or other sweetening matter",38733832,56820189.135,56820189.135
2016-05-01,EU-27,0402,Milk and cream; concentrated or containing added sugar or other sweetening matter,16312868,7869222.051,7869222.051
2016-05-01,EU-27,0403,"Buttermilk, curdled milk and cream, yoghurt, kephir, fermented or acidified milk or cream, whether or not concentrated, containing added sugar, sweetening matter, flavoured or added fruit or cocoa",2171870,1409616.879,1409616.879
2016-05-01,EU-27,0404,"Whey and products consisting of natural milk constituents; whether or not containing added sugar or other sweetening matter, not elsewhere specified or included",17150955,16132043.445,16132043.445
2016-05-01,EU-27,0405,Butter and other fats and oils derived from milk; dairy spreads,4811329,1263541.719,1263541.719
2016-05-01,EU-27,0406,Cheese and curd,6580781,1436895.195,1436895.195
2016-05-01,New Zealand,0401,"Milk and cream; not concentrated, not containing added sugar or other sweetening matter",13789943,14806980.68,14806980.68
2016-05-01,New Zealand,0402,Milk and cream; concentrated or containing added sugar or other sweetening matter,80012886,30526339.936,30526339.936
2016-05-01,New Zealand,0403,"Buttermilk, curdled milk and cream, yoghurt, kephir, fermented or acidified milk or cream, whether or not concentrated, containing added sugar, sweetening matter, flavoured or added fruit or cocoa",512808,343266.338,343266.338
2016-05-01,New Zealand,0404,"Whey and products consisting of natural milk constituents; whether or not containing added sugar or other sweetening matter, not elsewhere specified or included",1113338,420960.071,420960.071
2016-05-01,New Zealand,0405,Butter and other fats and oils derived from milk; dairy spreads,11879858,3110273.059,3110273.059
2016-05-01,New Zealand,0406,Cheese and curd,13426423,3215778.015,3215778.015
2016-06-01,EU-27,0401,"Milk and cream; not concentrated, not containing added sugar or other sweetening matter",32801844,43518848.244,43518848.244
2016-06-01,EU-27,0402,Milk and cream; concentrated or containing added sugar or other sweetening matter,14284262,6724825.046,6724825.046
2016-06-01,EU-27,0403,"Buttermilk, curdled milk and cream, yoghurt, kephir, fermented or acidified milk or cream, whether or not concentrated, containing added sugar, sweetening matter, flavoured or added fruit or cocoa",1509586,977097.091,977097.091
2016-06-01,EU-27,0404,"Whey and products consisting of natural milk constituents; whether or not containing added sugar or other sweetening matter, not elsewhere specified or included",17191767,16170249.956,16170249.956
2016-06-01,EU-27,0405,Butter and other fats and oils derived from milk; dairy spreads,3811100,995531.237,995531.237
2016-06-01,EU-27,0406,Cheese and curd,5594793,1240741.301,1240741.301
2016-06-01,New Zealand,0401,"Milk and cream; not concentrated, not containing added sugar or other sweetening matter",15559162,15415319.186,15415319.186
2016-06-01,New Zealand,0402,Milk and cream; concentrated or containing added sugar or other sweetening matter,65848265,25549733.275,25549733.275
2016-06-01,New Zealand,0403,"Buttermilk, curdled milk and cream, yoghurt, kephir, fermented or acidified milk or cream, whether or not concentrated, containing added sugar, sweetening matter, flavoured or added fruit or cocoa",785506,524230.366,524230.366
2016-06-01,New Zealand,0404,"Whey and products consisting of natural milk constituents; whether or not containing added sugar or other sweetening matter, not elsewhere specified or included",559345,233826.329,233826.329
2016-06-01,New Zealand,0405,Butter and other fats and oils derived from milk; dairy spreads,20620664,5391116.693,5391116.693
2016-06-01,New Zealand,0406,Cheese and curd,15950696,3818348.943,3818348.943
2016-07-01,EU-27,0401,"Milk and cream; not concentrated, not containing added sugar or other sweetening matter",32770483,43577382.415,43577382.415
2016-07-01,EU-27,0402,Milk and cream; concentrated or containing added sugar or other sweetening matter,8872773,4541921.63,4541921.63
2016-07-01,EU-27,0403,"Buttermilk, curdled milk and cream, yoghurt, kephir, fermented or acidified milk or cream, whether or not concentrated, containing added sugar, sweetening matter, flavoured or added fruit or cocoa",1724497,1117360.2179999999,1117360.2179999999
2016-07-01,EU-27,0404,"Whey and products consisting of natural milk constituents; whether or not containing added sugar or other sweetening matter, not elsewhere specified or included",16977942,15978468.092,15978468.092
2016-07-01,EU-27,0405,Butter and other fats and oils derived from milk; dairy spreads,3656150,965784.495,965784.495
2016-07-01,EU-27,0406,Cheese and curd,6887627,1496832.555,1496832.555
2016-07-01,New Zealand,0401,"Milk and cream; not concentrated, not containing added sugar or other sweetening matter",14851179,12050390.191,12050390.191
2016-07-01,New Zealand,0402,Milk and cream; concentrated or containing added sugar or other sweetening matter,69528067,26993217.877,26993217.877
2016-07-01,New Zealand,0403,"Buttermilk, curdled milk and cream, yoghurt, kephir, fermented or acidified milk or cream, whether or not concentrated, containing added sugar, sweetening matter, flavoured or added fruit or cocoa",879212,576987.771,576987.771
2016-07-01,New Zealand,0404,"Whey and products consisting of natural milk constituents; whether or not containing added sugar or other sweetening matter, not elsewhere specified or included",945142,443068.054,443068.054
2016-07-01,New Zealand,0405,Butter and other fats and oils derived from milk; dairy spreads,22765134,5935087.343,5935087.343
2016-07-01,New Zealand,0406,Cheese and curd,17857423,4349869.753,4349869.753
2016-08-01,EU-27,0401,"Milk and cream; not concentrated, not containing added sugar or other sweetening matter",31879043,42575725.919,42575725.919
2016-08-01,EU-27,0402,Milk and cream; concentrated or containing added sugar or other sweetening matter,16050953,7375690.5600000005,7375690.5600000005
2016-08-01,EU-27,0403,"Buttermilk, curdled milk and cream, yoghurt, kephir, fermented or acidified milk or cream, whether or not concentrated, containing added sugar, sweetening matter, flavoured or added fruit or cocoa",2305416,1491607.106,1491607.106
2016-08-01,EU-27,0404,"Whey and products consisting of natural milk constituents; whether or not containing added sugar or other sweetening matter, not elsewhere specified or included",22607185,21198219.675,21198219.675
2016-08-01,EU-27,0405,Butter and other fats and oils derived from milk; dairy spreads,3706877,973373.288,973373.288
2016-08-01,EU-27,0406,Cheese and curd,5892795,1273967.629,1273967.629
2016-08-01,New Zealand,0401,"Milk and cream; not concentrated, not containing added sugar or other sweetening matter",11590089,13905453.733,13905453.733
2016-08-01,New Zealand,0402,Milk and cream; concentrated or containing added sugar or other sweetening matter,59055222,23547690.779,23547690.779
2016-08-01,New Zealand,0403,"Buttermilk, curdled milk and cream, yoghurt, kephir, fermented or acidified milk or cream, whether or not concentrated, containing added sugar, sweetening matter, flavoured or added fruit or cocoa",441887,295890.77,295890.77
2016-08-01,New Zealand,0404,"Whey and products consisting of natural milk constituents; whether or not containing added sugar or other sweetening matter, not elsewhere specified or included",814927,440798.927,440798.927
2016-08-01,New Zealand,0405,Butter and other fats and oils derived from milk; dairy spreads,23085038,6080040.637,6080040.637
2016-08-01,New Zealand,0406,Cheese and curd,17181510,4172154.099,4172154.099
2016-09-01,EU-27,0401,"Milk and cream; not concentrated, not containing added sugar or other sweetening matter",24721853,34319006.331,34319006.331
2016-09-01,EU-27,0402,Milk and cream; concentrated or containing added sugar or other sweetening matter,13283996,6250163.498,6250163.498
2016-09-01,EU-27,0403,"Buttermilk, curdled milk and cream, yoghurt, kephir, fermented or acidified milk or cream, whether or not concentrated, containing added sugar, sweetening matter, flavoured or added fruit or cocoa",1278865,827550.4670000001,827550.4670000001
2016-09-01,EU-27,0404,"Whey and products consisting of natural milk constituents; whether or not containing added sugar or other sweetening matter, not elsewhere specified or included",19103291,17893560.56,17893560.56
2016-09-01,EU-27,0405,Butter and other fats and oils derived from milk; dairy spreads,3869958,1021492.735,1021492.735
2016-09-01,EU-27,0406,Cheese and curd,5192945,1133751.7280000001,1133751.7280000001
2016-09-01,New Zealand,0401,"Milk and cream; not concentrated, not containing added sugar or other sweetening matter",19481660,17951515.842,17951515.842
2016-09-01,New Zealand,0402,Milk and cream; concentrated or containing added sugar or other sweetening matter,22771956,9261464.749,9261464.749
2016-09-01,New Zealand,0403,"Buttermilk, curdled milk and cream, yoghurt, kephir, fermented or acidified milk or cream, whether or not concentrated, containing added sugar, sweetening matter, flavoured or added fruit or cocoa",780539,509431.241,509431.241
2016-09-01,New Zealand,0404,"Whey and products consisting of natural milk constituents; whether or not containing added sugar or other sweetening matter, not elsewhere specified or included",1136616,569230.502,569230.502
2016-09-01,New Zealand,0405,Butter and other fats and oils derived from milk; dairy spreads,15542034,4076825.05,4076825.05
2016-09-01,New Zealand,0406,Cheese and curd,16442299,4071754.988,4071754.988
2016-10-01,EU-27,0401,"Milk and cream; not concentrated, not containing added sugar or other sweetening matter",22179072,31623268.891,31623268.891
2016-10-01,EU-27,0402,Milk and cream; concentrated or containing added sugar or other sweetening matter,10855119,5064518.315,5064518.315
2016-10-01,EU-27,0403,"Buttermilk, curdled milk and cream, yoghurt, kephir, fermented or acidified milk or cream, whether or not concentrated, containing added sugar, sweetening matter, flavoured or added fruit or cocoa",1783132,1153123.5089999998,1153123.5089999998
2016-10-01,EU-27,0404,"Whey and products consisting of natural milk constituents; whether or not containing added sugar or other sweetening matter, not elsewhere specified or included",17152301,16142278.4,16142278.4
2016-10-01,EU-27,0405,Butter and other fats and oils derived from milk; dairy spreads,2861255,752115.156,752115.156
2016-10-01,EU-27,0406,Cheese and curd,6102702,1336061.252,1336061.252
2016-10-01,New Zealand,0401,"Milk and cream; not concentrated, not containing added sugar or other sweetening matter",20163987,18299545.168,18299545.168
2016-10-01,New Zealand,0402,Milk and cream; concentrated or containing added sugar or other sweetening matter,32312292,12812800.692,12812800.692
2016-10-01,New Zealand,0403,"Buttermilk, curdled milk and cream, yoghurt, kephir, fermented or acidified milk or cream, whether or not concentrated, containing added sugar, sweetening matter, flavoured or added fruit or cocoa",284224,187050.249,187050.249
2016-10-01,New Zealand,0404,"Whey and products consisting of natural milk constituents; whether or not containing added sugar or other sweetening matter, not elsewhere specified or included",804797,578165.576,578165.576
2016-10-01,New Zealand,0405,Butter and other fats and oils derived from milk; dairy spreads,14345286,3709809.32,3709809.32
2016-10-01,New Zealand,0406,Cheese and curd,22097881,5461057.344,5461057.344
2016-11-01,EU-27,0401,"Milk and cream; not concentrated, not containing added sugar or other sweetening matter",27653995,40683625.427,40683625.427
2016-11-01,EU-27,0402,Milk and cream; concentrated or containing added sugar or other sweetening matter,14798397,7204266.956,7204266.956
2016-11-01,EU-27,0403,"Buttermilk, curdled milk and cream, yoghurt, kephir, fermented or acidified milk or cream, whether or not concentrated, containing added sugar, sweetening matter, flavoured or added fruit or cocoa",3750474,2428276.597,2428276.597
2016-11-01,EU-27,0404,"Whey and products consisting of natural milk constituents; whether or not containing added sugar or other sweetening matter, not elsewhere specified or included",18273012,17056362.049,17056362.049
2016-11-01,EU-27,0405,Butter and other fats and oils derived from milk; dairy spreads,4479298,1179901.083,1179901.083
2016-11-01,EU-27,0406,Cheese and curd,6203676,1345272.129,1345272.129
2016-11-01,New Zealand,0401,"Milk and cream; not concentrated, not containing added sugar or other sweetening matter",20502044,18761479.297,18761479.297
2016-11-01,New Zealand,0402,Milk and cream; concentrated or containing added sugar or other sweetening matter,88372146,33870684.358,33870684.358
2016-11-01,New Zealand,0403,"Buttermilk, curdled milk and cream, yoghurt, kephir, fermented or acidified milk or cream, whether or not concentrated, containing added sugar, sweetening matter, flavoured or added fruit or cocoa",1489996,997620.867,997620.867
2016-11-01,New Zealand,0404,"Whey and products consisting of natural milk constituents; whether or not containing added sugar or other sweetening matter, not elsewhere specified or included",2244791,1224303.562,1224303.562
2016-11-01,New Zealand,0405,Butter and other fats and oils derived from milk; dairy spreads,19723705,5109797.953,5109797.953
2016-11-01,New Zealand,0406,Cheese and curd,26782647,6827440.223,6827440.223
2016-12-01,EU-27,0401,"Milk and cream; not concentrated, not containing added sugar or other sweetening matter",21037527,29165816.263,29165816.263
2016-12-01,EU-27,0402,Milk and cream; concentrated or containing added sugar or other sweetening matter,17440498,8012472.773,8012472.773
2016-12-01,EU-27,0403,"Buttermilk, curdled milk and cream, yoghurt, kephir, fermented or acidified milk or cream, whether or not concentrated, containing added sugar, sweetening matter, flavoured or added fruit or cocoa",2296730,1487565.5219999999,1487565.5219999999
2016-12-01,EU-27,0404,"Whey and products consisting of natural milk constituents; whether or not containing added sugar or other sweetening matter, not elsewhere specified or included",15815977,14791631.274,14791631.274
2016-12-01,EU-27,0405,Butter and other fats and oils derived from milk; dairy spreads,2611619,694249.118,694249.118
2016-12-01,EU-27,0406,Cheese and curd,6157926,1329134.376,1329134.376
2016-12-01,New Zealand,0401,"Milk and cream; not concentrated, not containing added sugar or other sweetening matter",19675267,21372257.432,21372257.432
2016-12-01,New Zealand,0402,Milk and cream; concentrated or containing added sugar or other sweetening matter,94345068,35629592.106,35629592.106
2016-12-01,New Zealand,0403,"Buttermilk, curdled milk and cream, yoghurt, kephir, fermented or acidified milk or cream, whether or not concentrated, containing added sugar, sweetening matter, flavoured or added fruit or cocoa",253425,169654.863,169654.863
2016-12-01,New Zealand,0404,"Whey and products consisting of natural milk constituents; whether or not containing added sugar or other sweetening matter, not elsewhere specified or included",1604419,949369.628,949369.628
2016-12-01,New Zealand,0405,Butter and other fats and oils derived from milk; dairy spreads,21203127,5519909.982,5519909.982
2016-12-01,New Zealand,0406,Cheese and curd,14515586,3497154.196,3497154.196
2017-01-01,EU-27,0401,"Milk and cream; not concentrated, not containing added sugar or other sweetening matter",16116362,20425417.45,20425417.45
2017-01-01,EU-27,0402,Milk and cream; concentrated or containing added sugar or other sweetening matter,21572569,8641627.343,8641627.343
2017-01-01,EU-27,0403,"Buttermilk, curdled milk and cream, yoghurt, kephir, fermented or acidified milk or cream, whether or not concentrated, containing added sugar, sweetening matter, flavoured or added fruit or cocoa",1403067,881414.5430000001,881414.5430000001
2017-01-01,EU-27,0404,"Whey and products consisting of natural milk constituents; whether or not containing added sugar or other sweetening matter, not elsewhere specified or included",18939642,15209578.831,15209578.831
2017-01-01,EU-27,0405,Butter and other fats and oils derived from milk; dairy spreads,3381682,654063.308,654063.308
2017-01-01,EU-27,0406,Cheese and curd,4317913,891918.738,891918.738
2017-01-01,New Zealand,0401,"Milk and cream; not concentrated, not containing added sugar or other sweetening matter",18333537,16299592.023,16299592.023
2017-01-01,New Zealand,0402,Milk and cream; concentrated or containing added sugar or other sweetening matter,348640177,109667074.402,109667074.402
2017-01-01,New Zealand,0403,"Buttermilk, curdled milk and cream, yoghurt, kephir, fermented or acidified milk or cream, whether or not concentrated, containing added sugar, sweetening matter, flavoured or added fruit or cocoa",114394,72555.474,72555.474
2017-01-01,New Zealand,0404,"Whey and products consisting of natural milk constituents; whether or not containing added sugar or other sweetening matter, not elsewhere specified or included",1036321,525273.125,525273.125
2017-01-01,New Zealand,0405,Butter and other fats and oils derived from milk; dairy spreads,42733790,8203405.451,8203405.451
2017-01-01,New Zealand,0406,Cheese and curd,27129038,6366081.496,6366081.496
2017-02-01,EU-27,0401,"Milk and cream; not concentrated, not containing added sugar or other sweetening matter",16038795,19652920.654,19652920.654
2017-02-01,EU-27,0402,Milk and cream; concentrated or containing added sugar or other sweetening matter,20084390,8549089.993,8549089.993
2017-02-01,EU-27,0403,"Buttermilk, curdled milk and cream, yoghurt, kephir, fermented or acidified milk or cream, whether or not concentrated, containing added sugar, sweetening matter, flavoured or added fruit or cocoa",2071180,1280276.999,1280276.999
2017-02-01,EU-27,0404,"Whey and products consisting of natural milk constituents; whether or not containing added sugar or other sweetening matter, not elsewhere specified or included",23798223,19417931.588,19417931.588
2017-02-01,EU-27,0405,Butter and other fats and oils derived from milk; dairy spreads,3601009,643723.794,643723.794
2017-02-01,EU-27,0406,Cheese and curd,5845798,1226481.6940000001,1226481.6940000001
2017-02-01,New Zealand,0401,"Milk and cream; not concentrated, not containing added sugar or other sweetening matter",24038313,22731603.939,22731603.939
2017-02-01,New Zealand,0402,Milk and cream; concentrated or containing added sugar or other sweetening matter,185278680,60211804.041,60211804.041
2017-02-01,New Zealand,0403,"Buttermilk, curdled milk and cream, yoghurt, kephir, fermented or acidified milk or cream, whether or not concentrated, containing added sugar, sweetening matter, flavoured or added fruit or cocoa",1176850,743935.699,743935.699
2017-02-01,New Zealand,0404,"Whey and products consisting of natural milk constituents; whether or not containing added sugar or other sweetening matter, not elsewhere specified or included",1414322,949146.019,949146.019
2017-02-01,New Zealand,0405,Butter and other fats and oils derived from milk; dairy spreads,25504431,4638673.725,4638673.725
2017-02-01,New Zealand,0406,Cheese and curd,19934700,4738251.095,4738251.095
2017-03-01,EU-27,0401,"Milk and cream; not concentrated, not containing added sugar or other sweetening matter",24344470,29869697.854000002,29869697.854000002
2017-03-01,EU-27,0402,Milk and cream; concentrated or containing added sugar or other sweetening matter,27076574,11585237.002,11585237.002
2017-03-01,EU-27,0403,"Buttermilk, curdled milk and cream, yoghurt, kephir, fermented or acidified milk or cream, whether or not concentrated, containing added sugar, sweetening matter, flavoured or added fruit or cocoa",3322403,2056491.993,2056491.993
2017-03-01,EU-27,0404,"Whey and products consisting of natural milk constituents; whether or not containing added sugar or other sweetening matter, not elsewhere specified or included",20179049,16530914.369,16530914.369
2017-03-01,EU-27,0405,Butter and other fats and oils derived from milk; dairy spreads,5209101,943299.3400000001,943299.3400000001
2017-03-01,EU-27,0406,Cheese and curd,6518097,1376321.1099999999,1376321.1099999999
2017-03-01,New Zealand,0401,"Milk and cream; not concentrated, not containing added sugar or other sweetening matter",19273317,20242184.673,20242184.673
2017-03-01,New Zealand,0402,Milk and cream; concentrated or containing added sugar or other sweetening matter,125908113,41901623.124,41901623.124
2017-03-01,New Zealand,0403,"Buttermilk, curdled milk and cream, yoghurt, kephir, fermented or acidified milk or cream, whether or not concentrated, containing added sugar, sweetening matter, flavoured or added fruit or cocoa",1968626,1241006.976,1241006.976
2017-03-01,New Zealand,0404,"Whey and products consisting of natural milk constituents; whether or not containing added sugar or other sweetening matter, not elsewhere specified or included",1134884,677680.445,677680.445
2017-03-01,New Zealand,0405,Butter and other fats and oils derived from milk; dairy spreads,24989611,4398208.305,4398208.305
2017-03-01,New Zealand,0406,Cheese and curd,17587290,4176518.4,4176518.4
2017-04-01,EU-27,0401,"Milk and cream; not concentrated, not containing added sugar or other sweetening matter",25166061,29767396.498,29767396.498
2017-04-01,EU-27,0402,Milk and cream; concentrated or containing added sugar or other sweetening matter,23058054,10091017.423,10091017.423
2017-04-01,EU-27,0403,"Buttermilk, curdled milk and cream, yoghurt, kephir, fermented or acidified milk or cream, whether or not concentrated, containing added sugar, sweetening matter, flavoured or added fruit or cocoa",2427656,1506368.523,1506368.523
2017-04-01,EU-27,0404,"Whey and products consisting of natural milk constituents; whether or not containing added sugar or other sweetening matter, not elsewhere specified or included",20542514,16780132.67,16780132.67
2017-04-01,EU-27,0405,Butter and other fats and oils derived from milk; dairy spreads,6097038,1075784.403,1075784.403
2017-04-01,EU-27,0406,Cheese and curd,5269646,1109234.8020000001,1109234.8020000001
2017-04-01,New Zealand,0401,"Milk and cream; not concentrated, not containing added sugar or other sweetening matter",26644942,22192923.737,22192923.737
2017-04-01,New Zealand,0402,Milk and cream; concentrated or containing added sugar or other sweetening matter,118116344,38382088.246,38382088.246
2017-04-01,New Zealand,0403,"Buttermilk, curdled milk and cream, yoghurt, kephir, fermented or acidified milk or cream, whether or not concentrated, containing added sugar, sweetening matter, flavoured or added fruit or cocoa",377908,238822.527,238822.527
2017-04-01,New Zealand,0404,"Whey and products consisting of natural milk constituents; whether or not containing added sugar or other sweetening matter, not elsewhere specified or included",1190716,818533.763,818533.763
2017-04-01,New Zealand,0405,Butter and other fats and oils derived from milk; dairy spreads,26522548,4732213.179,4732213.179
2017-04-01,New Zealand,0406,Cheese and curd,18356309,4251948.07,4251948.07
2017-05-01,EU-27,0401,"Milk and cream; not concentrated, not containing added sugar or other sweetening matter",28266055,31149789.078,31149789.078
2017-05-01,EU-27,0402,Milk and cream; concentrated or containing added sugar or other sweetening matter,28233810,12093030.361,12093030.361
2017-05-01,EU-27,0403,"Buttermilk, curdled milk and cream, yoghurt, kephir, fermented or acidified milk or cream, whether or not concentrated, containing added sugar, sweetening matter, flavoured or added fruit or cocoa",3306193,2048684.015,2048684.015
2017-05-01,EU-27,0404,"Whey and products consisting of natural milk constituents; whether or not containing added sugar or other sweetening matter, not elsewhere specified or included",34802027,28488146.268,28488146.268
2017-05-01,EU-27,0405,Butter and other fats and oils derived from milk; dairy spreads,6943934,1261092.042,1261092.042
2017-05-01,EU-27,0406,Cheese and curd,6856944,1475539.758,1475539.758
2017-05-01,New Zealand,0401,"Milk and cream; not concentrated, not containing added sugar or other sweetening matter",27141324,24222235.457,24222235.457
2017-05-01,New Zealand,0402,Milk and cream; concentrated or containing added sugar or other sweetening matter,105327484,34513259.047,34513259.047
2017-05-01,New Zealand,0403,"Buttermilk, curdled milk and cream, yoghurt, kephir, fermented or acidified milk or cream, whether or not concentrated, containing added sugar, sweetening matter, flavoured or added fruit or cocoa",1216930,769387.179,769387.179
2017-05-01,New Zealand,0404,"Whey and products consisting of natural milk constituents; whether or not containing added sugar or other sweetening matter, not elsewhere specified or included",1474423,984902.519,984902.519
2017-05-01,New Zealand,0405,Butter and other fats and oils derived from milk; dairy spreads,30621159,5489310.724,5489310.724
2017-05-01,New Zealand,0406,Cheese and curd,24621656,5767365.155,5767365.155
2017-06-01,EU-27,0401,"Milk and cream; not concentrated, not containing added sugar or other sweetening matter",34709732,35436608.044,35436608.044
2017-06-01,EU-27,0402,Milk and cream; concentrated or containing added sugar or other sweetening matter,24617563,11346779.412,11346779.412
2017-06-01,EU-27,0403,"Buttermilk, curdled milk and cream, yoghurt, kephir, fermented or acidified milk or cream, whether or not concentrated, containing added sugar, sweetening matter, flavoured or added fruit or cocoa",2276179,1412180.882,1412180.882
2017-06-01,EU-27,0404,"Whey and products consisting of natural milk constituents; whether or not containing added sugar or other sweetening matter, not elsewhere specified or included",31242534,25574850.476999998,25574850.476999998
2017-06-01,EU-27,0405,Butter and other fats and oils derived from milk; dairy spreads,7666223,1383741.416,1383741.416
2017-06-01,EU-27,0406,Cheese and curd,8719714,1893373.635,1893373.635
2017-06-01,New Zealand,0401,"Milk and cream; not concentrated, not containing added sugar or other sweetening matter",35893863,29308269.558,29308269.558
2017-06-01,New Zealand,0402,Milk and cream; concentrated or containing added sugar or other sweetening matter,148378997,47555345.11,47555345.11
2017-06-01,New Zealand,0403,"Buttermilk, curdled milk and cream, yoghurt, kephir, fermented or acidified milk or cream, whether or not concentrated, containing added sugar, sweetening matter, flavoured or added fruit or cocoa",2401038,1515298.229,1515298.229
2017-06-01,New Zealand,0404,"Whey and products consisting of natural milk constituents; whether or not containing added sugar or other sweetening matter, not elsewhere specified or included",2927121,1884068.65,1884068.65
2017-06-01,New Zealand,0405,Butter and other fats and oils derived from milk; dairy spreads,38750471,6896770.906,6896770.906
2017-06-01,New Zealand,0406,Cheese and curd,29442258,6831785.101,6831785.101
2017-07-01,EU-27,0401,"Milk and cream; not concentrated, not containing added sugar or other sweetening matter",36270054,40548337.081,40548337.081
2017-07-01,EU-27,0402,Milk and cream; concentrated or containing added sugar or other sweetening matter,25381211,11260084.275,11260084.275
2017-07-01,EU-27,0403,"Buttermilk, curdled milk and cream, yoghurt, kephir, fermented or acidified milk or cream, whether or not concentrated, containing added sugar, sweetening matter, flavoured or added fruit or cocoa",4676133,2892867.7720000003,2892867.7720000003
2017-07-01,EU-27,0404,"Whey and products consisting of natural milk constituents; whether or not containing added sugar or other sweetening matter, not elsewhere specified or included",30153010,24525832.732,24525832.732
2017-07-01,EU-27,0405,Butter and other fats and oils derived from milk; dairy spreads,6360662,1154005.9989999998,1154005.9989999998
2017-07-01,EU-27,0406,Cheese and curd,9232291,1984764.8229999999,1984764.8229999999
2017-07-01,New Zealand,0401,"Milk and cream; not concentrated, not containing added sugar or other sweetening matter",26848843,21925214.25,21925214.25
2017-07-01,New Zealand,0402,Milk and cream; concentrated or containing added sugar or other sweetening matter,146775636,48481401.422,48481401.422
2017-07-01,New Zealand,0403,"Buttermilk, curdled milk and cream, yoghurt, kephir, fermented or acidified milk or cream, whether or not concentrated, containing added sugar, sweetening matter, flavoured or added fruit or cocoa",1256411,791736.04,791736.04
2017-07-01,New Zealand,0404,"Whey and products consisting of natural milk constituents; whether or not containing added sugar or other sweetening matter, not elsewhere specified or included",1152853,671877.817,671877.817
2017-07-01,New Zealand,0405,Butter and other fats and oils derived from milk; dairy spreads,38467338,6753759.317,6753759.317
2017-07-01,New Zealand,0406,Cheese and curd,18465313,4161738.881,4161738.881
2017-08-01,EU-27,0401,"Milk and cream; not concentrated, not containing added sugar or other sweetening matter",43588976,50479880.519999996,50479880.519999996
2017-08-01,EU-27,0402,Milk and cream; concentrated or containing added sugar or other sweetening matter,28845844,12186542.393000001,12186542.393000001
2017-08-01,EU-27,0403,"Buttermilk, curdled milk and cream, yoghurt, kephir, fermented or acidified milk or cream, whether or not concentrated, containing added sugar, sweetening matter, flavoured or added fruit or cocoa",6279906,3885806.5039999997,3885806.5039999997
2017-08-01,EU-27,0404,"Whey and products consisting of natural milk constituents; whether or not containing added sugar or other sweetening matter, not elsewhere specified or included",33607935,27493956.436,27493956.436
2017-08-01,EU-27,0405,Butter and other fats and oils derived from milk; dairy spreads,8876854,1619906.034,1619906.034
2017-08-01,EU-27,0406,Cheese and curd,9084986,1937774.2859999998,1937774.2859999998
2017-08-01,New Zealand,0401,"Milk and cream; not concentrated, not containing added sugar or other sweetening matter",30120523,27018787.732,27018787.732
2017-08-01,New Zealand,0402,Milk and cream; concentrated or containing added sugar or other sweetening matter,138470023,45994259.021,45994259.021
2017-08-01,New Zealand,0403,"Buttermilk, curdled milk and cream, yoghurt, kephir, fermented or acidified milk or cream, whether or not concentrated, containing added sugar, sweetening matter, flavoured or added fruit or cocoa",75061,47368.058,47368.058
2017-08-01,New Zealand,0404,"Whey and products consisting of natural milk constituents; whether or not containing added sugar or other sweetening matter, not elsewhere specified or included",984300,595725.015,595725.015
2017-08-01,New Zealand,0405,Butter and other fats and oils derived from milk; dairy spreads,77850135,14054590.654,14054590.654
2017-08-01,New Zealand,0406,Cheese and curd,32064764,7364476.854,7364476.854
2017-09-01,EU-27,0401,"Milk and cream; not concentrated, not containing added sugar or other sweetening matter",44467402,55149155.055,55149155.055
2017-09-01,EU-27,0402,Milk and cream; concentrated or containing added sugar or other sweetening matter,26280493,11148431.951,11148431.951
2017-09-01,EU-27,0403,"Buttermilk, curdled milk and cream, yoghurt, kephir, fermented or acidified milk or cream, whether or not concentrated, containing added sugar, sweetening matter, flavoured or added fruit or cocoa",6135699,3794265.363,3794265.363
2017-09-01,EU-27,0404,"Whey and products consisting of natural milk constituents; whether or not containing added sugar or other sweetening matter, not elsewhere specified or included",30221663,24670794.361,24670794.361
2017-09-01,EU-27,0405,Butter and other fats and oils derived from milk; dairy spreads,6840057,1234526.2,1234526.2
2017-09-01,EU-27,0406,Cheese and curd,8958545,1923168.487,1923168.487
2017-09-01,New Zealand,0401,"Milk and cream; not concentrated, not containing added sugar or other sweetening matter",39744134,29123666.951,29123666.951
2017-09-01,New Zealand,0402,Milk and cream; concentrated or containing added sugar or other sweetening matter,72353160,23260379.64,23260379.64
2017-09-01,New Zealand,0403,"Buttermilk, curdled milk and cream, yoghurt, kephir, fermented or acidified milk or cream, whether or not concentrated, containing added sugar, sweetening matter, flavoured or added fruit or cocoa",425694,265235.998,265235.998
2017-09-01,New Zealand,0404,"Whey and products consisting of natural milk constituents; whether or not containing added sugar or other sweetening matter, not elsewhere specified or included",571719,374632.624,374632.624
2017-09-01,New Zealand,0405,Butter and other fats and oils derived from milk; dairy spreads,18690434,3123492.461,3123492.461
2017-09-01,New Zealand,0406,Cheese and curd,6660834,1493601.459,1493601.459
2017-10-01,EU-27,0401,"Milk and cream; not concentrated, not containing added sugar or other sweetening matter",35514185,48565189.464,48565189.464
2017-10-01,EU-27,0402,Milk and cream; concentrated or containing added sugar or other sweetening matter,18680799,7981793.853,7981793.853
2017-10-01,EU-27,0403,"Buttermilk, curdled milk and cream, yoghurt, kephir, fermented or acidified milk or cream, whether or not concentrated, containing added sugar, sweetening matter, flavoured or added fruit or cocoa",5959445,3743955.7770000002,3743955.7770000002
2017-10-01,EU-27,0404,"Whey and products consisting of natural milk constituents; whether or not containing added sugar or other sweetening matter, not elsewhere specified or included",19850206,15825203.643,15825203.643
2017-10-01,EU-27,0405,Butter and other fats and oils derived from milk; dairy spreads,5989649,1149015.076,1149015.076
2017-10-01,EU-27,0406,Cheese and curd,7189409,1505927.565,1505927.565
2017-10-01,New Zealand,0401,"Milk and cream; not concentrated, not containing added sugar or other sweetening matter",39680155,28965539.533,28965539.533
2017-10-01,New Zealand,0402,Milk and cream; concentrated or containing added sugar or other sweetening matter,72955080,23883358.074,23883358.074
2017-10-01,New Zealand,0403,"Buttermilk, curdled milk and cream, yoghurt, kephir, fermented or acidified milk or cream, whether or not concentrated, containing added sugar, sweetening matter, flavoured or added fruit or cocoa",360262,228454.563,228454.563
2017-10-01,New Zealand,0404,"Whey and products consisting of natural milk constituents; whether or not containing added sugar or other sweetening matter, not elsewhere specified or included",267420,152357.931,152357.931
2017-10-01,New Zealand,0405,Butter and other fats and oils derived from milk; dairy spreads,20874028,3956002.009,3956002.009
2017-10-01,New Zealand,0406,Cheese and curd,21889490,5243633.048,5243633.048
2017-11-01,EU-27,0401,"Milk and cream; not concentrated, not containing added sugar or other sweetening matter",41857522,56053918.113,56053918.113
2017-11-01,EU-27,0402,Milk and cream; concentrated or containing added sugar or other sweetening matter,21224811,8681518.503,8681518.503
2017-11-01,EU-27,0403,"Buttermilk, curdled milk and cream, yoghurt, kephir, fermented or acidified milk or cream, whether or not concentrated, containing added sugar, sweetening matter, flavoured or added fruit or cocoa",6884090,4254716.155,4254716.155
2017-11-01,EU-27,0404,"Whey and products consisting of natural milk constituents; whether or not containing added sugar or other sweetening matter, not elsewhere specified or included",30514635,25014964.486,25014964.486
2017-11-01,EU-27,0405,Butter and other fats and oils derived from milk; dairy spreads,4635236,834036.392,834036.392
2017-11-01,EU-27,0406,Cheese and curd,7060676,1508891.584,1508891.584
2017-11-01,New Zealand,0401,"Milk and cream; not concentrated, not containing added sugar or other sweetening matter",42370200,32422324.096,32422324.096
2017-11-01,New Zealand,0402,Milk and cream; concentrated or containing added sugar or other sweetening matter,114878648,37841983.123,37841983.123
2017-11-01,New Zealand,0403,"Buttermilk, curdled milk and cream, yoghurt, kephir, fermented or acidified milk or cream, whether or not concentrated, containing added sugar, sweetening matter, flavoured or added fruit or cocoa",554876,350802.447,350802.447
2017-11-01,New Zealand,0404,"Whey and products consisting of natural milk constituents; whether or not containing added sugar or other sweetening matter, not elsewhere specified or included",526629,298219.058,298219.058
2017-11-01,New Zealand,0405,Butter and other fats and oils derived from milk; dairy spreads,32176857,5535243.692,5535243.692
2017-11-01,New Zealand,0406,Cheese and curd,17544745,4006869.927,4006869.927
2017-12-01,EU-27,0401,"Milk and cream; not concentrated, not containing added sugar or other sweetening matter",34031812,44674992.139,44674992.139
2017-12-01,EU-27,0402,Milk and cream; concentrated or containing added sugar or other sweetening matter,14255354,6322633.518,6322633.518
2017-12-01,EU-27,0403,"Buttermilk, curdled milk and cream, yoghurt, kephir, fermented or acidified milk or cream, whether or not concentrated, containing added sugar, sweetening matter, flavoured or added fruit or cocoa",5100271,3152165.274,3152165.274
2017-12-01,EU-27,0404,"Whey and products consisting of natural milk constituents; whether or not containing added sugar or other sweetening matter, not elsewhere specified or included",25472805,20685147.052,20685147.052
2017-12-01,EU-27,0405,Butter and other fats and oils derived from milk; dairy spreads,3125470,569244.316,569244.316
2017-12-01,EU-27,0406,Cheese and curd,7655124,1598314.574,1598314.574
2017-12-01,New Zealand,0401,"Milk and cream; not concentrated, not containing added sugar or other sweetening matter",47532846,35116620.219,35116620.219
2017-12-01,New Zealand,0402,Milk and cream; concentrated or containing added sugar or other sweetening matter,74391550,24096147.551,24096147.551
2017-12-01,New Zealand,0403,"Buttermilk, curdled milk and cream, yoghurt, kephir, fermented or acidified milk or cream, whether or not concentrated, containing added sugar, sweetening matter, flavoured or added fruit or cocoa",858208,542609.747,542609.747
2017-12-01,New Zealand,0404,"Whey and products consisting of natural milk constituents; whether or not containing added sugar or other sweetening matter, not elsewhere specified or included",1483200,958851.301,958851.301
2017-12-01,New Zealand,0405,Butter and other fats and oils derived from milk; dairy spreads,39281185,6968567.996,6968567.996
2017-12-01,New Zealand,0406,Cheese and curd,10544476,2075920.862,2075920.862
2018-01-01,EU-27,0401,"Milk and cream; not concentrated, not containing added sugar or other sweetening matter",41605600,38025438,38025438
2018-01-01,EU-27,0402,Milk and cream; concentrated or containing added sugar or other sweetening matter,19622011,6411586,6411586
2018-01-01,EU-27,0403,"Buttermilk, curdled milk and cream, yoghurt, kephir, fermented or acidified milk or cream, whether or not concentrated, containing added sugar, sweetening matter, flavoured or added fruit or cocoa",6445254,3451912,3451912
2018-01-01,EU-27,0404,"Whey and products consisting of natural milk constituents; whether or not containing added sugar or other sweetening matter, not elsewhere specified or included",26693733,18476955,18476955
2018-01-01,EU-27,0405,Butter and other fats and oils derived from milk; dairy spreads,5499876,627230,627230
2018-01-01,EU-27,0406,Cheese and curd,9814137,1648168,1648168
2018-01-01,New Zealand,0401,"Milk and cream; not concentrated, not containing added sugar or other sweetening matter",23041028,16700441,16700441
2018-01-01,New Zealand,0402,Milk and cream; concentrated or containing added sugar or other sweetening matter,529829064,175542629,175542629
2018-01-01,New Zealand,0403,"Buttermilk, curdled milk and cream, yoghurt, kephir, fermented or acidified milk or cream, whether or not concentrated, containing added sugar, sweetening matter, flavoured or added fruit or cocoa",575245,269308,269308
2018-01-01,New Zealand,0404,"Whey and products consisting of natural milk constituents; whether or not containing added sugar or other sweetening matter, not elsewhere specified or included",2187100,465185,465185
2018-01-01,New Zealand,0405,Butter and other fats and oils derived from milk; dairy spreads,98196860,15608670,15608670
2018-01-01,New Zealand,0406,Cheese and curd,38384344,8379967,8379967
2018-02-01,EU-27,0401,"Milk and cream; not concentrated, not containing added sugar or other sweetening matter",18018096,15280664,15280664
2018-02-01,EU-27,0402,Milk and cream; concentrated or containing added sugar or other sweetening matter,6892486,1395527,1395527
2018-02-01,EU-27,0403,"Buttermilk, curdled milk and cream, yoghurt, kephir, fermented or acidified milk or cream, whether or not concentrated, containing added sugar, sweetening matter, flavoured or added fruit or cocoa",3002304,1531540,1531540
2018-02-01,EU-27,0404,"Whey and products consisting of natural milk constituents; whether or not containing added sugar or other sweetening matter, not elsewhere specified or included",17685818,11922290,11922290
2018-02-01,EU-27,0405,Butter and other fats and oils derived from milk; dairy spreads,2960333,355921,355921
2018-02-01,EU-27,0406,Cheese and curd,4480270,773639,773639
2018-02-01,New Zealand,0401,"Milk and cream; not concentrated, not containing added sugar or other sweetening matter",24140218,14819190,14819190
2018-02-01,New Zealand,0402,Milk and cream; concentrated or containing added sugar or other sweetening matter,177189982,62139034,62139034
2018-02-01,New Zealand,0403,"Buttermilk, curdled milk and cream, yoghurt, kephir, fermented or acidified milk or cream, whether or not concentrated, containing added sugar, sweetening matter, flavoured or added fruit or cocoa",320451,153450,153450
2018-02-01,New Zealand,0404,"Whey and products consisting of natural milk constituents; whether or not containing added sugar or other sweetening matter, not elsewhere specified or included",769552,193790,193790
2018-02-01,New Zealand,0405,Butter and other fats and oils derived from milk; dairy spreads,30111603,4800630,4800630
2018-02-01,New Zealand,0406,Cheese and curd,15816550,3469733,3469733
2018-03-01,EU-27,0401,"Milk and cream; not concentrated, not containing added sugar or other sweetening matter",32741287,28114038,28114038
2018-03-01,EU-27,0402,Milk and cream; concentrated or containing added sugar or other sweetening matter,16209500,5549362,5549362
2018-03-01,EU-27,0403,"Buttermilk, curdled milk and cream, yoghurt, kephir, fermented or acidified milk or cream, whether or not concentrated, containing added sugar, sweetening matter, flavoured or added fruit or cocoa",3989924,2089748,2089748
2018-03-01,EU-27,0404,"Whey and products consisting of natural milk constituents; whether or not containing added sugar or other sweetening matter, not elsewhere specified or included",24978792,17570920,17570920
2018-03-01,EU-27,0405,Butter and other fats and oils derived from milk; dairy spreads,4837581,634710,634710
2018-03-01,EU-27,0406,Cheese and curd,8476465,1403156,1403156
2018-03-01,New Zealand,0401,"Milk and cream; not concentrated, not containing added sugar or other sweetening matter",25128577,16800313,16800313
2018-03-01,New Zealand,0402,Milk and cream; concentrated or containing added sugar or other sweetening matter,94761872,33489380,33489380
2018-03-01,New Zealand,0403,"Buttermilk, curdled milk and cream, yoghurt, kephir, fermented or acidified milk or cream, whether or not concentrated, containing added sugar, sweetening matter, flavoured or added fruit or cocoa",868921,401900,401900
2018-03-01,New Zealand,0404,"Whey and products consisting of natural milk constituents; whether or not containing added sugar or other sweetening matter, not elsewhere specified or included",833184,219484,219484
2018-03-01,New Zealand,0405,Butter and other fats and oils derived from milk; dairy spreads,51303462,8521750,8521750
2018-03-01,New Zealand,0406,Cheese and curd,10780769,2300849,2300849
2018-04-01,EU-27,0401,"Milk and cream; not concentrated, not containing added sugar or other sweetening matter",27243032,22393504,22393504
2018-04-01,EU-27,0402,Milk and cream; concentrated or containing added sugar or other sweetening matter,18490117,6451076,6451076
2018-04-01,EU-27,0403,"Buttermilk, curdled milk and cream, yoghurt, kephir, fermented or acidified milk or cream, whether or not concentrated, containing added sugar, sweetening matter, flavoured or added fruit or cocoa",4033498,2112946,2112946
2018-04-01,EU-27,0404,"Whey and products consisting of natural milk constituents; whether or not containing added sugar or other sweetening matter, not elsewhere specified or included",24409902,15433376,15433376
2018-04-01,EU-27,0405,Butter and other fats and oils derived from milk; dairy spreads,5309334,699951,699951
2018-04-01,EU-27,0406,Cheese and curd,9624118,1440623,1440623
2018-04-01,New Zealand,0401,"Milk and cream; not concentrated, not containing added sugar or other sweetening matter",23865015,15304390,15304390
2018-04-01,New Zealand,0402,Milk and cream; concentrated or containing added sugar or other sweetening matter,100818776,34481015,34481015
2018-04-01,New Zealand,0403,"Buttermilk, curdled milk and cream, yoghurt, kephir, fermented or acidified milk or cream, whether or not concentrated, containing added sugar, sweetening matter, flavoured or added fruit or cocoa",274120,125389,125389
2018-04-01,New Zealand,0404,"Whey and products consisting of natural milk constituents; whether or not containing added sugar or other sweetening matter, not elsewhere specified or included",1310390,250663,250663
2018-04-01,New Zealand,0405,Butter and other fats and oils derived from milk; dairy spreads,58519564,9906680,9906680
2018-04-01,New Zealand,0406,Cheese and curd,18149751,3828026,3828026
2018-05-01,EU-27,0401,"Milk and cream; not concentrated, not containing added sugar or other sweetening matter",35315665,29293955,29293955
2018-05-01,EU-27,0402,Milk and cream; concentrated or containing added sugar or other sweetening matter,24594912,8632933,8632933
2018-05-01,EU-27,0403,"Buttermilk, curdled milk and cream, yoghurt, kephir, fermented or acidified milk or cream, whether or not concentrated, containing added sugar, sweetening matter, flavoured or added fruit or cocoa",3529551,1845294,1845294
2018-05-01,EU-27,0404,"Whey and products consisting of natural milk constituents; whether or not containing added sugar or other sweetening matter, not elsewhere specified or included",25481601,16495731,16495731
2018-05-01,EU-27,0405,Butter and other fats and oils derived from milk; dairy spreads,6836580,892293,892293
2018-05-01,EU-27,0406,Cheese and curd,8535082,1415486,1415486
2018-05-01,New Zealand,0401,"Milk and cream; not concentrated, not containing added sugar or other sweetening matter",26011911,17659791,17659791
2018-05-01,New Zealand,0402,Milk and cream; concentrated or containing added sugar or other sweetening matter,125103417,39443281,39443281
2018-05-01,New Zealand,0403,"Buttermilk, curdled milk and cream, yoghurt, kephir, fermented or acidified milk or cream, whether or not concentrated, containing added sugar, sweetening matter, flavoured or added fruit or cocoa",749713,336647,336647
2018-05-01,New Zealand,0404,"Whey and products consisting of natural milk constituents; whether or not containing added sugar or other sweetening matter, not elsewhere specified or included",1925753,413405,413405
2018-05-01,New Zealand,0405,Butter and other fats and oils derived from milk; dairy spreads,73153156,12638060,12638060
2018-05-01,New Zealand,0406,Cheese and curd,28987391,6699830,6699830
2018-06-01,EU-27,0401,"Milk and cream; not concentrated, not containing added sugar or other sweetening matter",34816927,27591332,27591332
2018-06-01,EU-27,0402,Milk and cream; concentrated or containing added sugar or other sweetening matter,27706931,11503251,11503251
2018-06-01,EU-27,0403,"Buttermilk, curdled milk and cream, yoghurt, kephir, fermented or acidified milk or cream, whether or not concentrated, containing added sugar, sweetening matter, flavoured or added fruit or cocoa",5067573,2767606,2767606
2018-06-01,EU-27,0404,"Whey and products consisting of natural milk constituents; whether or not containing added sugar or other sweetening matter, not elsewhere specified or included",27911964,16676733,16676733
2018-06-01,EU-27,0405,Butter and other fats and oils derived from milk; dairy spreads,7926869,1053054,1053054
2018-06-01,EU-27,0406,Cheese and curd,7848180,1348163,1348163
2018-06-01,New Zealand,0401,"Milk and cream; not concentrated, not containing added sugar or other sweetening matter",24455874,13637306,13637306
2018-06-01,New Zealand,0402,Milk and cream; concentrated or containing added sugar or other sweetening matter,92165825,28505367,28505367
2018-06-01,New Zealand,0403,"Buttermilk, curdled milk and cream, yoghurt, kephir, fermented or acidified milk or cream, whether or not concentrated, containing added sugar, sweetening matter, flavoured or added fruit or cocoa",393527,182363,182363
2018-06-01,New Zealand,0404,"Whey and products consisting of natural milk constituents; whether or not containing added sugar or other sweetening matter, not elsewhere specified or included",502733,56847,56847
2018-06-01,New Zealand,0405,Butter and other fats and oils derived from milk; dairy spreads,49193470,8245300,8245300
2018-06-01,New Zealand,0406,Cheese and curd,16544119,3553089,3553089
2018-07-01,EU-27,0401,"Milk and cream; not concentrated, not containing added sugar or other sweetening matter",33392590,24741787,24741787
2018-07-01,EU-27,0402,Milk and cream; concentrated or containing added sugar or other sweetening matter,35059118,14168433,14168433
2018-07-01,EU-27,0403,"Buttermilk, curdled milk and cream, yoghurt, kephir, fermented or acidified milk or cream, whether or not concentrated, containing added sugar, sweetening matter, flavoured or added fruit or cocoa",2970189,1614446,1614446
2018-07-01,EU-27,0404,"Whey and products consisting of natural milk constituents; whether or not containing added sugar or other sweetening matter, not elsewhere specified or included",31863119,17721925,17721925
2018-07-01,EU-27,0405,Butter and other fats and oils derived from milk; dairy spreads,7377033,989556,989556
2018-07-01,EU-27,0406,Cheese and curd,8161727,1389653,1389653
2018-07-01,New Zealand,0401,"Milk and cream; not concentrated, not containing added sugar or other sweetening matter",28652135,17656956,17656956
2018-07-01,New Zealand,0402,Milk and cream; concentrated or containing added sugar or other sweetening matter,126942983,39752145,39752145
2018-07-01,New Zealand,0403,"Buttermilk, curdled milk and cream, yoghurt, kephir, fermented or acidified milk or cream, whether or not concentrated, containing added sugar, sweetening matter, flavoured or added fruit or cocoa",754064,344687,344687
2018-07-01,New Zealand,0404,"Whey and products consisting of natural milk constituents; whether or not containing added sugar or other sweetening matter, not elsewhere specified or included",1254171,356240,356240
2018-07-01,New Zealand,0405,Butter and other fats and oils derived from milk; dairy spreads,80064745,13334930,13334930
2018-07-01,New Zealand,0406,Cheese and curd,16296935,3477530,3477530
2018-08-01,EU-27,0401,"Milk and cream; not concentrated, not containing added sugar or other sweetening matter",38651938,28332906,28332906
2018-08-01,EU-27,0402,Milk and cream; concentrated or containing added sugar or other sweetening matter,34525978,12585192,12585192
2018-08-01,EU-27,0403,"Buttermilk, curdled milk and cream, yoghurt, kephir, fermented or acidified milk or cream, whether or not concentrated, containing added sugar, sweetening matter, flavoured or added fruit or cocoa",4695223,2601037,2601037
2018-08-01,EU-27,0404,"Whey and products consisting of natural milk constituents; whether or not containing added sugar or other sweetening matter, not elsewhere specified or included",28980000,17267312,17267312
2018-08-01,EU-27,0405,Butter and other fats and oils derived from milk; dairy spreads,9037445,1142028,1142028
2018-08-01,EU-27,0406,Cheese and curd,9119895,1627586.909,1627586.909
2018-08-01,New Zealand,0401,"Milk and cream; not concentrated, not containing added sugar or other sweetening matter",32123266,20658540,20658540
2018-08-01,New Zealand,0402,Milk and cream; concentrated or containing added sugar or other sweetening matter,147297243,44691781,44691781
2018-08-01,New Zealand,0403,"Buttermilk, curdled milk and cream, yoghurt, kephir, fermented or acidified milk or cream, whether or not concentrated, containing added sugar, sweetening matter, flavoured or added fruit or cocoa",442418,202500,202500
2018-08-01,New Zealand,0404,"Whey and products consisting of natural milk constituents; whether or not containing added sugar or other sweetening matter, not elsewhere specified or included",1313549,399461,399461
2018-08-01,New Zealand,0405,Butter and other fats and oils derived from milk; dairy spreads,86537227,14273530,14273530
2018-08-01,New Zealand,0406,Cheese and curd,36144064,8318784,8318784
2018-09-01,EU-27,0401,"Milk and cream; not concentrated, not containing added sugar or other sweetening matter",31214529,23771548,23771548
2018-09-01,EU-27,0402,Milk and cream; concentrated or containing added sugar or other sweetening matter,33226145,13488631,13488631
2018-09-01,EU-27,0403,"Buttermilk, curdled milk and cream, yoghurt, kephir, fermented or acidified milk or cream, whether or not concentrated, containing added sugar, sweetening matter, flavoured or added fruit or cocoa",4773868,2570936,2570936
2018-09-01,EU-27,0404,"Whey and products consisting of natural milk constituents; whether or not containing added sugar or other sweetening matter, not elsewhere specified or included",33002489,20707412.365,20707412.365
2018-09-01,EU-27,0405,Butter and other fats and oils derived from milk; dairy spreads,7288977,938141,938141
2018-09-01,EU-27,0406,Cheese and curd,8122318,1323317,1323317
2018-09-01,New Zealand,0401,"Milk and cream; not concentrated, not containing added sugar or other sweetening matter",31616033,18791320,18791320
2018-09-01,New Zealand,0402,Milk and cream; concentrated or containing added sugar or other sweetening matter,57763731,17165128,17165128
2018-09-01,New Zealand,0403,"Buttermilk, curdled milk and cream, yoghurt, kephir, fermented or acidified milk or cream, whether or not concentrated, containing added sugar, sweetening matter, flavoured or added fruit or cocoa",237243,107704,107704
2018-09-01,New Zealand,0404,"Whey and products consisting of natural milk constituents; whether or not containing added sugar or other sweetening matter, not elsewhere specified or included",432146,119475,119475
2018-09-01,New Zealand,0405,Butter and other fats and oils derived from milk; dairy spreads,18285784,2964591,2964591
2018-09-01,New Zealand,0406,Cheese and curd,6368616,1350679,1350679
2018-10-01,EU-27,0401,"Milk and cream; not concentrated, not containing added sugar or other sweetening matter",31255516,23872870,23872870
2018-10-01,EU-27,0402,Milk and cream; concentrated or containing added sugar or other sweetening matter,30454044,11968152,11968152
2018-10-01,EU-27,0403,"Buttermilk, curdled milk and cream, yoghurt, kephir, fermented or acidified milk or cream, whether or not concentrated, containing added sugar, sweetening matter, flavoured or added fruit or cocoa",4522445,2298969,2298969
2018-10-01,EU-27,0404,"Whey and products consisting of natural milk constituents; whether or not containing added sugar or other sweetening matter, not elsewhere specified or included",27784566,16802898.332,16802898.332
2018-10-01,EU-27,0405,Butter and other fats and oils derived from milk; dairy spreads,5509464,702442,702442
2018-10-01,EU-27,0406,Cheese and curd,8376455,1424926.171,1424926.171
2018-10-01,New Zealand,0401,"Milk and cream; not concentrated, not containing added sugar or other sweetening matter",44332084,25923210,25923210
2018-10-01,New Zealand,0402,Milk and cream; concentrated or containing added sugar or other sweetening matter,72607901,23611351,23611351
2018-10-01,New Zealand,0403,"Buttermilk, curdled milk and cream, yoghurt, kephir, fermented or acidified milk or cream, whether or not concentrated, containing added sugar, sweetening matter, flavoured or added fruit or cocoa",540256,231996,231996
2018-10-01,New Zealand,0404,"Whey and products consisting of natural milk constituents; whether or not containing added sugar or other sweetening matter, not elsewhere specified or included",1055416,347713,347713
2018-10-01,New Zealand,0405,Butter and other fats and oils derived from milk; dairy spreads,20602398,3548930,3548930
2018-10-01,New Zealand,0406,Cheese and curd,13114741,3003172,3003172
2018-11-01,EU-27,0401,"Milk and cream; not concentrated, not containing added sugar or other sweetening matter",38548371,35359210,35359210
2018-11-01,EU-27,0402,Milk and cream; concentrated or containing added sugar or other sweetening matter,34922824,14065107,14065107
2018-11-01,EU-27,0403,"Buttermilk, curdled milk and cream, yoghurt, kephir, fermented or acidified milk or cream, whether or not concentrated, containing added sugar, sweetening matter, flavoured or added fruit or cocoa",3260355,1833924,1833924
2018-11-01,EU-27,0404,"Whey and products consisting of natural milk constituents; whether or not containing added sugar or other sweetening matter, not elsewhere specified or included",40246140,23226432,23226432
2018-11-01,EU-27,0405,Butter and other fats and oils derived from milk; dairy spreads,6162965,787014,787014
2018-11-01,EU-27,0406,Cheese and curd,9303996,1635977.177,1635977.177
2018-11-01,New Zealand,0401,"Milk and cream; not concentrated, not containing added sugar or other sweetening matter",44552574,25784827,25784827
2018-11-01,New Zealand,0402,Milk and cream; concentrated or containing added sugar or other sweetening matter,132888110,46712050,46712050
2018-11-01,New Zealand,0403,"Buttermilk, curdled milk and cream, yoghurt, kephir, fermented or acidified milk or cream, whether or not concentrated, containing added sugar, sweetening matter, flavoured or added fruit or cocoa",572244,254250,254250
2018-11-01,New Zealand,0404,"Whey and products consisting of natural milk constituents; whether or not containing added sugar or other sweetening matter, not elsewhere specified or included",1518739,604335,604335
2018-11-01,New Zealand,0405,Butter and other fats and oils derived from milk; dairy spreads,26053723,4597980,4597980
2018-11-01,New Zealand,0406,Cheese and curd,21301949,4801382,4801382
2018-12-01,EU-27,0401,"Milk and cream; not concentrated, not containing added sugar or other sweetening matter",31897494,31419751,31419751
2018-12-01,EU-27,0402,Milk and cream; concentrated or containing added sugar or other sweetening matter,26614697,10672573,10672573
2018-12-01,EU-27,0403,"Buttermilk, curdled milk and cream, yoghurt, kephir, fermented or acidified milk or cream, whether or not concentrated, containing added sugar, sweetening matter, flavoured or added fruit or cocoa",3684092,2203273.308,2203273.308
2018-12-01,EU-27,0404,"Whey and products consisting of natural milk constituents; whether or not containing added sugar or other sweetening matter, not elsewhere specified or included",31197478,17925772,17925772
2018-12-01,EU-27,0405,Butter and other fats and oils derived from milk; dairy spreads,5327616,707624,707624
2018-12-01,EU-27,0406,Cheese and curd,8257625,1446561,1446561
2018-12-01,New Zealand,0401,"Milk and cream; not concentrated, not containing added sugar or other sweetening matter",46597789,29258470,29258470
2018-12-01,New Zealand,0402,Milk and cream; concentrated or containing added sugar or other sweetening matter,125071344,42264612,42264612
2018-12-01,New Zealand,0403,"Buttermilk, curdled milk and cream, yoghurt, kephir, fermented or acidified milk or cream, whether or not concentrated, containing added sugar, sweetening matter, flavoured or added fruit or cocoa",139527,54625,54625
2018-12-01,New Zealand,0404,"Whey and products consisting of natural milk constituents; whether or not containing added sugar or other sweetening matter, not elsewhere specified or included",1281043,251169,251169
2018-12-01,New Zealand,0405,Butter and other fats and oils derived from milk; dairy spreads,11083844,2001205,2001205
2018-12-01,New Zealand,0406,Cheese and curd,25928601,5791643,5791643
2019-01-01,EU-27,0401,"Milk and cream; not concentrated, not containing added sugar or other sweetening matter",34712911,30413056,30413056
2019-01-01,EU-27,0402,Milk and cream; concentrated or containing added sugar or other sweetening matter,26093210,10786467,10786467
2019-01-01,EU-27,0403,"Buttermilk, curdled milk and cream, yoghurt, kephir, fermented or acidified milk or cream, whether or not concentrated, containing added sugar, sweetening matter, flavoured or added fruit or cocoa",4325148,2625251.758,2625251.758
2019-01-01,EU-27,0404,"Whey and products consisting of natural milk constituents; whether or not containing added sugar or other sweetening matter, not elsewhere specified or included",33504902,19117180,19117180
2019-01-01,EU-27,0405,Butter and other fats and oils derived from milk; dairy spreads,6770698,938155,938155
2019-01-01,EU-27,0406,Cheese and curd,7480141,1276673,1276673
2019-01-01,New Zealand,0401,"Milk and cream; not concentrated, not containing added sugar or other sweetening matter",41290743,27239020,27239020
2019-01-01,New Zealand,0402,Milk and cream; concentrated or containing added sugar or other sweetening matter,630539269,223464067,223464067
2019-01-01,New Zealand,0403,"Buttermilk, curdled milk and cream, yoghurt, kephir, fermented or acidified milk or cream, whether or not concentrated, containing added sugar, sweetening matter, flavoured or added fruit or cocoa",606533,213961,213961
2019-01-01,New Zealand,0404,"Whey and products consisting of natural milk constituents; whether or not containing added sugar or other sweetening matter, not elsewhere specified or included",2691712,555846,555846
2019-01-01,New Zealand,0405,Butter and other fats and oils derived from milk; dairy spreads,66948692,12880900,12880900
2019-01-01,New Zealand,0406,Cheese and curd,38963587,8921288,8921288
2019-02-01,EU-27,0401,"Milk and cream; not concentrated, not containing added sugar or other sweetening matter",21104478,21471738,21471738
2019-02-01,EU-27,0402,Milk and cream; concentrated or containing added sugar or other sweetening matter,25562458,10489503,10489503
2019-02-01,EU-27,0403,"Buttermilk, curdled milk and cream, yoghurt, kephir, fermented or acidified milk or cream, whether or not concentrated, containing added sugar, sweetening matter, flavoured or added fruit or cocoa",2801334,1768314.702,1768314.702
2019-02-01,EU-27,0404,"Whey and products consisting of natural milk constituents; whether or not containing added sugar or other sweetening matter, not elsewhere specified or included",19445376,11166879,11166879
2019-02-01,EU-27,0405,Butter and other fats and oils derived from milk; dairy spreads,3358138,444021,444021
2019-02-01,EU-27,0406,Cheese and curd,5412416,952219.732,952219.732
2019-02-01,New Zealand,0401,"Milk and cream; not concentrated, not containing added sugar or other sweetening matter",28837082,18523470,18523470
2019-02-01,New Zealand,0402,Milk and cream; concentrated or containing added sugar or other sweetening matter,168121844,61622850,61622850
2019-02-01,New Zealand,0403,"Buttermilk, curdled milk and cream, yoghurt, kephir, fermented or acidified milk or cream, whether or not concentrated, containing added sugar, sweetening matter, flavoured or added fruit or cocoa",230579,84941,84941
2019-02-01,New Zealand,0404,"Whey and products consisting of natural milk constituents; whether or not containing added sugar or other sweetening matter, not elsewhere specified or included",712468,201300,201300
2019-02-01,New Zealand,0405,Butter and other fats and oils derived from milk; dairy spreads,22703171,4464700,4464700
2019-02-01,New Zealand,0406,Cheese and curd,13727765,3365578,3365578
2019-03-01,EU-27,0401,"Milk and cream; not concentrated, not containing added sugar or other sweetening matter",35690887,35296365,35296365
2019-03-01,EU-27,0402,Milk and cream; concentrated or containing added sugar or other sweetening matter,27846629,10380876,10380876
2019-03-01,EU-27,0403,"Buttermilk, curdled milk and cream, yoghurt, kephir, fermented or acidified milk or cream, whether or not concentrated, containing added sugar, sweetening matter, flavoured or added fruit or cocoa",4565592,2846359,2846359
2019-03-01,EU-27,0404,"Whey and products consisting of natural milk constituents; whether or not containing added sugar or other sweetening matter, not elsewhere specified or included",34361315,18625967,18625967
2019-03-01,EU-27,0405,Butter and other fats and oils derived from milk; dairy spreads,6740158,878315,878315
2019-03-01,EU-27,0406,Cheese and curd,9836542,1660266,1660266
2019-03-01,New Zealand,0401,"Milk and cream; not concentrated, not containing added sugar or other sweetening matter",41851323,28377980,28377980
2019-03-01,New Zealand,0402,Milk and cream; concentrated or containing added sugar or other sweetening matter,134295453,47856046,47856046
2019-03-01,New Zealand,0403,"Buttermilk, curdled milk and cream, yoghurt, kephir, fermented or acidified milk or cream, whether or not concentrated, containing added sugar, sweetening matter, flavoured or added fruit or cocoa",91051,31947,31947
2019-03-01,New Zealand,0404,"Whey and products consisting of natural milk constituents; whether or not containing added sugar or other sweetening matter, not elsewhere specified or included",523116,97167,97167
2019-03-01,New Zealand,0405,Butter and other fats and oils derived from milk; dairy spreads,22580163,4436770,4436770
2019-03-01,New Zealand,0406,Cheese and curd,13040177,3327581,3327581
2019-04-01,EU-27,0401,"Milk and cream; not concentrated, not containing added sugar or other sweetening matter",39029920,42213363,42213363
2019-04-01,EU-27,0402,Milk and cream; concentrated or containing added sugar or other sweetening matter,28989118,11908760,11908760
2019-04-01,EU-27,0403,"Buttermilk, curdled milk and cream, yoghurt, kephir, fermented or acidified milk or cream, whether or not concentrated, containing added sugar, sweetening matter, flavoured or added fruit or cocoa",4369507,2881093,2881093
2019-04-01,EU-27,0404,"Whey and products consisting of natural milk constituents; whether or not containing added sugar or other sweetening matter, not elsewhere specified or included",26175865,14106013,14106013
2019-04-01,EU-27,0405,Butter and other fats and oils derived from milk; dairy spreads,6171331,852757,852757
2019-04-01,EU-27,0406,Cheese and curd,6868376,1168179,1168179
2019-04-01,New Zealand,0401,"Milk and cream; not concentrated, not containing added sugar or other sweetening matter",37055752,24669540,24669540
2019-04-01,New Zealand,0402,Milk and cream; concentrated or containing added sugar or other sweetening matter,172679790,60220045,60220045
2019-04-01,New Zealand,0403,"Buttermilk, curdled milk and cream, yoghurt, kephir, fermented or acidified milk or cream, whether or not concentrated, containing added sugar, sweetening matter, flavoured or added fruit or cocoa",535250,204239,204239
2019-04-01,New Zealand,0404,"Whey and products consisting of natural milk constituents; whether or not containing added sugar or other sweetening matter, not elsewhere specified or included",1148308,301426,301426
2019-04-01,New Zealand,0405,Butter and other fats and oils derived from milk; dairy spreads,32437427,6710980,6710980
2019-04-01,New Zealand,0406,Cheese and curd,23367262,5768766,5768766
2019-05-01,EU-27,0401,"Milk and cream; not concentrated, not containing added sugar or other sweetening matter",43813098,42967058,42967058
2019-05-01,EU-27,0402,Milk and cream; concentrated or containing added sugar or other sweetening matter,33266335,11447658,11447658
2019-05-01,EU-27,0403,"Buttermilk, curdled milk and cream, yoghurt, kephir, fermented or acidified milk or cream, whether or not concentrated, containing added sugar, sweetening matter, flavoured or added fruit or cocoa",5043597,3323329.318,3323329.318
2019-05-01,EU-27,0404,"Whey and products consisting of natural milk constituents; whether or not containing added sugar or other sweetening matter, not elsewhere specified or included",32042608,13829517,13829517
2019-05-01,EU-27,0405,Butter and other fats and oils derived from milk; dairy spreads,6823104,989855,989855
2019-05-01,EU-27,0406,Cheese and curd,9191519,1569285,1569285
2019-05-01,New Zealand,0401,"Milk and cream; not concentrated, not containing added sugar or other sweetening matter",45143390,25759497,25759497
2019-05-01,New Zealand,0402,Milk and cream; concentrated or containing added sugar or other sweetening matter,130680758,42766730,42766730
2019-05-01,New Zealand,0403,"Buttermilk, curdled milk and cream, yoghurt, kephir, fermented or acidified milk or cream, whether or not concentrated, containing added sugar, sweetening matter, flavoured or added fruit or cocoa",358947,113686,113686
2019-05-01,New Zealand,0404,"Whey and products consisting of natural milk constituents; whether or not containing added sugar or other sweetening matter, not elsewhere specified or included",381586,133560,133560
2019-05-01,New Zealand,0405,Butter and other fats and oils derived from milk; dairy spreads,30745798,6186159,6186159
2019-05-01,New Zealand,0406,Cheese and curd,25402171,6369851,6369851
2019-06-01,EU-27,0401,"Milk and cream; not concentrated, not containing added sugar or other sweetening matter",37897625,37124578,37124578
2019-06-01,EU-27,0402,Milk and cream; concentrated or containing added sugar or other sweetening matter,40249859,14147120,14147120
2019-06-01,EU-27,0403,"Buttermilk, curdled milk and cream, yoghurt, kephir, fermented or acidified milk or cream, whether or not concentrated, containing added sugar, sweetening matter, flavoured or added fruit or cocoa",3814951,2523180.716,2523180.716
2019-06-01,EU-27,0404,"Whey and products consisting of natural milk constituents; whether or not containing added sugar or other sweetening matter, not elsewhere specified or included",29169866,15419664.347,15419664.347
2019-06-01,EU-27,0405,Butter and other fats and oils derived from milk; dairy spreads,5698273,833139,833139
2019-06-01,EU-27,0406,Cheese and curd,7905230,1433446,1433446
2019-06-01,New Zealand,0401,"Milk and cream; not concentrated, not containing added sugar or other sweetening matter",32627080,17824150,17824150
2019-06-01,New Zealand,0402,Milk and cream; concentrated or containing added sugar or other sweetening matter,132687279,42459428,42459428
2019-06-01,New Zealand,0403,"Buttermilk, curdled milk and cream, yoghurt, kephir, fermented or acidified milk or cream, whether or not concentrated, containing added sugar, sweetening matter, flavoured or added fruit or cocoa",132722,32253,32253
2019-06-01,New Zealand,0404,"Whey and products consisting of natural milk constituents; whether or not containing added sugar or other sweetening matter, not elsewhere specified or included",612572,233692,233692
2019-06-01,New Zealand,0405,Butter and other fats and oils derived from milk; dairy spreads,31274604,5695780,5695780
2019-06-01,New Zealand,0406,Cheese and curd,30912472,7214080,7214080
2019-07-01,EU-27,0401,"Milk and cream; not concentrated, not containing added sugar or other sweetening matter",45991584,47343943,47343943
2019-07-01,EU-27,0402,Milk and cream; concentrated or containing added sugar or other sweetening matter,46503308,17554705,17554705
2019-07-01,EU-27,0403,"Buttermilk, curdled milk and cream, yoghurt, kephir, fermented or acidified milk or cream, whether or not concentrated, containing added sugar, sweetening matter, flavoured or added fruit or cocoa",5420508,3192716,3192716
2019-07-01,EU-27,0404,"Whey and products consisting of natural milk constituents; whether or not containing added sugar or other sweetening matter, not elsewhere specified or included",36726930,16464863,16464863
2019-07-01,EU-27,0405,Butter and other fats and oils derived from milk; dairy spreads,7064427,1012455,1012455
2019-07-01,EU-27,0406,Cheese and curd,10316803,1905970,1905970
2019-07-01,New Zealand,0401,"Milk and cream; not concentrated, not containing added sugar or other sweetening matter",33208051,19811420,19811420
2019-07-01,New Zealand,0402,Milk and cream; concentrated or containing added sugar or other sweetening matter,139981015,44342402,44342402
2019-07-01,New Zealand,0403,"Buttermilk, curdled milk and cream, yoghurt, kephir, fermented or acidified milk or cream, whether or not concentrated, containing added sugar, sweetening matter, flavoured or added fruit or cocoa",186527,51886,51886
2019-07-01,New Zealand,0404,"Whey and products consisting of natural milk constituents; whether or not containing added sugar or other sweetening matter, not elsewhere specified or included",1084306,239303,239303
2019-07-01,New Zealand,0405,Butter and other fats and oils derived from milk; dairy spreads,26548575,4612640,4612640
2019-07-01,New Zealand,0406,Cheese and curd,15531499,3825362,3825362
2019-08-01,EU-27,0401,"Milk and cream; not concentrated, not containing added sugar or other sweetening matter",44094156,40321215,40321215
2019-08-01,EU-27,0402,Milk and cream; concentrated or containing added sugar or other sweetening matter,44740304,15705385,15705385
2019-08-01,EU-27,0403,"Buttermilk, curdled milk and cream, yoghurt, kephir, fermented or acidified milk or cream, whether or not concentrated, containing added sugar, sweetening matter, flavoured or added fruit or cocoa",4950876,2847481,2847481
2019-08-01,EU-27,0404,"Whey and products consisting of natural milk constituents; whether or not containing added sugar or other sweetening matter, not elsewhere specified or included",40007056,20309995.986,20309995.986
2019-08-01,EU-27,0405,Butter and other fats and oils derived from milk; dairy spreads,8086927,1151710,1151710
2019-08-01,EU-27,0406,Cheese and curd,11225118,2029579,2029579
2019-08-01,New Zealand,0401,"Milk and cream; not concentrated, not containing added sugar or other sweetening matter",31563609,20290008,20290008
2019-08-01,New Zealand,0402,Milk and cream; concentrated or containing added sugar or other sweetening matter,135167502,41185743,41185743
2019-08-01,New Zealand,0403,"Buttermilk, curdled milk and cream, yoghurt, kephir, fermented or acidified milk or cream, whether or not concentrated, containing added sugar, sweetening matter, flavoured or added fruit or cocoa",306168,83248,83248
2019-08-01,New Zealand,0404,"Whey and products consisting of natural milk constituents; whether or not containing added sugar or other sweetening matter, not elsewhere specified or included",1407589,298866,298866
2019-08-01,New Zealand,0405,Butter and other fats and oils derived from milk; dairy spreads,38905371,6320570,6320570
2019-08-01,New Zealand,0406,Cheese and curd,43087936,9259554,9259554
2019-09-01,EU-27,0401,"Milk and cream; not concentrated, not containing added sugar or other sweetening matter",43535266,43121047,43121047
2019-09-01,EU-27,0402,Milk and cream; concentrated or containing added sugar or other sweetening matter,40871649,14936883,14936883
2019-09-01,EU-27,0403,"Buttermilk, curdled milk and cream, yoghurt, kephir, fermented or acidified milk or cream, whether or not concentrated, containing added sugar, sweetening matter, flavoured or added fruit or cocoa",3911879,2473227.575,2473227.575
2019-09-01,EU-27,0404,"Whey and products consisting of natural milk constituents; whether or not containing added sugar or other sweetening matter, not elsewhere specified or included",38212705,20314502,20314502
2019-09-01,EU-27,0405,Butter and other fats and oils derived from milk; dairy spreads,5869524,958952,958952
2019-09-01,EU-27,0406,Cheese and curd,7635026,1390979,1390979
2019-09-01,New Zealand,0401,"Milk and cream; not concentrated, not containing added sugar or other sweetening matter",50451992,29349170,29349170
2019-09-01,New Zealand,0402,Milk and cream; concentrated or containing added sugar or other sweetening matter,83414191,24893848,24893848
2019-09-01,New Zealand,0403,"Buttermilk, curdled milk and cream, yoghurt, kephir, fermented or acidified milk or cream, whether or not concentrated, containing added sugar, sweetening matter, flavoured or added fruit or cocoa",146730,36338,36338
2019-09-01,New Zealand,0404,"Whey and products consisting of natural milk constituents; whether or not containing added sugar or other sweetening matter, not elsewhere specified or included",177020,76674,76674
2019-09-01,New Zealand,0405,Butter and other fats and oils derived from milk; dairy spreads,10768568,1872569,1872569
2019-09-01,New Zealand,0406,Cheese and curd,8960174,2092258,2092258
2019-10-01,EU-27,0401,"Milk and cream; not concentrated, not containing added sugar or other sweetening matter",44566237,45179525,45179525
2019-10-01,EU-27,0402,Milk and cream; concentrated or containing added sugar or other sweetening matter,32492974,11480945,11480945
2019-10-01,EU-27,0403,"Buttermilk, curdled milk and cream, yoghurt, kephir, fermented or acidified milk or cream, whether or not concentrated, containing added sugar, sweetening matter, flavoured or added fruit or cocoa",4351470,2758804.848,2758804.848
2019-10-01,EU-27,0404,"Whey and products consisting of natural milk constituents; whether or not containing added sugar or other sweetening matter, not elsewhere specified or included",28067863,14980129.431,14980129.431
2019-10-01,EU-27,0405,Butter and other fats and oils derived from milk; dairy spreads,6017620,992478,992478
2019-10-01,EU-27,0406,Cheese and curd,9804785,1854772,1854772
2019-10-01,New Zealand,0401,"Milk and cream; not concentrated, not containing added sugar or other sweetening matter",35740833,21356640,21356640
2019-10-01,New Zealand,0402,Milk and cream; concentrated or containing added sugar or other sweetening matter,101866765,31120602,31120602
2019-10-01,New Zealand,0403,"Buttermilk, curdled milk and cream, yoghurt, kephir, fermented or acidified milk or cream, whether or not concentrated, containing added sugar, sweetening matter, flavoured or added fruit or cocoa",232912,85035,85035
2019-10-01,New Zealand,0404,"Whey and products consisting of natural milk constituents; whether or not containing added sugar or other sweetening matter, not elsewhere specified or included",451094,213181,213181
2019-10-01,New Zealand,0405,Butter and other fats and oils derived from milk; dairy spreads,16444825,3003010,3003010
2019-10-01,New Zealand,0406,Cheese and curd,19807181,4462210,4462210
2019-11-01,EU-27,0401,"Milk and cream; not concentrated, not containing added sugar or other sweetening matter",45541443,42803443,42803443
2019-11-01,EU-27,0402,Milk and cream; concentrated or containing added sugar or other sweetening matter,30855139,10977278,10977278
2019-11-01,EU-27,0403,"Buttermilk, curdled milk and cream, yoghurt, kephir, fermented or acidified milk or cream, whether or not concentrated, containing added sugar, sweetening matter, flavoured or added fruit or cocoa",2776218,1831648,1831648
2019-11-01,EU-27,0404,"Whey and products consisting of natural milk constituents; whether or not containing added sugar or other sweetening matter, not elsewhere specified or included",32154577,18278817,18278817
2019-11-01,EU-27,0405,Butter and other fats and oils derived from milk; dairy spreads,8443213,1400984,1400984
2019-11-01,EU-27,0406,Cheese and curd,10507314,1954470,1954470
2019-11-01,New Zealand,0401,"Milk and cream; not concentrated, not containing added sugar or other sweetening matter",44690689,24452041,24452041
2019-11-01,New Zealand,0402,Milk and cream; concentrated or containing added sugar or other sweetening matter,216720987,68378560,68378560
2019-11-01,New Zealand,0403,"Buttermilk, curdled milk and cream, yoghurt, kephir, fermented or acidified milk or cream, whether or not concentrated, containing added sugar, sweetening matter, flavoured or added fruit or cocoa",1044910,410910,410910
2019-11-01,New Zealand,0404,"Whey and products consisting of natural milk constituents; whether or not containing added sugar or other sweetening matter, not elsewhere specified or included",340052,50284,50284
2019-11-01,New Zealand,0405,Butter and other fats and oils derived from milk; dairy spreads,49561995,10199410,10199410
2019-11-01,New Zealand,0406,Cheese and curd,30771706,7212043,7212043
2019-12-01,EU-27,0401,"Milk and cream; not concentrated, not containing added sugar or other sweetening matter",42933459,40636351,40636351
2019-12-01,EU-27,0402,Milk and cream; concentrated or containing added sugar or other sweetening matter,32406715,12092822.178,12092822.178
2019-12-01,EU-27,0403,"Buttermilk, curdled milk and cream, yoghurt, kephir, fermented or acidified milk or cream, whether or not concentrated, containing added sugar, sweetening matter, flavoured or added fruit or cocoa",2399127,1721385,1721385
2019-12-01,EU-27,0404,"Whey and products consisting of natural milk constituents; whether or not containing added sugar or other sweetening matter, not elsewhere specified or included",31395926,16272918,16272918
2019-12-01,EU-27,0405,Butter and other fats and oils derived from milk; dairy spreads,6615348,1155194,1155194
2019-12-01,EU-27,0406,Cheese and curd,11252452,2092382,2092382
2019-12-01,New Zealand,0401,"Milk and cream; not concentrated, not containing added sugar or other sweetening matter",36722795,26264350,26264350
2019-12-01,New Zealand,0402,Milk and cream; concentrated or containing added sugar or other sweetening matter,217680247,66678798,66678798
2019-12-01,New Zealand,0403,"Buttermilk, curdled milk and cream, yoghurt, kephir, fermented or acidified milk or cream, whether or not concentrated, containing added sugar, sweetening matter, flavoured or added fruit or cocoa",725765,289094,289094
2019-12-01,New Zealand,0404,"Whey and products consisting of natural milk constituents; whether or not containing added sugar or other sweetening matter, not elsewhere specified or included",923119,212312,212312
2019-12-01,New Zealand,0405,Butter and other fats and oils derived from milk; dairy spreads,23341180,4563070,4563070
2019-12-01,New Zealand,0406,Cheese and curd,20722986,5012080,5012080
2020-01-01,EU-27,0401,"Milk and cream; not concentrated, not containing added sugar or other sweetening matter",32859879,32502157,32502157
2020-01-01,EU-27,0402,Milk and cream; concentrated or containing added sugar or other sweetening matter,19109285,6765059,6765059
2020-01-01,EU-27,0403,"Buttermilk, curdled milk and cream, yoghurt, kephir, fermented or acidified milk or cream, whether or not concentrated, containing added sugar, sweetening matter, flavoured or added fruit or cocoa",2304871,1557124,1557124
2020-01-01,EU-27,0404,"Whey and products consisting of natural milk constituents; whether or not containing added sugar or other sweetening matter, not elsewhere specified or included",27076259,14730961,14730961
2020-01-01,EU-27,0405,Butter and other fats and oils derived from milk; dairy spreads,4785548,807233,807233
2020-01-01,EU-27,0406,Cheese and curd,5306968,886712,886712
2020-01-01,New Zealand,0401,"Milk and cream; not concentrated, not containing added sugar or other sweetening matter",51515006,27003429,27003429
2020-01-01,New Zealand,0402,Milk and cream; concentrated or containing added sugar or other sweetening matter,518780437,163411877,163411877
2020-01-01,New Zealand,0403,"Buttermilk, curdled milk and cream, yoghurt, kephir, fermented or acidified milk or cream, whether or not concentrated, containing added sugar, sweetening matter, flavoured or added fruit or cocoa",430252,168042,168042
2020-01-01,New Zealand,0404,"Whey and products consisting of natural milk constituents; whether or not containing added sugar or other sweetening matter, not elsewhere specified or included",880614,236147,236147
2020-01-01,New Zealand,0405,Butter and other fats and oils derived from milk; dairy spreads,103696719,22345450,22345450
2020-01-01,New Zealand,0406,Cheese and curd,55356470,12814433,12814433
2020-02-01,EU-27,0401,"Milk and cream; not concentrated, not containing added sugar or other sweetening matter",26316845,28478413,28478413
2020-02-01,EU-27,0402,Milk and cream; concentrated or containing added sugar or other sweetening matter,20127609,7395505,7395505
2020-02-01,EU-27,0403,"Buttermilk, curdled milk and cream, yoghurt, kephir, fermented or acidified milk or cream, whether or not concentrated, containing added sugar, sweetening matter, flavoured or added fruit or cocoa",2998812,2102404,2102404
2020-02-01,EU-27,0404,"Whey and products consisting of natural milk constituents; whether or not containing added sugar or other sweetening matter, not elsewhere specified or included",33543885,19232227,19232227
2020-02-01,EU-27,0405,Butter and other fats and oils derived from milk; dairy spreads,4017307,633232,633232
2020-02-01,EU-27,0406,Cheese and curd,5951719,1014231,1014231
2020-02-01,New Zealand,0401,"Milk and cream; not concentrated, not containing added sugar or other sweetening matter",50643275,24922324,24922324
2020-02-01,New Zealand,0402,Milk and cream; concentrated or containing added sugar or other sweetening matter,301238797,92000160,92000160
2020-02-01,New Zealand,0403,"Buttermilk, curdled milk and cream, yoghurt, kephir, fermented or acidified milk or cream, whether or not concentrated, containing added sugar, sweetening matter, flavoured or added fruit or cocoa",858755,318389,318389
2020-02-01,New Zealand,0404,"Whey and products consisting of natural milk constituents; whether or not containing added sugar or other sweetening matter, not elsewhere specified or included",849233,247370,247370
2020-02-01,New Zealand,0405,Butter and other fats and oils derived from milk; dairy spreads,38375650,8032950,8032950
2020-02-01,New Zealand,0406,Cheese and curd,19312743,4400409,4400409
2020-03-01,EU-27,0401,"Milk and cream; not concentrated, not containing added sugar or other sweetening matter",47642078,49562503,49562503
2020-03-01,EU-27,0402,Milk and cream; concentrated or containing added sugar or other sweetening matter,31808910,9516854,9516854
2020-03-01,EU-27,0403,"Buttermilk, curdled milk and cream, yoghurt, kephir, fermented or acidified milk or cream, whether or not concentrated, containing added sugar, sweetening matter, flavoured or added fruit or cocoa",4237178,2704917,2704917
2020-03-01,EU-27,0404,"Whey and products consisting of natural milk constituents; whether or not containing added sugar or other sweetening matter, not elsewhere specified or included",29786422,17550394,17550394
2020-03-01,EU-27,0405,Butter and other fats and oils derived from milk; dairy spreads,4572468,782625,782625
2020-03-01,EU-27,0406,Cheese and curd,12496789,2574971,2574971
2020-03-01,New Zealand,0401,"Milk and cream; not concentrated, not containing added sugar or other sweetening matter",25983780,16648258,16648258
2020-03-01,New Zealand,0402,Milk and cream; concentrated or containing added sugar or other sweetening matter,179203225,54075516,54075516
2020-03-01,New Zealand,0403,"Buttermilk, curdled milk and cream, yoghurt, kephir, fermented or acidified milk or cream, whether or not concentrated, containing added sugar, sweetening matter, flavoured or added fruit or cocoa",1516540,514844,514844
2020-03-01,New Zealand,0404,"Whey and products consisting of natural milk constituents; whether or not containing added sugar or other sweetening matter, not elsewhere specified or included",755938,222305,222305
2020-03-01,New Zealand,0405,Butter and other fats and oils derived from milk; dairy spreads,42460129,9068650,9068650
2020-03-01,New Zealand,0406,Cheese and curd,25854672,5987222,5987222
2020-04-01,EU-27,0401,"Milk and cream; not concentrated, not containing added sugar or other sweetening matter",37492285,40465575,40465575
2020-04-01,EU-27,0402,Milk and cream; concentrated or containing added sugar or other sweetening matter,38047271,12420989,12420989
2020-04-01,EU-27,0403,"Buttermilk, curdled milk and cream, yoghurt, kephir, fermented or acidified milk or cream, whether or not concentrated, containing added sugar, sweetening matter, flavoured or added fruit or cocoa",3602246,2578084,2578084
2020-04-01,EU-27,0404,"Whey and products consisting of natural milk constituents; whether or not containing added sugar or other sweetening matter, not elsewhere specified or included",24597823,14800862,14800862
2020-04-01,EU-27,0405,Butter and other fats and oils derived from milk; dairy spreads,5260371,852421,852421
2020-04-01,EU-27,0406,Cheese and curd,7759923,1445936,1445936
2020-04-01,New Zealand,0401,"Milk and cream; not concentrated, not containing added sugar or other sweetening matter",35114528,20968260,20968260
2020-04-01,New Zealand,0402,Milk and cream; concentrated or containing added sugar or other sweetening matter,235276085,68967742,68967742
2020-04-01,New Zealand,0403,"Buttermilk, curdled milk and cream, yoghurt, kephir, fermented or acidified milk or cream, whether or not concentrated, containing added sugar, sweetening matter, flavoured or added fruit or cocoa",410433,127836,127836
2020-04-01,New Zealand,0404,"Whey and products consisting of natural milk constituents; whether or not containing added sugar or other sweetening matter, not elsewhere specified or included",860159,186496,186496
2020-04-01,New Zealand,0405,Butter and other fats and oils derived from milk; dairy spreads,32317624,7049070,7049070
2020-04-01,New Zealand,0406,Cheese and curd,26054747,5977108,5977108
2020-05-01,EU-27,0401,"Milk and cream; not concentrated, not containing added sugar or other sweetening matter",37650935,38593279,38593279
2020-05-01,EU-27,0402,Milk and cream; concentrated or containing added sugar or other sweetening matter,25207810,7824811,7824811
2020-05-01,EU-27,0403,"Buttermilk, curdled milk and cream, yoghurt, kephir, fermented or acidified milk or cream, whether or not concentrated, containing added sugar, sweetening matter, flavoured or added fruit or cocoa",3653726,2445142.776,2445142.776
2020-05-01,EU-27,0404,"Whey and products consisting of natural milk constituents; whether or not containing added sugar or other sweetening matter, not elsewhere specified or included",41631739,24025255,24025255
2020-05-01,EU-27,0405,Butter and other fats and oils derived from milk; dairy spreads,5817621,970969,970969
2020-05-01,EU-27,0406,Cheese and curd,7325239,1293957,1293957
2020-05-01,New Zealand,0401,"Milk and cream; not concentrated, not containing added sugar or other sweetening matter",42748550,22263179,22263179
2020-05-01,New Zealand,0402,Milk and cream; concentrated or containing added sugar or other sweetening matter,163624000,48724893,48724893
2020-05-01,New Zealand,0403,"Buttermilk, curdled milk and cream, yoghurt, kephir, fermented or acidified milk or cream, whether or not concentrated, containing added sugar, sweetening matter, flavoured or added fruit or cocoa",1274446,434947,434947
2020-05-01,New Zealand,0404,"Whey and products consisting of natural milk constituents; whether or not containing added sugar or other sweetening matter, not elsewhere specified or included",1118392,239875,239875
2020-05-01,New Zealand,0405,Butter and other fats and oils derived from milk; dairy spreads,27725716,5807500,5807500
2020-05-01,New Zealand,0406,Cheese and curd,8530149,1915201,1915201
2020-06-01,EU-27,0401,"Milk and cream; not concentrated, not containing added sugar or other sweetening matter",53581542,49817573,49817573
2020-06-01,EU-27,0402,Milk and cream; concentrated or containing added sugar or other sweetening matter,31547529,10076573,10076573
2020-06-01,EU-27,0403,"Buttermilk, curdled milk and cream, yoghurt, kephir, fermented or acidified milk or cream, whether or not concentrated, containing added sugar, sweetening matter, flavoured or added fruit or cocoa",4016909,2517201.3,2517201.3
2020-06-01,EU-27,0404,"Whey and products consisting of natural milk constituents; whether or not containing added sugar or other sweetening matter, not elsewhere specified or included",40979031,24286763.567,24286763.567
2020-06-01,EU-27,0405,Butter and other fats and oils derived from milk; dairy spreads,8073476,1435958,1435958
2020-06-01,EU-27,0406,Cheese and curd,15661634,3069923,3069923
2020-06-01,New Zealand,0401,"Milk and cream; not concentrated, not containing added sugar or other sweetening matter",48436148,22428390,22428390
2020-06-01,New Zealand,0402,Milk and cream; concentrated or containing added sugar or other sweetening matter,138944504,41971822,41971822
2020-06-01,New Zealand,0403,"Buttermilk, curdled milk and cream, yoghurt, kephir, fermented or acidified milk or cream, whether or not concentrated, containing added sugar, sweetening matter, flavoured or added fruit or cocoa",580893,207497,207497
2020-06-01,New Zealand,0404,"Whey and products consisting of natural milk constituents; whether or not containing added sugar or other sweetening matter, not elsewhere specified or included",1369066,348618,348618
2020-06-01,New Zealand,0405,Butter and other fats and oils derived from milk; dairy spreads,32899409,6536200,6536200
2020-06-01,New Zealand,0406,Cheese and curd,26215083,5805544,5805544
2020-07-01,EU-27,0401,"Milk and cream; not concentrated, not containing added sugar or other sweetening matter",64265833,52907695,52907695
2020-07-01,EU-27,0402,Milk and cream; concentrated or containing added sugar or other sweetening matter,43168843,14467356,14467356
2020-07-01,EU-27,0403,"Buttermilk, curdled milk and cream, yoghurt, kephir, fermented or acidified milk or cream, whether or not concentrated, containing added sugar, sweetening matter, flavoured or added fruit or cocoa",4875190,2902167,2902167
2020-07-01,EU-27,0404,"Whey and products consisting of natural milk constituents; whether or not containing added sugar or other sweetening matter, not elsewhere specified or included",55600465,30470085,30470085
2020-07-01,EU-27,0405,Butter and other fats and oils derived from milk; dairy spreads,12912738,2377997,2377997
2020-07-01,EU-27,0406,Cheese and curd,16445377,3146570.643,3146570.643
2020-07-01,New Zealand,0401,"Milk and cream; not concentrated, not containing added sugar or other sweetening matter",47486442,25920307,25920307
2020-07-01,New Zealand,0402,Milk and cream; concentrated or containing added sugar or other sweetening matter,130350058,41229659,41229659
2020-07-01,New Zealand,0403,"Buttermilk, curdled milk and cream, yoghurt, kephir, fermented or acidified milk or cream, whether or not concentrated, containing added sugar, sweetening matter, flavoured or added fruit or cocoa",305953,93141,93141
2020-07-01,New Zealand,0404,"Whey and products consisting of natural milk constituents; whether or not containing added sugar or other sweetening matter, not elsewhere specified or included",1304832,339273,339273
2020-07-01,New Zealand,0405,Butter and other fats and oils derived from milk; dairy spreads,38776665,8118550,8118550
2020-07-01,New Zealand,0406,Cheese and curd,38164860,8791643,8791643
2020-08-01,EU-27,0401,"Milk and cream; not concentrated, not containing added sugar or other sweetening matter",64989109,59094857,59094857
2020-08-01,EU-27,0402,Milk and cream; concentrated or containing added sugar or other sweetening matter,36374463,12163400,12163400
2020-08-01,EU-27,0403,"Buttermilk, curdled milk and cream, yoghurt, kephir, fermented or acidified milk or cream, whether or not concentrated, containing added sugar, sweetening matter, flavoured or added fruit or cocoa",4616389,2722678,2722678
2020-08-01,EU-27,0404,"Whey and products consisting of natural milk constituents; whether or not containing added sugar or other sweetening matter, not elsewhere specified or included",47565565,25294870,25294870
2020-08-01,EU-27,0405,Butter and other fats and oils derived from milk; dairy spreads,10571395,2017226,2017226
2020-08-01,EU-27,0406,Cheese and curd,13608654,2592547,2592547
2020-08-01,New Zealand,0401,"Milk and cream; not concentrated, not containing added sugar or other sweetening matter",34828640,22359500,22359500
2020-08-01,New Zealand,0402,Milk and cream; concentrated or containing added sugar or other sweetening matter,101899119,32746109,32746109
2020-08-01,New Zealand,0403,"Buttermilk, curdled milk and cream, yoghurt, kephir, fermented or acidified milk or cream, whether or not concentrated, containing added sugar, sweetening matter, flavoured or added fruit or cocoa",1186718,473750,473750
2020-08-01,New Zealand,0404,"Whey and products consisting of natural milk constituents; whether or not containing added sugar or other sweetening matter, not elsewhere specified or included",1351871,581524,581524
2020-08-01,New Zealand,0405,Butter and other fats and oils derived from milk; dairy spreads,25450598,5477630,5477630
2020-08-01,New Zealand,0406,Cheese and curd,22460521,5256605,5256605
2020-09-01,EU-27,0401,"Milk and cream; not concentrated, not containing added sugar or other sweetening matter",63938656,61549286,61549286
2020-09-01,EU-27,0402,Milk and cream; concentrated or containing added sugar or other sweetening matter,56454055,16375136,16375136
2020-09-01,EU-27,0403,"Buttermilk, curdled milk and cream, yoghurt, kephir, fermented or acidified milk or cream, whether or not concentrated, containing added sugar, sweetening matter, flavoured or added fruit or cocoa",4510227,2525276,2525276
2020-09-01,EU-27,0404,"Whey and products consisting of natural milk constituents; whether or not containing added sugar or other sweetening matter, not elsewhere specified or included",48406278,26695609,26695609
2020-09-01,EU-27,0405,Butter and other fats and oils derived from milk; dairy spreads,9122842,1631572,1631572
2020-09-01,EU-27,0406,Cheese and curd,13804704,2680547,2680547
2020-09-01,New Zealand,0401,"Milk and cream; not concentrated, not containing added sugar or other sweetening matter",43391701,26726650,26726650
2020-09-01,New Zealand,0402,Milk and cream; concentrated or containing added sugar or other sweetening matter,72742168,22327225,22327225
2020-09-01,New Zealand,0403,"Buttermilk, curdled milk and cream, yoghurt, kephir, fermented or acidified milk or cream, whether or not concentrated, containing added sugar, sweetening matter, flavoured or added fruit or cocoa",672791,261824,261824
2020-09-01,New Zealand,0404,"Whey and products consisting of natural milk constituents; whether or not containing added sugar or other sweetening matter, not elsewhere specified or included",741531,250982,250982
2020-09-01,New Zealand,0405,Butter and other fats and oils derived from milk; dairy spreads,9460063,2006370,2006370
2020-09-01,New Zealand,0406,Cheese and curd,19145909,4305003,4305003
2020-10-01,EU-27,0401,"Milk and cream; not concentrated, not containing added sugar or other sweetening matter",61314674,65220895,65220895
2020-10-01,EU-27,0402,Milk and cream; concentrated or containing added sugar or other sweetening matter,43054323,11979289,11979289
2020-10-01,EU-27,0403,"Buttermilk, curdled milk and cream, yoghurt, kephir, fermented or acidified milk or cream, whether or not concentrated, containing added sugar, sweetening matter, flavoured or added fruit or cocoa",3815519,2089693,2089693
2020-10-01,EU-27,0404,"Whey and products consisting of natural milk constituents; whether or not containing added sugar or other sweetening matter, not elsewhere specified or included",45217183,23034778.959,23034778.959
2020-10-01,EU-27,0405,Butter and other fats and oils derived from milk; dairy spreads,7630250,1410094,1410094
2020-10-01,EU-27,0406,Cheese and curd,12218552,2144623,2144623
2020-10-01,New Zealand,0401,"Milk and cream; not concentrated, not containing added sugar or other sweetening matter",48294113,27081280,27081280
2020-10-01,New Zealand,0402,Milk and cream; concentrated or containing added sugar or other sweetening matter,100487891,32012327,32012327
2020-10-01,New Zealand,0403,"Buttermilk, curdled milk and cream, yoghurt, kephir, fermented or acidified milk or cream, whether or not concentrated, containing added sugar, sweetening matter, flavoured or added fruit or cocoa",714508,249555,249555
2020-10-01,New Zealand,0404,"Whey and products consisting of natural milk constituents; whether or not containing added sugar or other sweetening matter, not elsewhere specified or included",459900,157393,157393
2020-10-01,New Zealand,0405,Butter and other fats and oils derived from milk; dairy spreads,21428912,4782210,4782210
2020-10-01,New Zealand,0406,Cheese and curd,19523310,4694115,4694115
2020-11-01,EU-27,0401,"Milk and cream; not concentrated, not containing added sugar or other sweetening matter",61278187,62661887,62661887
2020-11-01,EU-27,0402,Milk and cream; concentrated or containing added sugar or other sweetening matter,41341130,12263037,12263037
2020-11-01,EU-27,0403,"Buttermilk, curdled milk and cream, yoghurt, kephir, fermented or acidified milk or cream, whether or not concentrated, containing added sugar, sweetening matter, flavoured or added fruit or cocoa",2888628,1658946,1658946
2020-11-01,EU-27,0404,"Whey and products consisting of natural milk constituents; whether or not containing added sugar or other sweetening matter, not elsewhere specified or included",29113803,17704936,17704936
2020-11-01,EU-27,0405,Butter and other fats and oils derived from milk; dairy spreads,5244840,887133,887133
2020-11-01,EU-27,0406,Cheese and curd,14976780,2874889,2874889
2020-11-01,New Zealand,0401,"Milk and cream; not concentrated, not containing added sugar or other sweetening matter",51982028,30600430,30600430
2020-11-01,New Zealand,0402,Milk and cream; concentrated or containing added sugar or other sweetening matter,154316752,47866291,47866291
2020-11-01,New Zealand,0403,"Buttermilk, curdled milk and cream, yoghurt, kephir, fermented or acidified milk or cream, whether or not concentrated, containing added sugar, sweetening matter, flavoured or added fruit or cocoa",816863,283142,283142
2020-11-01,New Zealand,0404,"Whey and products consisting of natural milk constituents; whether or not containing added sugar or other sweetening matter, not elsewhere specified or included",361323,156469,156469
2020-11-01,New Zealand,0405,Butter and other fats and oils derived from milk; dairy spreads,36599368,9292760,9292760
2020-11-01,New Zealand,0406,Cheese and curd,26785804,6456078,6456078
2020-12-01,EU-27,0401,"Milk and cream; not concentrated, not containing added sugar or other sweetening matter",66707894,58892269,58892269
2020-12-01,EU-27,0402,Milk and cream; concentrated or containing added sugar or other sweetening matter,39329483,11553948,11553948
2020-12-01,EU-27,0403,"Buttermilk, curdled milk and cream, yoghurt, kephir, fermented or acidified milk or cream, whether or not concentrated, containing added sugar, sweetening matter, flavoured or added fruit or cocoa",2994392,1816922,1816922
2020-12-01,EU-27,0404,"Whey and products consisting of natural milk constituents; whether or not containing added sugar or other sweetening matter, not elsewhere specified or included",37684980,20540547,20540547
2020-12-01,EU-27,0405,Butter and other fats and oils derived from milk; dairy spreads,8119022,1287490,1287490
2020-12-01,EU-27,0406,Cheese and curd,15962755,2638417,2638417
2020-12-01,New Zealand,0401,"Milk and cream; not concentrated, not containing added sugar or other sweetening matter",55314268,42260250,42260250
2020-12-01,New Zealand,0402,Milk and cream; concentrated or containing added sugar or other sweetening matter,157422534,49859636,49859636
2020-12-01,New Zealand,0403,"Buttermilk, curdled milk and cream, yoghurt, kephir, fermented or acidified milk or cream, whether or not concentrated, containing added sugar, sweetening matter, flavoured or added fruit or cocoa",702719,269722,269722
2020-12-01,New Zealand,0404,"Whey and products consisting of natural milk constituents; whether or not containing added sugar or other sweetening matter, not elsewhere specified or included",1677276,605265.581,605265.581
2020-12-01,New Zealand,0405,Butter and other fats and oils derived from milk; dairy spreads,27391200,6721280,6721280
2020-12-01,New Zealand,0406,Cheese and curd,26051324,6364861,6364861
2021-01-01,EU-27,0401,"Milk and cream; not concentrated, not containing added sugar or other sweetening matter",73104066,64978882,64978882
2021-01-01,EU-27,0402,Milk and cream; concentrated or containing added sugar or other sweetening matter,40870703,12562919,12562919
2021-01-01,EU-27,0403,"Buttermilk, curdled milk and cream, yoghurt, kephir, fermented or acidified milk or cream, whether or not concentrated, containing added sugar, sweetening matter, flavoured or added fruit or cocoa",2358753,1430676,1430676
2021-01-01,EU-27,0404,"Whey and products consisting of natural milk constituents; whether or not containing added sugar or other sweetening matter, not elsewhere specified or included",42443815,25224973.094,25224973.094
2021-01-01,EU-27,0405,Butter and other fats and oils derived from milk; dairy spreads,6840189,1133333,1133333
2021-01-01,EU-27,0406,Cheese and curd,16691199,2902296,2902296
2021-01-01,New Zealand,0401,"Milk and cream; not concentrated, not containing added sugar or other sweetening matter",62240286,36497950,36497950
2021-01-01,New Zealand,0402,Milk and cream; concentrated or containing added sugar or other sweetening matter,705548697,228227290,228227290
2021-01-01,New Zealand,0403,"Buttermilk, curdled milk and cream, yoghurt, kephir, fermented or acidified milk or cream, whether or not concentrated, containing added sugar, sweetening matter, flavoured or added fruit or cocoa",533941,183937,183937
2021-01-01,New Zealand,0404,"Whey and products consisting of natural milk constituents; whether or not containing added sugar or other sweetening matter, not elsewhere specified or included",1261043,311851,311851
2021-01-01,New Zealand,0405,Butter and other fats and oils derived from milk; dairy spreads,72348494,18405270,18405270
2021-01-01,New Zealand,0406,Cheese and curd,58314370,14301790,14301790
2021-02-01,EU-27,0401,"Milk and cream; not concentrated, not containing added sugar or other sweetening matter",49978919,44994370,44994370
2021-02-01,EU-27,0402,Milk and cream; concentrated or containing added sugar or other sweetening matter,32667186,10327598.26,10327598.26
2021-02-01,EU-27,0403,"Buttermilk, curdled milk and cream, yoghurt, kephir, fermented or acidified milk or cream, whether or not concentrated, containing added sugar, sweetening matter, flavoured or added fruit or cocoa",1576946,1007340,1007340
2021-02-01,EU-27,0404,"Whey and products consisting of natural milk constituents; whether or not containing added sugar or other sweetening matter, not elsewhere specified or included",38578485,22655462,22655462
2021-02-01,EU-27,0405,Butter and other fats and oils derived from milk; dairy spreads,3906755,746684,746684
2021-02-01,EU-27,0406,Cheese and curd,10427060,1871075,1871075
2021-02-01,New Zealand,0401,"Milk and cream; not concentrated, not containing added sugar or other sweetening matter",49327377,27609783,27609783
2021-02-01,New Zealand,0402,Milk and cream; concentrated or containing added sugar or other sweetening matter,186734136,59738223,59738223
2021-02-01,New Zealand,0403,"Buttermilk, curdled milk and cream, yoghurt, kephir, fermented or acidified milk or cream, whether or not concentrated, containing added sugar, sweetening matter, flavoured or added fruit or cocoa",374494,129802,129802
2021-02-01,New Zealand,0404,"Whey and products consisting of natural milk constituents; whether or not containing added sugar or other sweetening matter, not elsewhere specified or included",996696,196996,196996
2021-02-01,New Zealand,0405,Butter and other fats and oils derived from milk; dairy spreads,23672116,5737700,5737700
2021-02-01,New Zealand,0406,Cheese and curd,30499662,7367160,7367160
2021-03-01,EU-27,0401,"Milk and cream; not concentrated, not containing added sugar or other sweetening matter",80990241,66493930,66493930
2021-03-01,EU-27,0402,Milk and cream; concentrated or containing added sugar or other sweetening matter,37338832,11052443.169,11052443.169
2021-03-01,EU-27,0403,"Buttermilk, curdled milk and cream, yoghurt, kephir, fermented or acidified milk or cream, whether or not concentrated, containing added sugar, sweetening matter, flavoured or added fruit or cocoa",4020558,2223924,2223924
2021-03-01,EU-27,0404,"Whey and products consisting of natural milk constituents; whether or not containing added sugar or other sweetening matter, not elsewhere specified or included",41288961,26112743.605,26112743.605
2021-03-01,EU-27,0405,Butter and other fats and oils derived from milk; dairy spreads,10556522,1856881,1856881
2021-03-01,EU-27,0406,Cheese and curd,19872210,3349180,3349180
2021-03-01,New Zealand,0401,"Milk and cream; not concentrated, not containing added sugar or other sweetening matter",78565042,39420200,39420200
2021-03-01,New Zealand,0402,Milk and cream; concentrated or containing added sugar or other sweetening matter,289056148,89641907,89641907
2021-03-01,New Zealand,0403,"Buttermilk, curdled milk and cream, yoghurt, kephir, fermented or acidified milk or cream, whether or not concentrated, containing added sugar, sweetening matter, flavoured or added fruit or cocoa",879637,304624,304624
2021-03-01,New Zealand,0404,"Whey and products consisting of natural milk constituents; whether or not containing added sugar or other sweetening matter, not elsewhere specified or included",1963618,598042,598042
2021-03-01,New Zealand,0405,Butter and other fats and oils derived from milk; dairy spreads,47964777,11402170,11402170
2021-03-01,New Zealand,0406,Cheese and curd,49775042,11913430,11913430
2021-04-01,EU-27,0401,"Milk and cream; not concentrated, not containing added sugar or other sweetening matter",70851963,61867119,61867119
2021-04-01,EU-27,0402,Milk and cream; concentrated or containing added sugar or other sweetening matter,32932739,9800819,9800819
2021-04-01,EU-27,0403,"Buttermilk, curdled milk and cream, yoghurt, kephir, fermented or acidified milk or cream, whether or not concentrated, containing added sugar, sweetening matter, flavoured or added fruit or cocoa",2867545,1232427,1232427
2021-04-01,EU-27,0404,"Whey and products consisting of natural milk constituents; whether or not containing added sugar or other sweetening matter, not elsewhere specified or included",39794256,21965343,21965343
2021-04-01,EU-27,0405,Butter and other fats and oils derived from milk; dairy spreads,11036347,1949622,1949622
2021-04-01,EU-27,0406,Cheese and curd,20858099,3886706,3886706
2021-04-01,New Zealand,0401,"Milk and cream; not concentrated, not containing added sugar or other sweetening matter",50363597,25229160,25229160
2021-04-01,New Zealand,0402,Milk and cream; concentrated or containing added sugar or other sweetening matter,230009239,69126663,69126663
2021-04-01,New Zealand,0403,"Buttermilk, curdled milk and cream, yoghurt, kephir, fermented or acidified milk or cream, whether or not concentrated, containing added sugar, sweetening matter, flavoured or added fruit or cocoa",532143,190496,190496
2021-04-01,New Zealand,0404,"Whey and products consisting of natural milk constituents; whether or not containing added sugar or other sweetening matter, not elsewhere specified or included",1365993,286226,286226
2021-04-01,New Zealand,0405,Butter and other fats and oils derived from milk; dairy spreads,57156413,12356790,12356790
2021-04-01,New Zealand,0406,Cheese and curd,31156191,7334789,7334789
2021-05-01,EU-27,0401,"Milk and cream; not concentrated, not containing added sugar or other sweetening matter",93833252,81200270,81200270
2021-05-01,EU-27,0402,Milk and cream; concentrated or containing added sugar or other sweetening matter,51124109,16475640.916,16475640.916
2021-05-01,EU-27,0403,"Buttermilk, curdled milk and cream, yoghurt, kephir, fermented or acidified milk or cream, whether or not concentrated, containing added sugar, sweetening matter, flavoured or added fruit or cocoa",3713151,1802780,1802780
2021-05-01,EU-27,0404,"Whey and products consisting of natural milk constituents; whether or not containing added sugar or other sweetening matter, not elsewhere specified or included",59307302,31844468,31844468
2021-05-01,EU-27,0405,Butter and other fats and oils derived from milk; dairy spreads,13564207,2361302,2361302
2021-05-01,EU-27,0406,Cheese and curd,21306939,3964268,3964268
2021-05-01,New Zealand,0401,"Milk and cream; not concentrated, not containing added sugar or other sweetening matter",73055771,38336580,38336580
2021-05-01,New Zealand,0402,Milk and cream; concentrated or containing added sugar or other sweetening matter,279482229,79258283,79258283
2021-05-01,New Zealand,0403,"Buttermilk, curdled milk and cream, yoghurt, kephir, fermented or acidified milk or cream, whether or not concentrated, containing added sugar, sweetening matter, flavoured or added fruit or cocoa",661315,239319,239319
2021-05-01,New Zealand,0404,"Whey and products consisting of natural milk constituents; whether or not containing added sugar or other sweetening matter, not elsewhere specified or included",1067316,281813,281813
2021-05-01,New Zealand,0405,Butter and other fats and oils derived from milk; dairy spreads,55355544,11367550,11367550
2021-05-01,New Zealand,0406,Cheese and curd,34581684,8361124,8361124
2021-06-01,EU-27,0401,"Milk and cream; not concentrated, not containing added sugar or other sweetening matter",76897522,62460815,62460815
2021-06-01,EU-27,0402,Milk and cream; concentrated or containing added sugar or other sweetening matter,48089644,13700546,13700546
2021-06-01,EU-27,0403,"Buttermilk, curdled milk and cream, yoghurt, kephir, fermented or acidified milk or cream, whether or not concentrated, containing added sugar, sweetening matter, flavoured or added fruit or cocoa",4176638,2721358,2721358
2021-06-01,EU-27,0404,"Whey and products consisting of natural milk constituents; whether or not containing added sugar or other sweetening matter, not elsewhere specified or included",43703218,23352118,23352118
2021-06-01,EU-27,0405,Butter and other fats and oils derived from milk; dairy spreads,11265605,1898721,1898721
2021-06-01,EU-27,0406,Cheese and curd,18963232,3463472,3463472
2021-06-01,New Zealand,0401,"Milk and cream; not concentrated, not containing added sugar or other sweetening matter",55441795,23283067,23283067
2021-06-01,New Zealand,0402,Milk and cream; concentrated or containing added sugar or other sweetening matter,258916564,69919078,69919078
2021-06-01,New Zealand,0403,"Buttermilk, curdled milk and cream, yoghurt, kephir, fermented or acidified milk or cream, whether or not concentrated, containing added sugar, sweetening matter, flavoured or added fruit or cocoa",679189,177842,177842
2021-06-01,New Zealand,0404,"Whey and products consisting of natural milk constituents; whether or not containing added sugar or other sweetening matter, not elsewhere specified or included",1725628,288946,288946
2021-06-01,New Zealand,0405,Butter and other fats and oils derived from milk; dairy spreads,40358676,7453710,7453710
2021-06-01,New Zealand,0406,Cheese and curd,36919645,8398151,8398151
2021-07-01,EU-27,0401,"Milk and cream; not concentrated, not containing added sugar or other sweetening matter",80092256,64032830,64032830
2021-07-01,EU-27,0402,Milk and cream; concentrated or containing added sugar or other sweetening matter,67158347,20028631,20028631
2021-07-01,EU-27,0403,"Buttermilk, curdled milk and cream, yoghurt, kephir, fermented or acidified milk or cream, whether or not concentrated, containing added sugar, sweetening matter, flavoured or added fruit or cocoa",3472365,1893523,1893523
2021-07-01,EU-27,0404,"Whey and products consisting of natural milk constituents; whether or not containing added sugar or other sweetening matter, not elsewhere specified or included",45463998,23104722,23104722
2021-07-01,EU-27,0405,Butter and other fats and oils derived from milk; dairy spreads,9688970,1641440,1641440
2021-07-01,EU-27,0406,Cheese and curd,17533064,3201529,3201529
2021-07-01,New Zealand,0401,"Milk and cream; not concentrated, not containing added sugar or other sweetening matter",30537159,18090330,18090330
2021-07-01,New Zealand,0402,Milk and cream; concentrated or containing added sugar or other sweetening matter,293797948,75530852,75530852
2021-07-01,New Zealand,0403,"Buttermilk, curdled milk and cream, yoghurt, kephir, fermented or acidified milk or cream, whether or not concentrated, containing added sugar, sweetening matter, flavoured or added fruit or cocoa",75970,9228,9228
2021-07-01,New Zealand,0404,"Whey and products consisting of natural milk constituents; whether or not containing added sugar or other sweetening matter, not elsewhere specified or included",969836,255014,255014
2021-07-01,New Zealand,0405,Butter and other fats and oils derived from milk; dairy spreads,59801564,10324060,10324060
2021-07-01,New Zealand,0406,Cheese and curd,39178187,9012691,9012691
2021-08-01,EU-27,0401,"Milk and cream; not concentrated, not containing added sugar or other sweetening matter",87468003,74602899,74602899
2021-08-01,EU-27,0402,Milk and cream; concentrated or containing added sugar or other sweetening matter,63946115,19195289,19195289
2021-08-01,EU-27,0403,"Buttermilk, curdled milk and cream, yoghurt, kephir, fermented or acidified milk or cream, whether or not concentrated, containing added sugar, sweetening matter, flavoured or added fruit or cocoa",6823924,3441014.532,3441014.532
2021-08-01,EU-27,0404,"Whey and products consisting of natural milk constituents; whether or not containing added sugar or other sweetening matter, not elsewhere specified or included",54434371,25403303.035,25403303.035
2021-08-01,EU-27,0405,Butter and other fats and oils derived from milk; dairy spreads,10099155,1612876,1612876
2021-08-01,EU-27,0406,Cheese and curd,22664574,4404326,4404326
2021-08-01,New Zealand,0401,"Milk and cream; not concentrated, not containing added sugar or other sweetening matter",51797855,26764030,26764030
2021-08-01,New Zealand,0402,Milk and cream; concentrated or containing added sugar or other sweetening matter,275582629,68273018,68273018
2021-08-01,New Zealand,0403,"Buttermilk, curdled milk and cream, yoghurt, kephir, fermented or acidified milk or cream, whether or not concentrated, containing added sugar, sweetening matter, flavoured or added fruit or cocoa",260999,63732,63732
2021-08-01,New Zealand,0404,"Whey and products consisting of natural milk constituents; whether or not containing added sugar or other sweetening matter, not elsewhere specified or included",1668517,570513,570513
2021-08-01,New Zealand,0405,Butter and other fats and oils derived from milk; dairy spreads,42756152,6934750,6934750
2021-08-01,New Zealand,0406,Cheese and curd,33792311,7707297,7707297
2021-09-01,EU-27,0401,"Milk and cream; not concentrated, not containing added sugar or other sweetening matter",66564382,56570811,56570811
2021-09-01,EU-27,0402,Milk and cream; concentrated or containing added sugar or other sweetening matter,63509208,18855006,18855006
2021-09-01,EU-27,0403,"Buttermilk, curdled milk and cream, yoghurt, kephir, fermented or acidified milk or cream, whether or not concentrated, containing added sugar, sweetening matter, flavoured or added fruit or cocoa",3867788,2128592,2128592
2021-09-01,EU-27,0404,"Whey and products consisting of natural milk constituents; whether or not containing added sugar or other sweetening matter, not elsewhere specified or included",37928055,19372700,19372700
2021-09-01,EU-27,0405,Butter and other fats and oils derived from milk; dairy spreads,5437778,910312,910312
2021-09-01,EU-27,0406,Cheese and curd,18949579,3656105,3656105
2021-09-01,New Zealand,0401,"Milk and cream; not concentrated, not containing added sugar or other sweetening matter",53772237,25689438,25689438
2021-09-01,New Zealand,0402,Milk and cream; concentrated or containing added sugar or other sweetening matter,116330569,27187551,27187551
2021-09-01,New Zealand,0403,"Buttermilk, curdled milk and cream, yoghurt, kephir, fermented or acidified milk or cream, whether or not concentrated, containing added sugar, sweetening matter, flavoured or added fruit or cocoa",253078,59307,59307
2021-09-01,New Zealand,0404,"Whey and products consisting of natural milk constituents; whether or not containing added sugar or other sweetening matter, not elsewhere specified or included",2024715,464751,464751
2021-09-01,New Zealand,0405,Butter and other fats and oils derived from milk; dairy spreads,25101169,4233660,4233660
2021-09-01,New Zealand,0406,Cheese and curd,12589864,2921954,2921954
2021-10-01,EU-27,0401,"Milk and cream; not concentrated, not containing added sugar or other sweetening matter",59895543,50969131,50969131
2021-10-01,EU-27,0402,Milk and cream; concentrated or containing added sugar or other sweetening matter,60230120,17389979,17389979
2021-10-01,EU-27,0403,"Buttermilk, curdled milk and cream, yoghurt, kephir, fermented or acidified milk or cream, whether or not concentrated, containing added sugar, sweetening matter, flavoured or added fruit or cocoa",3876907,2079765,2079765
2021-10-01,EU-27,0404,"Whey and products consisting of natural milk constituents; whether or not containing added sugar or other sweetening matter, not elsewhere specified or included",37442718,19377395,19377395
2021-10-01,EU-27,0405,Butter and other fats and oils derived from milk; dairy spreads,8680370,1395735,1395735
2021-10-01,EU-27,0406,Cheese and curd,16105545,2653092,2653092
2021-10-01,New Zealand,0401,"Milk and cream; not concentrated, not containing added sugar or other sweetening matter",59135358,29501390,29501390
2021-10-01,New Zealand,0402,Milk and cream; concentrated or containing added sugar or other sweetening matter,113663564,27295484,27295484
2021-10-01,New Zealand,0403,"Buttermilk, curdled milk and cream, yoghurt, kephir, fermented or acidified milk or cream, whether or not concentrated, containing added sugar, sweetening matter, flavoured or added fruit or cocoa",160974,31045,31045
2021-10-01,New Zealand,0404,"Whey and products consisting of natural milk constituents; whether or not containing added sugar or other sweetening matter, not elsewhere specified or included",879912,179253,179253
2021-10-01,New Zealand,0405,Butter and other fats and oils derived from milk; dairy spreads,25471703,4307760,4307760
2021-10-01,New Zealand,0406,Cheese and curd,8278913,1852395,1852395
2021-11-01,EU-27,0401,"Milk and cream; not concentrated, not containing added sugar or other sweetening matter",68387218,55508881,55508881
2021-11-01,EU-27,0402,Milk and cream; concentrated or containing added sugar or other sweetening matter,48335378,13685815,13685815
2021-11-01,EU-27,0403,"Buttermilk, curdled milk and cream, yoghurt, kephir, fermented or acidified milk or cream, whether or not concentrated, containing added sugar, sweetening matter, flavoured or added fruit or cocoa",4059764,2089825,2089825
2021-11-01,EU-27,0404,"Whey and products consisting of natural milk constituents; whether or not containing added sugar or other sweetening matter, not elsewhere specified or included",39878884,19744686,19744686
2021-11-01,EU-27,0405,Butter and other fats and oils derived from milk; dairy spreads,9838480,1529395,1529395
2021-11-01,EU-27,0406,Cheese and curd,15945703,2965765,2965765
2021-11-01,New Zealand,0401,"Milk and cream; not concentrated, not containing added sugar or other sweetening matter",79135912,33643310,33643310
2021-11-01,New Zealand,0402,Milk and cream; concentrated or containing added sugar or other sweetening matter,260610033,65209214,65209214
2021-11-01,New Zealand,0403,"Buttermilk, curdled milk and cream, yoghurt, kephir, fermented or acidified milk or cream, whether or not concentrated, containing added sugar, sweetening matter, flavoured or added fruit or cocoa",501170,116215,116215
2021-11-01,New Zealand,0404,"Whey and products consisting of natural milk constituents; whether or not containing added sugar or other sweetening matter, not elsewhere specified or included",1919049,395011.372,395011.372
2021-11-01,New Zealand,0405,Butter and other fats and oils derived from milk; dairy spreads,23138998,3915610,3915610
2021-11-01,New Zealand,0406,Cheese and curd,40463500,9187800,9187800
2021-12-01,EU-27,0401,"Milk and cream; not concentrated, not containing added sugar or other sweetening matter",68883591,62263555,62263555
2021-12-01,EU-27,0402,Milk and cream; concentrated or containing added sugar or other sweetening matter,39081579,10768929,10768929
2021-12-01,EU-27,0403,"Buttermilk, curdled milk and cream, yoghurt, kephir, fermented or acidified milk or cream, whether or not concentrated, containing added sugar, sweetening matter, flavoured or added fruit or cocoa",4462760,2523111,2523111
2021-12-01,EU-27,0404,"Whey and products consisting of natural milk constituents; whether or not containing added sugar or other sweetening matter, not elsewhere specified or included",37910914,17683186,17683186
2021-12-01,EU-27,0405,Butter and other fats and oils derived from milk; dairy spreads,6628846,1036884,1036884
2021-12-01,EU-27,0406,Cheese and curd,19982762,3087090,3087090
2021-12-01,New Zealand,0401,"Milk and cream; not concentrated, not containing added sugar or other sweetening matter",93782852,39344160,39344160
2021-12-01,New Zealand,0402,Milk and cream; concentrated or containing added sugar or other sweetening matter,113421563,29198534,29198534
2021-12-01,New Zealand,0403,"Buttermilk, curdled milk and cream, yoghurt, kephir, fermented or acidified milk or cream, whether or not concentrated, containing added sugar, sweetening matter, flavoured or added fruit or cocoa",1049732,268210,268210
2021-12-01,New Zealand,0404,"Whey and products consisting of natural milk constituents; whether or not containing added sugar or other sweetening matter, not elsewhere specified or included",2693846,729832,729832
2021-12-01,New Zealand,0405,Butter and other fats and oils derived from milk; dairy spreads,41061688,7006560,7006560
2021-12-01,New Zealand,0406,Cheese and curd,33557200,7347804,7347804
2022-01-01,EU-27,0401,"Milk and cream; not concentrated, not containing added sugar or other sweetening matter",67246570,60430605,60430605
2022-01-01,EU-27,0402,Milk and cream; concentrated or containing added sugar or other sweetening matter,24419400,6200776,6200776
2022-01-01,EU-27,0403,"Yogurt; buttermilk, curdled milk and cream, kephir and other fermented or acidified milk and cream, whether or not concentrated or containing added sugar or other sweetening matter or flavoured or containing added fruit, nuts or cocoa.",3876711,2427565,2427565
2022-01-01,EU-27,0404,"Whey and products consisting of natural milk constituents; whether or not containing added sugar or other sweetening matter, not elsewhere specified or included",31181439,14183440,14183440
2022-01-01,EU-27,0405,Butter and other fats and oils derived from milk; dairy spreads,5467691,796318,796318
2022-01-01,EU-27,0406,Cheese and curd,14884487,2380757,2380757
2022-01-01,New Zealand,0401,"Milk and cream; not concentrated, not containing added sugar or other sweetening matter",67728386,34739150,34739150
2022-01-01,New Zealand,0402,Milk and cream; concentrated or containing added sugar or other sweetening matter,990572280,253140471,253140471
2022-01-01,New Zealand,0403,"Yogurt; buttermilk, curdled milk and cream, kephir and other fermented or acidified milk and cream, whether or not concentrated or containing added sugar or other sweetening matter or flavoured or containing added fruit, nuts or cocoa.",443848,114601,114601
2022-01-01,New Zealand,0404,"Whey and products consisting of natural milk constituents; whether or not containing added sugar or other sweetening matter, not elsewhere specified or included",3389278,756979,756979
2022-01-01,New Zealand,0405,Butter and other fats and oils derived from milk; dairy spreads,85727868,15147348.898,15147348.898
2022-01-01,New Zealand,0406,Cheese and curd,31446500,7034025,7034025
2022-02-01,EU-27,0401,"Milk and cream; not concentrated, not containing added sugar or other sweetening matter",43763176,41001919,41001919
2022-02-01,EU-27,0402,Milk and cream; concentrated or containing added sugar or other sweetening matter,23958067,6071718,6071718
2022-02-01,EU-27,0403,"Yogurt; buttermilk, curdled milk and cream, kephir and other fermented or acidified milk and cream, whether or not concentrated or containing added sugar or other sweetening matter or flavoured or containing added fruit, nuts or cocoa.",4041953,2369516,2369516
2022-02-01,EU-27,0404,"Whey and products consisting of natural milk constituents; whether or not containing added sugar or other sweetening matter, not elsewhere specified or included",30274426,13464114,13464114
2022-02-01,EU-27,0405,Butter and other fats and oils derived from milk; dairy spreads,4573732,634868,634868
2022-02-01,EU-27,0406,Cheese and curd,11503729,1798851,1798851
2022-02-01,New Zealand,0401,"Milk and cream; not concentrated, not containing added sugar or other sweetening matter",78515043,28597830,28597830
2022-02-01,New Zealand,0402,Milk and cream; concentrated or containing added sugar or other sweetening matter,297545497,75850867,75850867
2022-02-01,New Zealand,0403,"Yogurt; buttermilk, curdled milk and cream, kephir and other fermented or acidified milk and cream, whether or not concentrated or containing added sugar or other sweetening matter or flavoured or containing added fruit, nuts or cocoa.",207354,45367,45367
2022-02-01,New Zealand,0404,"Whey and products consisting of natural milk constituents; whether or not containing added sugar or other sweetening matter, not elsewhere specified or included",1641172,351144,351144
2022-02-01,New Zealand,0405,Butter and other fats and oils derived from milk; dairy spreads,60011933,10139410,10139410
2022-02-01,New Zealand,0406,Cheese and curd,37567664,8018009,8018009
2022-03-01,EU-27,0401,"Milk and cream; not concentrated, not containing added sugar or other sweetening matter",61662647,47441711,47441711
2022-03-01,EU-27,0402,Milk and cream; concentrated or containing added sugar or other sweetening matter,34985066,9003698,9003698
2022-03-01,EU-27,0403,"Yogurt; buttermilk, curdled milk and cream, kephir and other fermented or acidified milk and cream, whether or not concentrated or containing added sugar or other sweetening matter or flavoured or containing added fruit, nuts or cocoa.",4581438,2496916,2496916
2022-03-01,EU-27,0404,"Whey and products consisting of natural milk constituents; whether or not containing added sugar or other sweetening matter, not elsewhere specified or included",31670248,14848769,14848769
2022-03-01,EU-27,0405,Butter and other fats and oils derived from milk; dairy spreads,11623423,1576056,1576056
2022-03-01,EU-27,0406,Cheese and curd,22746853,4056263,4056263
2022-03-01,New Zealand,0401,"Milk and cream; not concentrated, not containing added sugar or other sweetening matter",71326560,27255030,27255030
2022-03-01,New Zealand,0402,Milk and cream; concentrated or containing added sugar or other sweetening matter,235598413,57156016,57156016
2022-03-01,New Zealand,0403,"Yogurt; buttermilk, curdled milk and cream, kephir and other fermented or acidified milk and cream, whether or not concentrated or containing added sugar or other sweetening matter or flavoured or containing added fruit, nuts or cocoa.",523415,131984,131984
2022-03-01,New Zealand,0404,"Whey and products consisting of natural milk constituents; whether or not containing added sugar or other sweetening matter, not elsewhere specified or included",3740618,710818,710818
2022-03-01,New Zealand,0405,Butter and other fats and oils derived from milk; dairy spreads,80545229,13525200,13525200
2022-03-01,New Zealand,0406,Cheese and curd,41753116,8483171,8483171
2022-04-01,EU-27,0401,"Milk and cream; not concentrated, not containing added sugar or other sweetening matter",57491549,40768588,40768588
2022-04-01,EU-27,0402,Milk and cream; concentrated or containing added sugar or other sweetening matter,37392726,8174150,8174150
2022-04-01,EU-27,0403,"Yogurt; buttermilk, curdled milk and cream, kephir and other fermented or acidified milk and cream, whether or not concentrated or containing added sugar or other sweetening matter or flavoured or containing added fruit, nuts or cocoa.",4241749,2008864,2008864
2022-04-01,EU-27,0404,"Whey and products consisting of natural milk constituents; whether or not containing added sugar or other sweetening matter, not elsewhere specified or included",35406677,14386662,14386662
2022-04-01,EU-27,0405,Butter and other fats and oils derived from milk; dairy spreads,7881309,1028708,1028708
2022-04-01,EU-27,0406,Cheese and curd,12335905,2068378,2068378
2022-04-01,New Zealand,0401,"Milk and cream; not concentrated, not containing added sugar or other sweetening matter",60193316,23536767,23536767
2022-04-01,New Zealand,0402,Milk and cream; concentrated or containing added sugar or other sweetening matter,254460118,59653817,59653817
2022-04-01,New Zealand,0403,"Yogurt; buttermilk, curdled milk and cream, kephir and other fermented or acidified milk and cream, whether or not concentrated or containing added sugar or other sweetening matter or flavoured or containing added fruit, nuts or cocoa.",819703,206939,206939
2022-04-01,New Zealand,0404,"Whey and products consisting of natural milk constituents; whether or not containing added sugar or other sweetening matter, not elsewhere specified or included",2205348,436521,436521
2022-04-01,New Zealand,0405,Butter and other fats and oils derived from milk; dairy spreads,66923184,10923840,10923840
2022-04-01,New Zealand,0406,Cheese and curd,32281933,6369458,6369458
2022-05-01,EU-27,0401,"Milk and cream; not concentrated, not containing added sugar or other sweetening matter",65867079,49205375,49205375
2022-05-01,EU-27,0402,Milk and cream; concentrated or containing added sugar or other sweetening matter,42119665,10567910,10567910
2022-05-01,EU-27,0403,"Yogurt; buttermilk, curdled milk and cream, kephir and other fermented or acidified milk and cream, whether or not concentrated or containing added sugar or other sweetening matter or flavoured or containing added fruit, nuts or cocoa.",3952982,1925491,1925491
2022-05-01,EU-27,0404,"Whey and products consisting of natural milk constituents; whether or not containing added sugar or other sweetening matter, not elsewhere specified or included",32680781,13201549,13201549
2022-05-01,EU-27,0405,Butter and other fats and oils derived from milk; dairy spreads,9728996,1259977,1259977
2022-05-01,EU-27,0406,Cheese and curd,16601797,2823679,2823679
2022-05-01,New Zealand,0401,"Milk and cream; not concentrated, not containing added sugar or other sweetening matter",80217447,32727770,32727770
2022-05-01,New Zealand,0402,Milk and cream; concentrated or containing added sugar or other sweetening matter,207997069,45810233,45810233
2022-05-01,New Zealand,0403,"Yogurt; buttermilk, curdled milk and cream, kephir and other fermented or acidified milk and cream, whether or not concentrated or containing added sugar or other sweetening matter or flavoured or containing added fruit, nuts or cocoa.",308276,76800,76800
2022-05-01,New Zealand,0404,"Whey and products consisting of natural milk constituents; whether or not containing added sugar or other sweetening matter, not elsewhere specified or included",3052651,601925,601925
2022-05-01,New Zealand,0405,Butter and other fats and oils derived from milk; dairy spreads,56578881,8856400,8856400
2022-05-01,New Zealand,0406,Cheese and curd,52428170,10165744,10165744
2022-06-01,EU-27,0401,"Milk and cream; not concentrated, not containing added sugar or other sweetening matter",62939590,46234675,46234675
2022-06-01,EU-27,0402,Milk and cream; concentrated or containing added sugar or other sweetening matter,40065721,8911083,8911083
2022-06-01,EU-27,0403,"Yogurt; buttermilk, curdled milk and cream, kephir and other fermented or acidified milk and cream, whether or not concentrated or containing added sugar or other sweetening matter or flavoured or containing added fruit, nuts or cocoa.",3772473,2121078,2121078
2022-06-01,EU-27,0404,"Whey and products consisting of natural milk constituents; whether or not containing added sugar or other sweetening matter, not elsewhere specified or included",45272146,16779073,16779073
2022-06-01,EU-27,0405,Butter and other fats and oils derived from milk; dairy spreads,13349071,1724596,1724596
2022-06-01,EU-27,0406,Cheese and curd,14356047,2348984,2348984
2022-06-01,New Zealand,0401,"Milk and cream; not concentrated, not containing added sugar or other sweetening matter",42800162,22123864,22123864
2022-06-01,New Zealand,0402,Milk and cream; concentrated or containing added sugar or other sweetening matter,170622718,37086634,37086634
2022-06-01,New Zealand,0403,"Yogurt; buttermilk, curdled milk and cream, kephir and other fermented or acidified milk and cream, whether or not concentrated or containing added sugar or other sweetening matter or flavoured or containing added fruit, nuts or cocoa.",195702,37135,37135
2022-06-01,New Zealand,0404,"Whey and products consisting of natural milk constituents; whether or not containing added sugar or other sweetening matter, not elsewhere specified or included",1618505,313415,313415
2022-06-01,New Zealand,0405,Butter and other fats and oils derived from milk; dairy spreads,47629028,7133150,7133150
2022-06-01,New Zealand,0406,Cheese and curd,25196345,4892447,4892447
2022-07-01,EU-27,0401,"Milk and cream; not concentrated, not containing added sugar or other sweetening matter",54142595,38922886,38922886
2022-07-01,EU-27,0402,Milk and cream; concentrated or containing added sugar or other sweetening matter,46942570,10875745,10875745
2022-07-01,EU-27,0403,"Yogurt; buttermilk, curdled milk and cream, kephir and other fermented or acidified milk and cream, whether or not concentrated or containing added sugar or other sweetening matter or flavoured or containing added fruit, nuts or cocoa.",2665808,1195072,1195072
2022-07-01,EU-27,0404,"Whey and products consisting of natural milk constituents; whether or not containing added sugar or other sweetening matter, not elsewhere specified or included",41390057,17066295,17066295
2022-07-01,EU-27,0405,Butter and other fats and oils derived from milk; dairy spreads,10522969,1268360,1268360
2022-07-01,EU-27,0406,Cheese and curd,14254146,2443634,2443634
2022-07-01,New Zealand,0401,"Milk and cream; not concentrated, not containing added sugar or other sweetening matter",35136862,19227460,19227460
2022-07-01,New Zealand,0402,Milk and cream; concentrated or containing added sugar or other sweetening matter,187875246,40604189,40604189
2022-07-01,New Zealand,0403,"Yogurt; buttermilk, curdled milk and cream, kephir and other fermented or acidified milk and cream, whether or not concentrated or containing added sugar or other sweetening matter or flavoured or containing added fruit, nuts or cocoa.",245706,53436,53436
2022-07-01,New Zealand,0404,"Whey and products consisting of natural milk constituents; whether or not containing added sugar or other sweetening matter, not elsewhere specified or included",5757324,1068229,1068229
2022-07-01,New Zealand,0405,Butter and other fats and oils derived from milk; dairy spreads,92371150,13417970,13417970
2022-07-01,New Zealand,0406,Cheese and curd,31577824,6089855,6089855
2022-08-01,EU-27,0401,"Milk and cream; not concentrated, not containing added sugar or other sweetening matter",51555501,38896017,38896017
2022-08-01,EU-27,0402,Milk and cream; concentrated or containing added sugar or other sweetening matter,51019536,11749142,11749142
2022-08-01,EU-27,0403,"Yogurt; buttermilk, curdled milk and cream, kephir and other fermented or acidified milk and cream, whether or not concentrated or containing added sugar or other sweetening matter or flavoured or containing added fruit, nuts or cocoa.",2563050,1121580,1121580
2022-08-01,EU-27,0404,"Whey and products consisting of natural milk constituents; whether or not containing added sugar or other sweetening matter, not elsewhere specified or included",56815268,22413171,22413171
2022-08-01,EU-27,0405,Butter and other fats and oils derived from milk; dairy spreads,12195081,1474568,1474568
2022-08-01,EU-27,0406,Cheese and curd,17542651,3032820,3032820
2022-08-01,New Zealand,0401,"Milk and cream; not concentrated, not containing added sugar or other sweetening matter",31365584,16026193,16026193
2022-08-01,New Zealand,0402,Milk and cream; concentrated or containing added sugar or other sweetening matter,142722758,31764307,31764307
2022-08-01,New Zealand,0403,"Yogurt; buttermilk, curdled milk and cream, kephir and other fermented or acidified milk and cream, whether or not concentrated or containing added sugar or other sweetening matter or flavoured or containing added fruit, nuts or cocoa.",122729,25739,25739
2022-08-01,New Zealand,0404,"Whey and products consisting of natural milk constituents; whether or not containing added sugar or other sweetening matter, not elsewhere specified or included",679792,90594,90594
2022-08-01,New Zealand,0405,Butter and other fats and oils derived from milk; dairy spreads,64167658,9809450,9809450
2022-08-01,New Zealand,0406,Cheese and curd,42212420,8144810,8144810
2022-09-01,EU-27,0401,"Milk and cream; not concentrated, not containing added sugar or other sweetening matter",56524180,40715799,40715799
2022-09-01,EU-27,0402,Milk and cream; concentrated or containing added sugar or other sweetening matter,46478811,10836507,10836507
2022-09-01,EU-27,0403,"Yogurt; buttermilk, curdled milk and cream, kephir and other fermented or acidified milk and cream, whether or not concentrated or containing added sugar or other sweetening matter or flavoured or containing added fruit, nuts or cocoa.",2941133,1307904,1307904
2022-09-01,EU-27,0404,"Whey and products consisting of natural milk constituents; whether or not containing added sugar or other sweetening matter, not elsewhere specified or included",45825101,21250470,21250470
2022-09-01,EU-27,0405,Butter and other fats and oils derived from milk; dairy spreads,8730309,982655,982655
2022-09-01,EU-27,0406,Cheese and curd,13750411,2123829,2123829
2022-09-01,New Zealand,0401,"Milk and cream; not concentrated, not containing added sugar or other sweetening matter",63110123,27045250,27045250
2022-09-01,New Zealand,0402,Milk and cream; concentrated or containing added sugar or other sweetening matter,124257112,27232190,27232190
2022-09-01,New Zealand,0403,"Yogurt; buttermilk, curdled milk and cream, kephir and other fermented or acidified milk and cream, whether or not concentrated or containing added sugar or other sweetening matter or flavoured or containing added fruit, nuts or cocoa.",461222,107404,107404
2022-09-01,New Zealand,0404,"Whey and products consisting of natural milk constituents; whether or not containing added sugar or other sweetening matter, not elsewhere specified or included",2516866,428196,428196
2022-09-01,New Zealand,0405,Butter and other fats and oils derived from milk; dairy spreads,51562578,7631570,7631570
2022-09-01,New Zealand,0406,Cheese and curd,32708035,6070690,6070690
2022-10-01,EU-27,0401,"Milk and cream; not concentrated, not containing added sugar or other sweetening matter",40226452,27811301,27811301
2022-10-01,EU-27,0402,Milk and cream; concentrated or containing added sugar or other sweetening matter,46267560,10305200,10305200
2022-10-01,EU-27,0403,"Yogurt; buttermilk, curdled milk and cream, kephir and other fermented or acidified milk and cream, whether or not concentrated or containing added sugar or other sweetening matter or flavoured or containing added fruit, nuts or cocoa.",1772349,926766,926766
2022-10-01,EU-27,0404,"Whey and products consisting of natural milk constituents; whether or not containing added sugar or other sweetening matter, not elsewhere specified or included",41181399,18235663.629,18235663.629
2022-10-01,EU-27,0405,Butter and other fats and oils derived from milk; dairy spreads,5511796,672171,672171
2022-10-01,EU-27,0406,Cheese and curd,12536156,1910821,1910821
2022-10-01,New Zealand,0401,"Milk and cream; not concentrated, not containing added sugar or other sweetening matter",89529684,33275880,33275880
2022-10-01,New Zealand,0402,Milk and cream; concentrated or containing added sugar or other sweetening matter,124503154,28450492,28450492
2022-10-01,New Zealand,0403,"Yogurt; buttermilk, curdled milk and cream, kephir and other fermented or acidified milk and cream, whether or not concentrated or containing added sugar or other sweetening matter or flavoured or containing added fruit, nuts or cocoa.",559085,128000,128000
2022-10-01,New Zealand,0404,"Whey and products consisting of natural milk constituents; whether or not containing added sugar or other sweetening matter, not elsewhere specified or included",2122633,538550,538550
2022-10-01,New Zealand,0405,Butter and other fats and oils derived from milk; dairy spreads,63800354,9386110,9386110
2022-10-01,New Zealand,0406,Cheese and curd,31153332,6130809,6130809
2022-11-01,EU-27,0401,"Milk and cream; not concentrated, not containing added sugar or other sweetening matter",61043235,43420429,43420429
2022-11-01,EU-27,0402,Milk and cream; concentrated or containing added sugar or other sweetening matter,32025989,7611908,7611908
2022-11-01,EU-27,0403,"Yogurt; buttermilk, curdled milk and cream, kephir and other fermented or acidified milk and cream, whether or not concentrated or containing added sugar or other sweetening matter or flavoured or containing added fruit, nuts or cocoa.",4343494,2648357,2648357
2022-11-01,EU-27,0404,"Whey and products consisting of natural milk constituents; whether or not containing added sugar or other sweetening matter, not elsewhere specified or included",47954348,21572030,21572030
2022-11-01,EU-27,0405,Butter and other fats and oils derived from milk; dairy spreads,8027544,936719,936719
2022-11-01,EU-27,0406,Cheese and curd,17683591,2563356,2563356
2022-11-01,New Zealand,0401,"Milk and cream; not concentrated, not containing added sugar or other sweetening matter",65889228,29928480,29928480
2022-11-01,New Zealand,0402,Milk and cream; concentrated or containing added sugar or other sweetening matter,158577628,39168700,39168700
2022-11-01,New Zealand,0403,"Yogurt; buttermilk, curdled milk and cream, kephir and other fermented or acidified milk and cream, whether or not concentrated or containing added sugar or other sweetening matter or flavoured or containing added fruit, nuts or cocoa.",358994,87804,87804
2022-11-01,New Zealand,0404,"Whey and products consisting of natural milk constituents; whether or not containing added sugar or other sweetening matter, not elsewhere specified or included",3122538,446759,446759
2022-11-01,New Zealand,0405,Butter and other fats and oils derived from milk; dairy spreads,60748158,9393130,9393130
2022-11-01,New Zealand,0406,Cheese and curd,25991910,4937447,4937447
2022-12-01,EU-27,0401,"Milk and cream; not concentrated, not containing added sugar or other sweetening matter",52065347,33180888,33180888
2022-12-01,EU-27,0402,Milk and cream; concentrated or containing added sugar or other sweetening matter,42663678,9292695,9292695
2022-12-01,EU-27,0403,"Yogurt; buttermilk, curdled milk and cream, kephir and other fermented or acidified milk and cream, whether or not concentrated or containing added sugar or other sweetening matter or flavoured or containing added fruit, nuts or cocoa.",2292417,1339828,1339828
2022-12-01,EU-27,0404,"Whey and products consisting of natural milk constituents; whether or not containing added sugar or other sweetening matter, not elsewhere specified or included",50920354,22656902.778,22656902.778
2022-12-01,EU-27,0405,Butter and other fats and oils derived from milk; dairy spreads,5586320,613136,613136
2022-12-01,EU-27,0406,Cheese and curd,11201870,1474153,1474153
2022-12-01,New Zealand,0401,"Milk and cream; not concentrated, not containing added sugar or other sweetening matter",78604023,30526600,30526600
2022-12-01,New Zealand,0402,Milk and cream; concentrated or containing added sugar or other sweetening matter,169905175,42807856,42807856
2022-12-01,New Zealand,0403,"Yogurt; buttermilk, curdled milk and cream, kephir and other fermented or acidified milk and cream, whether or not concentrated or containing added sugar or other sweetening matter or flavoured or containing added fruit, nuts or cocoa.",470958,126367,126367
2022-12-01,New Zealand,0404,"Whey and products consisting of natural milk constituents; whether or not containing added sugar or other sweetening matter, not elsewhere specified or included",2522498,403712,403712
2022-12-01,New Zealand,0405,Butter and other fats and oils derived from milk; dairy spreads,71018781,10282040,10282040
2022-12-01,New Zealand,0406,Cheese and curd,42648420,7900507,7900507
2023-01-01,EU-27,0401,"Milk and cream; not concentrated, not containing added sugar or other sweetening matter",42606577,26879716,26879716
2023-01-01,EU-27,0402,Milk and cream; concentrated or containing added sugar or other sweetening matter,31934806,6964473,6964473
2023-01-01,EU-27,0403,"Yogurt; buttermilk, curdled milk and cream, kephir and other fermented or acidified milk and cream, whether or not concentrated or containing added sugar or other sweetening matter or flavoured or containing added fruit, nuts or cocoa.",1522946,916388,916388
2023-01-01,EU-27,0404,"Whey and products consisting of natural milk constituents; whether or not containing added sugar or other sweetening matter, not elsewhere specified or included",49861986,21975525,21975525
2023-01-01,EU-27,0405,Butter and other fats and oils derived from milk; dairy spreads,7089622,759904,759904
2023-01-01,EU-27,0406,Cheese and curd,13912076,1916372,1916372
2023-01-01,New Zealand,0401,"Milk and cream; not concentrated, not containing added sugar or other sweetening matter",72461357,31378300,31378300
2023-01-01,New Zealand,0402,Milk and cream; concentrated or containing added sugar or other sweetening matter,238401972,61109597,61109597
2023-01-01,New Zealand,0403,"Yogurt; buttermilk, curdled milk and cream, kephir and other fermented or acidified milk and cream, whether or not concentrated or containing added sugar or other sweetening matter or flavoured or containing added fruit, nuts or cocoa.",467142,132183,132183
2023-01-01,New Zealand,0404,"Whey and products consisting of natural milk constituents; whether or not containing added sugar or other sweetening matter, not elsewhere specified or included",2338264,334399,334399
2023-01-01,New Zealand,0405,Butter and other fats and oils derived from milk; dairy spreads,75263212,11756930,11756930
2023-01-01,New Zealand,0406,Cheese and curd,49705691,9383776,9383776
2023-02-01,EU-27,0401,"Milk and cream; not concentrated, not containing added sugar or other sweetening matter",36390903,22870774,22870774
2023-02-01,EU-27,0402,Milk and cream; concentrated or containing added sugar or other sweetening matter,37563151,8883349,8883349
2023-02-01,EU-27,0403,"Yogurt; buttermilk, curdled milk and cream, kephir and other fermented or acidified milk and cream, whether or not concentrated or containing added sugar or other sweetening matter or flavoured or containing added fruit, nuts or cocoa.",2600209,1413084,1413084
2023-02-01,EU-27,0404,"Whey and products consisting of natural milk constituents; whether or not containing added sugar or other sweetening matter, not elsewhere specified or included",41027063,19519692,19519692
2023-02-01,EU-27,0405,Butter and other fats and oils derived from milk; dairy spreads,5500736,618273,618273
2023-02-01,EU-27,0406,Cheese and curd,12028592,1530981,1530981
2023-02-01,New Zealand,0401,"Milk and cream; not concentrated, not containing added sugar or other sweetening matter",53092064,20581730,20581730
2023-02-01,New Zealand,0402,Milk and cream; concentrated or containing added sugar or other sweetening matter,255373414,67846275,67846275
2023-02-01,New Zealand,0403,"Yogurt; buttermilk, curdled milk and cream, kephir and other fermented or acidified milk and cream, whether or not concentrated or containing added sugar or other sweetening matter or flavoured or containing added fruit, nuts or cocoa.",348674,105587,105587
2023-02-01,New Zealand,0404,"Whey and products consisting of natural milk constituents; whether or not containing added sugar or other sweetening matter, not elsewhere specified or included",5161461,919953,919953
2023-02-01,New Zealand,0405,Butter and other fats and oils derived from milk; dairy spreads,47156299,7620320,7620320
2023-02-01,New Zealand,0406,Cheese and curd,48480225,9172479,9172479
2023-03-01,EU-27,0401,"Milk and cream; not concentrated, not containing added sugar or other sweetening matter",44046124,24090723,24090723
2023-03-01,EU-27,0402,Milk and cream; concentrated or containing added sugar or other sweetening matter,40890778,11480176,11480176
2023-03-01,EU-27,0403,"Yogurt; buttermilk, curdled milk and cream, kephir and other fermented or acidified milk and cream, whether or not concentrated or containing added sugar or other sweetening matter or flavoured or containing added fruit, nuts or cocoa.",3370184,1584581,1584581
2023-03-01,EU-27,0404,"Whey and products consisting of natural milk constituents; whether or not containing added sugar or other sweetening matter, not elsewhere specified or included",40134026,19831731,19831731
2023-03-01,EU-27,0405,Butter and other fats and oils derived from milk; dairy spreads,9536260,1162921,1162921
2023-03-01,EU-27,0406,Cheese and curd,15784658,1959164,1959164
2023-03-01,New Zealand,0401,"Milk and cream; not concentrated, not containing added sugar or other sweetening matter",92933218,30787280,30787280
2023-03-01,New Zealand,0402,Milk and cream; concentrated or containing added sugar or other sweetening matter,195000328,53626911,53626911
2023-03-01,New Zealand,0403,"Yogurt; buttermilk, curdled milk and cream, kephir and other fermented or acidified milk and cream, whether or not concentrated or containing added sugar or other sweetening matter or flavoured or containing added fruit, nuts or cocoa.",950610,311441,311441
2023-03-01,New Zealand,0404,"Whey and products consisting of natural milk constituents; whether or not containing added sugar or other sweetening matter, not elsewhere specified or included",3719321,773914,773914
2023-03-01,New Zealand,0405,Butter and other fats and oils derived from milk; dairy spreads,77949206,11688710,11688710
2023-03-01,New Zealand,0406,Cheese and curd,55381570,10361325,10361325
2023-04-01,EU-27,0401,"Milk and cream; not concentrated, not containing added sugar or other sweetening matter",51639149,30584275,30584275
2023-04-01,EU-27,0402,Milk and cream; concentrated or containing added sugar or other sweetening matter,36370139,9473298,9473298
2023-04-01,EU-27,0403,"Yogurt; buttermilk, curdled milk and cream, kephir and other fermented or acidified milk and cream, whether or not concentrated or containing added sugar or other sweetening matter or flavoured or containing added fruit, nuts or cocoa.",4471055,2018646,2018646
2023-04-01,EU-27,0404,"Whey and products consisting of natural milk constituents; whether or not containing added sugar or other sweetening matter, not elsewhere specified or included",35119521,18551039,18551039
2023-04-01,EU-27,0405,Butter and other fats and oils derived from milk; dairy spreads,8566456,1012286,1012286
2023-04-01,EU-27,0406,Cheese and curd,16987774,2304432,2304432
2023-04-01,New Zealand,0401,"Milk and cream; not concentrated, not containing added sugar or other sweetening matter",68052644,27324560,27324560
2023-04-01,New Zealand,0402,Milk and cream; concentrated or containing added sugar or other sweetening matter,172259482,49175445,49175445
2023-04-01,New Zealand,0403,"Yogurt; buttermilk, curdled milk and cream, kephir and other fermented or acidified milk and cream, whether or not concentrated or containing added sugar or other sweetening matter or flavoured or containing added fruit, nuts or cocoa.",792495,259454,259454
2023-04-01,New Zealand,0404,"Whey and products consisting of natural milk constituents; whether or not containing added sugar or other sweetening matter, not elsewhere specified or included",2062680,743462,743462
2023-04-01,New Zealand,0405,Butter and other fats and oils derived from milk; dairy spreads,48622877,8152580,8152580
2023-04-01,New Zealand,0406,Cheese and curd,37221717,7137440,7137440
2023-05-01,EU-27,0401,"Milk and cream; not concentrated, not containing added sugar or other sweetening matter",60162487,36789625,36789625
2023-05-01,EU-27,0402,Milk and cream; concentrated or containing added sugar or other sweetening matter,47712180,13024957,13024957
2023-05-01,EU-27,0403,"Yogurt; buttermilk, curdled milk and cream, kephir and other fermented or acidified milk and cream, whether or not concentrated or containing added sugar or other sweetening matter or flavoured or containing added fruit, nuts or cocoa.",4214165,1866269,1866269
2023-05-01,EU-27,0404,"Whey and products consisting of natural milk constituents; whether or not containing added sugar or other sweetening matter, not elsewhere specified or included",38161806,18090768,18090768
2023-05-01,EU-27,0405,Butter and other fats and oils derived from milk; dairy spreads,11913244,1555660,1555660
2023-05-01,EU-27,0406,Cheese and curd,19467044,2820460,2820460
2023-05-01,New Zealand,0401,"Milk and cream; not concentrated, not containing added sugar or other sweetening matter",59271726,25613650,25613650
2023-05-01,New Zealand,0402,Milk and cream; concentrated or containing added sugar or other sweetening matter,201932843,57768000,57768000
2023-05-01,New Zealand,0403,"Yogurt; buttermilk, curdled milk and cream, kephir and other fermented or acidified milk and cream, whether or not concentrated or containing added sugar or other sweetening matter or flavoured or containing added fruit, nuts or cocoa.",159941,55158,55158
2023-05-01,New Zealand,0404,"Whey and products consisting of natural milk constituents; whether or not containing added sugar or other sweetening matter, not elsewhere specified or included",1889526,650307,650307
2023-05-01,New Zealand,0405,Butter and other fats and oils derived from milk; dairy spreads,44370445,6983220,6983220
2023-05-01,New Zealand,0406,Cheese and curd,54598065,10299844,10299844
2023-06-01,EU-27,0401,"Milk and cream; not concentrated, not containing added sugar or other sweetening matter",75147555,42590788.797,42590788.797
2023-06-01,EU-27,0402,Milk and cream; concentrated or containing added sugar or other sweetening matter,40401718,11926568,11926568
2023-06-01,EU-27,0403,"Yogurt; buttermilk, curdled milk and cream, kephir and other fermented or acidified milk and cream, whether or not concentrated or containing added sugar or other sweetening matter or flavoured or containing added fruit, nuts or cocoa.",4947064,2391118,2391118
2023-06-01,EU-27,0404,"Whey and products consisting of natural milk constituents; whether or not containing added sugar or other sweetening matter, not elsewhere specified or included",45393725,19411552,19411552
2023-06-01,EU-27,0405,Butter and other fats and oils derived from milk; dairy spreads,14109759,2107102,2107102
2023-06-01,EU-27,0406,Cheese and curd,19642853,3244115,3244115
2023-06-01,New Zealand,0401,"Milk and cream; not concentrated, not containing added sugar or other sweetening matter",71234186,31404620,31404620
2023-06-01,New Zealand,0402,Milk and cream; concentrated or containing added sugar or other sweetening matter,184649816,53384455,53384455
2023-06-01,New Zealand,0403,"Yogurt; buttermilk, curdled milk and cream, kephir and other fermented or acidified milk and cream, whether or not concentrated or containing added sugar or other sweetening matter or flavoured or containing added fruit, nuts or cocoa.",1579278,556373,556373
2023-06-01,New Zealand,0404,"Whey and products consisting of natural milk constituents; whether or not containing added sugar or other sweetening matter, not elsewhere specified or included",3516679,1033218,1033218
2023-06-01,New Zealand,0405,Butter and other fats and oils derived from milk; dairy spreads,64434501,9963000,9963000
2023-06-01,New Zealand,0406,Cheese and curd,55470530,10837340,10837340
2023-07-01,EU-27,0401,"Milk and cream; not concentrated, not containing added sugar or other sweetening matter",61971343,38630360,38630360
2023-07-01,EU-27,0402,Milk and cream; concentrated or containing added sugar or other sweetening matter,35422944,9641587,9641587
2023-07-01,EU-27,0403,"Yogurt; buttermilk, curdled milk and cream, kephir and other fermented or acidified milk and cream, whether or not concentrated or containing added sugar or other sweetening matter or flavoured or containing added fruit, nuts or cocoa.",4481555,2201035,2201035
2023-07-01,EU-27,0404,"Whey and products consisting of natural milk constituents; whether or not containing added sugar or other sweetening matter, not elsewhere specified or included",44764314,20229000,20229000
2023-07-01,EU-27,0405,Butter and other fats and oils derived from milk; dairy spreads,9852574,1429423,1429423
2023-07-01,EU-27,0406,Cheese and curd,21437182,3686031,3686031
2023-07-01,New Zealand,0401,"Milk and cream; not concentrated, not containing added sugar or other sweetening matter",37275778,18135620,18135620
2023-07-01,New Zealand,0402,Milk and cream; concentrated or containing added sugar or other sweetening matter,192625341,57438411,57438411
2023-07-01,New Zealand,0403,"Yogurt; buttermilk, curdled milk and cream, kephir and other fermented or acidified milk and cream, whether or not concentrated or containing added sugar or other sweetening matter or flavoured or containing added fruit, nuts or cocoa.",354047,128013,128013
2023-07-01,New Zealand,0404,"Whey and products consisting of natural milk constituents; whether or not containing added sugar or other sweetening matter, not elsewhere specified or included",1730389,622869,622869
2023-07-01,New Zealand,0405,Butter and other fats and oils derived from milk; dairy spreads,66585055,11734230,11734230
2023-07-01,New Zealand,0406,Cheese and curd,47372253,9066836,9066836
2023-08-01,EU-27,0401,"Milk and cream; not concentrated, not containing added sugar or other sweetening matter",64982286,38723872,38723872
2023-08-01,EU-27,0402,Milk and cream; concentrated or containing added sugar or other sweetening matter,20420555,5939579,5939579
2023-08-01,EU-27,0403,"Yogurt; buttermilk, curdled milk and cream, kephir and other fermented or acidified milk and cream, whether or not concentrated or containing added sugar or other sweetening matter or flavoured or containing added fruit, nuts or cocoa.",2953062,1389768,1389768
2023-08-01,EU-27,0404,"Whey and products consisting of natural milk constituents; whether or not containing added sugar or other sweetening matter, not elsewhere specified or included",40407015,20143125,20143125
2023-08-01,EU-27,0405,Butter and other fats and oils derived from milk; dairy spreads,13075741,1883917,1883917
2023-08-01,EU-27,0406,Cheese and curd,20145670,3389470,3389470
2023-08-01,New Zealand,0401,"Milk and cream; not concentrated, not containing added sugar or other sweetening matter",44374269,20517860,20517860
2023-08-01,New Zealand,0402,Milk and cream; concentrated or containing added sugar or other sweetening matter,113222283,33200710,33200710
2023-08-01,New Zealand,0403,"Yogurt; buttermilk, curdled milk and cream, kephir and other fermented or acidified milk and cream, whether or not concentrated or containing added sugar or other sweetening matter or flavoured or containing added fruit, nuts or cocoa.",418773,152915,152915
2023-08-01,New Zealand,0404,"Whey and products consisting of natural milk constituents; whether or not containing added sugar or other sweetening matter, not elsewhere specified or included",2323887,835823,835823
2023-08-01,New Zealand,0405,Butter and other fats and oils derived from milk; dairy spreads,72540320,12120120,12120120
2023-08-01,New Zealand,0406,Cheese and curd,60596057,11344487,11344487
2023-09-01,EU-27,0401,"Milk and cream; not concentrated, not containing added sugar or other sweetening matter",60230356,35610212,35610212
2023-09-01,EU-27,0402,Milk and cream; concentrated or containing added sugar or other sweetening matter,26526596,7294653,7294653
2023-09-01,EU-27,0403,"Yogurt; buttermilk, curdled milk and cream, kephir and other fermented or acidified milk and cream, whether or not concentrated or containing added sugar or other sweetening matter or flavoured or containing added fruit, nuts or cocoa.",3837602,1857160,1857160
2023-09-01,EU-27,0404,"Whey and products consisting of natural milk constituents; whether or not containing added sugar or other sweetening matter, not elsewhere specified or included",29597368,15362133,15362133
2023-09-01,EU-27,0405,Butter and other fats and oils derived from milk; dairy spreads,7259870,961258,961258
2023-09-01,EU-27,0406,Cheese and curd,16467422,2756957,2756957
2023-09-01,New Zealand,0401,"Milk and cream; not concentrated, not containing added sugar or other sweetening matter",75738611,29078620,29078620
2023-09-01,New Zealand,0402,Milk and cream; concentrated or containing added sugar or other sweetening matter,76126377,21587937,21587937
2023-09-01,New Zealand,0403,"Yogurt; buttermilk, curdled milk and cream, kephir and other fermented or acidified milk and cream, whether or not concentrated or containing added sugar or other sweetening matter or flavoured or containing added fruit, nuts or cocoa.",220740,80254,80254
2023-09-01,New Zealand,0404,"Whey and products consisting of natural milk constituents; whether or not containing added sugar or other sweetening matter, not elsewhere specified or included",1764363,1187368,1187368
2023-09-01,New Zealand,0405,Butter and other fats and oils derived from milk; dairy spreads,59231740,9354070,9354070
2023-09-01,New Zealand,0406,Cheese and curd,33638194,6386559,6386559
2023-10-01,EU-27,0401,"Milk and cream; not concentrated, not containing added sugar or other sweetening matter",46232593,30563403,30563403
2023-10-01,EU-27,0402,Milk and cream; concentrated or containing added sugar or other sweetening matter,23991918,6943106,6943106
2023-10-01,EU-27,0403,"Yogurt; buttermilk, curdled milk and cream, kephir and other fermented or acidified milk and cream, whether or not concentrated or containing added sugar or other sweetening matter or flavoured or containing added fruit, nuts or cocoa.",2628741,1374094,1374094
2023-10-01,EU-27,0404,"Whey and products consisting of natural milk constituents; whether or not containing added sugar or other sweetening matter, not elsewhere specified or included",30261853,16890429,16890429
2023-10-01,EU-27,0405,Butter and other fats and oils derived from milk; dairy spreads,7280413,1064227,1064227
2023-10-01,EU-27,0406,Cheese and curd,16758255,2945357,2945357
2023-10-01,New Zealand,0401,"Milk and cream; not concentrated, not containing added sugar or other sweetening matter",70502867,31925675,31925675
2023-10-01,New Zealand,0402,Milk and cream; concentrated or containing added sugar or other sweetening matter,86381713,25893087,25893087
2023-10-01,New Zealand,0403,"Yogurt; buttermilk, curdled milk and cream, kephir and other fermented or acidified milk and cream, whether or not concentrated or containing added sugar or other sweetening matter or flavoured or containing added fruit, nuts or cocoa.",341859,132612,132612
2023-10-01,New Zealand,0404,"Whey and products consisting of natural milk constituents; whether or not containing added sugar or other sweetening matter, not elsewhere specified or included",1568270,901488,901488
2023-10-01,New Zealand,0405,Butter and other fats and oils derived from milk; dairy spreads,40909355,6711180,6711180
2023-10-01,New Zealand,0406,Cheese and curd,20465045,4206940,4206940
2023-11-01,EU-27,0401,"Milk and cream; not concentrated, not containing added sugar or other sweetening matter",46277572,31976071,31976071
2023-11-01,EU-27,0402,Milk and cream; concentrated or containing added sugar or other sweetening matter,17296437,4065259,4065259
2023-11-01,EU-27,0403,"Yogurt; buttermilk, curdled milk and cream, kephir and other fermented or acidified milk and cream, whether or not concentrated or containing added sugar or other sweetening matter or flavoured or containing added fruit, nuts or cocoa.",1366777,763150,763150
2023-11-01,EU-27,0404,"Whey and products consisting of natural milk constituents; whether or not containing added sugar or other sweetening matter, not elsewhere specified or included",30448993,19506473,19506473
2023-11-01,EU-27,0405,Butter and other fats and oils derived from milk; dairy spreads,6500297,899361,899361
2023-11-01,EU-27,0406,Cheese and curd,20612071,3475192,3475192
2023-11-01,New Zealand,0401,"Milk and cream; not concentrated, not containing added sugar or other sweetening matter",72079589,27524240,27524240
2023-11-01,New Zealand,0402,Milk and cream; concentrated or containing added sugar or other sweetening matter,94105985,30311400,30311400
2023-11-01,New Zealand,0403,"Yogurt; buttermilk, curdled milk and cream, kephir and other fermented or acidified milk and cream, whether or not concentrated or containing added sugar or other sweetening matter or flavoured or containing added fruit, nuts or cocoa.",584310,233879,233879
2023-11-01,New Zealand,0404,"Whey and products consisting of natural milk constituents; whether or not containing added sugar or other sweetening matter, not elsewhere specified or included",1050402,507286,507286
2023-11-01,New Zealand,0405,Butter and other fats and oils derived from milk; dairy spreads,37640352,6105960,6105960
2023-11-01,New Zealand,0406,Cheese and curd,45327997,9292840,9292840
2023-12-01,EU-27,0401,"Milk and cream; not concentrated, not containing added sugar or other sweetening matter",48644867,34165650,34165650
2023-12-01,EU-27,0402,Milk and cream; concentrated or containing added sugar or other sweetening matter,17497554,4111106,4111106
2023-12-01,EU-27,0403,"Yogurt; buttermilk, curdled milk and cream, kephir and other fermented or acidified milk and cream, whether or not concentrated or containing added sugar or other sweetening matter or flavoured or containing added fruit, nuts or cocoa.",1237711,521899,521899
2023-12-01,EU-27,0404,"Whey and products consisting of natural milk constituents; whether or not containing added sugar or other sweetening matter, not elsewhere specified or included",30555462,18023157,18023157
2023-12-01,EU-27,0405,Butter and other fats and oils derived from milk; dairy spreads,8048044,1020592,1020592
2023-12-01,EU-27,0406,Cheese and curd,16577847,2525203,2525203
2023-12-01,New Zealand,0401,"Milk and cream; not concentrated, not containing added sugar or other sweetening matter",75220266,34015610,34015610
2023-12-01,New Zealand,0402,Milk and cream; concentrated or containing added sugar or other sweetening matter,78210840,25651120,25651120
2023-12-01,New Zealand,0403,"Yogurt; buttermilk, curdled milk and cream, kephir and other fermented or acidified milk and cream, whether or not concentrated or containing added sugar or other sweetening matter or flavoured or containing added fruit, nuts or cocoa.",200712,81804,81804
2023-12-01,New Zealand,0404,"Whey and products consisting of natural milk constituents; whether or not containing added sugar or other sweetening matter, not elsewhere specified or included",1466011,739579,739579
2023-12-01,New Zealand,0405,Butter and other fats and oils derived from milk; dairy spreads,70652542,12032840,12032840
2023-12-01,New Zealand,0406,Cheese and curd,43863649,9268313,9268313
2024-01-01,EU-27,0401,"Milk and cream; not concentrated, not containing added sugar or other sweetening matter",35647515,21907861,21907861
2024-01-01,EU-27,0402,Milk and cream; concentrated or containing added sugar or other sweetening matter,15674857,3237212,3237212
2024-01-01,EU-27,0403,"Yogurt; buttermilk, curdled milk and cream, kephir and other fermented or acidified milk and cream, whether or not concentrated or containing added sugar or other sweetening matter or flavoured or containing added fruit, nuts or cocoa.",1532242,651842,651842
2024-01-01,EU-27,0404,"Whey and products consisting of natural milk constituents; whether or not containing added sugar or other sweetening matter, not elsewhere specified or included",27934939,14080469,14080469
2024-01-01,EU-27,0405,Butter and other fats and oils derived from milk; dairy spreads,7516505,1026127,1026127
2024-01-01,EU-27,0406,Cheese and curd,14364261,2048236,2048236
2024-01-01,New Zealand,0401,"Milk and cream; not concentrated, not containing added sugar or other sweetening matter",74966503,29167911,29167911
2024-01-01,New Zealand,0402,Milk and cream; concentrated or containing added sugar or other sweetening matter,232235664,76713760,76713760
2024-01-01,New Zealand,0403,"Yogurt; buttermilk, curdled milk and cream, kephir and other fermented or acidified milk and cream, whether or not concentrated or containing added sugar or other sweetening matter or flavoured or containing added fruit, nuts or cocoa.",58288,24550,24550
2024-01-01,New Zealand,0404,"Whey and products consisting of natural milk constituents; whether or not containing added sugar or other sweetening matter, not elsewhere specified or included",2000744,1364791,1364791
2024-01-01,New Zealand,0405,Butter and other fats and oils derived from milk; dairy spreads,53798107,8534220,8534220
2024-01-01,New Zealand,0406,Cheese and curd,47977141,10131921,10131921
2024-02-01,EU-27,0401,"Milk and cream; not concentrated, not containing added sugar or other sweetening matter",26065149,20117701,20117701
2024-02-01,EU-27,0402,Milk and cream; concentrated or containing added sugar or other sweetening matter,9887814,2403737,2403737
2024-02-01,EU-27,0403,"Yogurt; buttermilk, curdled milk and cream, kephir and other fermented or acidified milk and cream, whether or not concentrated or containing added sugar or other sweetening matter or flavoured or containing added fruit, nuts or cocoa.",1835995,763587,763587
2024-02-01,EU-27,0404,"Whey and products consisting of natural milk constituents; whether or not containing added sugar or other sweetening matter, not elsewhere specified or included",24877776,14191221,14191221
2024-02-01,EU-27,0405,Butter and other fats and oils derived from milk; dairy spreads,4633127,645677,645677
2024-02-01,EU-27,0406,Cheese and curd,12435200,2170531,2170531
2024-02-01,New Zealand,0401,"Milk and cream; not concentrated, not containing added sugar or other sweetening matter",51831115,22174930,22174930
2024-02-01,New Zealand,0402,Milk and cream; concentrated or containing added sugar or other sweetening matter,204701157,67985150,67985150
2024-02-01,New Zealand,0403,"Yogurt; buttermilk, curdled milk and cream, kephir and other fermented or acidified milk and cream, whether or not concentrated or containing added sugar or other sweetening matter or flavoured or containing added fruit, nuts or cocoa.",184288,76860,76860
2024-02-01,New Zealand,0404,"Whey and products consisting of natural milk constituents; whether or not containing added sugar or other sweetening matter, not elsewhere specified or included",2856019,1148512,1148512
2024-02-01,New Zealand,0405,Butter and other fats and oils derived from milk; dairy spreads,52677557,8905310,8905310
2024-02-01,New Zealand,0406,Cheese and curd,30161430,6407275,6407275
2024-03-01,EU-27,0401,"Milk and cream; not concentrated, not containing added sugar or other sweetening matter",46735112,24370208,24370208
2024-03-01,EU-27,0402,Milk and cream; concentrated or containing added sugar or other sweetening matter,17301126,4276830,4276830
2024-03-01,EU-27,0403,"Yogurt; buttermilk, curdled milk and cream, kephir and other fermented or acidified milk and cream, whether or not concentrated or containing added sugar or other sweetening matter or flavoured or containing added fruit, nuts or cocoa.",2976569,1181612,1181612
2024-03-01,EU-27,0404,"Whey and products consisting of natural milk constituents; whether or not containing added sugar or other sweetening matter, not elsewhere specified or included",30929413,15383643,15383643
2024-03-01,EU-27,0405,Butter and other fats and oils derived from milk; dairy spreads,11709205,1493432,1493432
2024-03-01,EU-27,0406,Cheese and curd,16886934,2487324,2487324
2024-03-01,New Zealand,0401,"Milk and cream; not concentrated, not containing added sugar or other sweetening matter",72110176,27838420,27838420
2024-03-01,New Zealand,0402,Milk and cream; concentrated or containing added sugar or other sweetening matter,151308369,47255643,47255643
2024-03-01,New Zealand,0404,"Whey and products consisting of natural milk constituents; whether or not containing added sugar or other sweetening matter, not elsewhere specified or included",2211564,794875,794875
2024-03-01,New Zealand,0405,Butter and other fats and oils derived from milk; dairy spreads,56925310,9444300,9444300
2024-03-01,New Zealand,0406,Cheese and curd,43322072,9067780,9067780
2024-04-01,EU-27,0401,"Milk and cream; not concentrated, not containing added sugar or other sweetening matter",42715872,22367900,22367900
2024-04-01,EU-27,0402,Milk and cream; concentrated or containing added sugar or other sweetening matter,24338408,6552987,6552987
2024-04-01,EU-27,0403,"Yogurt; buttermilk, curdled milk and cream, kephir and other fermented or acidified milk and cream, whether or not concentrated or containing added sugar or other sweetening matter or flavoured or containing added fruit, nuts or cocoa.",2585413,1029192,1029192
2024-04-01,EU-27,0404,"Whey and products consisting of natural milk constituents; whether or not containing added sugar or other sweetening matter, not elsewhere specified or included",34660833,15797973,15797973
2024-04-01,EU-27,0405,Butter and other fats and oils derived from milk; dairy spreads,11517410,1753588,1753588
2024-04-01,EU-27,0406,Cheese and curd,23197253,3852781,3852781
2024-04-01,New Zealand,0401,"Milk and cream; not concentrated, not containing added sugar or other sweetening matter",72428647,31347359,31347359
2024-04-01,New Zealand,0402,Milk and cream; concentrated or containing added sugar or other sweetening matter,155905786,46810501,46810501
2024-04-01,New Zealand,0403,"Yogurt; buttermilk, curdled milk and cream, kephir and other fermented or acidified milk and cream, whether or not concentrated or containing added sugar or other sweetening matter or flavoured or containing added fruit, nuts or cocoa.",167933,61191,61191
2024-04-01,New Zealand,0404,"Whey and products consisting of natural milk constituents; whether or not containing added sugar or other sweetening matter, not elsewhere specified or included",2590962,1473595,1473595
2024-04-01,New Zealand,0405,Butter and other fats and oils derived from milk; dairy spreads,73236254,11721450,11721450
2024-04-01,New Zealand,0406,Cheese and curd,38715310,8370928,8370928
2024-05-01,EU-27,0401,"Milk and cream; not concentrated, not containing added sugar or other sweetening matter",38826690,21846561,21846561
2024-05-01,EU-27,0402,Milk and cream; concentrated or containing added sugar or other sweetening matter,18929732,4548414,4548414
2024-05-01,EU-27,0403,"Yogurt; buttermilk, curdled milk and cream, kephir and other fermented or acidified milk and cream, whether or not concentrated or containing added sugar or other sweetening matter or flavoured or containing added fruit, nuts or cocoa.",2963357,1121413,1121413
2024-05-01,EU-27,0404,"Whey and products consisting of natural milk constituents; whether or not containing added sugar or other sweetening matter, not elsewhere specified or included",32569774,14922452,14922452
2024-05-01,EU-27,0405,Butter and other fats and oils derived from milk; dairy spreads,14586667,2040333,2040333
2024-05-01,EU-27,0406,Cheese and curd,17777850,2852827,2852827
2024-05-01,New Zealand,0401,"Milk and cream; not concentrated, not containing added sugar or other sweetening matter",78040277,32664217,32664217
2024-05-01,New Zealand,0402,Milk and cream; concentrated or containing added sugar or other sweetening matter,139482739,39506559,39506559
2024-05-01,New Zealand,0403,"Yogurt; buttermilk, curdled milk and cream, kephir and other fermented or acidified milk and cream, whether or not concentrated or containing added sugar or other sweetening matter or flavoured or containing added fruit, nuts or cocoa.",194947,76800,76800
2024-05-01,New Zealand,0404,"Whey and products consisting of natural milk constituents; whether or not containing added sugar or other sweetening matter, not elsewhere specified or included",2060561,1178358,1178358
2024-05-01,New Zealand,0405,Butter and other fats and oils derived from milk; dairy spreads,63011948,9617820,9617820
2024-05-01,New Zealand,0406,Cheese and curd,41056707,8801056,8801056
2024-06-01,EU-27,0401,"Milk and cream; not concentrated, not containing added sugar or other sweetening matter",41965406,21936403,21936403
2024-06-01,EU-27,0402,Milk and cream; concentrated or containing added sugar or other sweetening matter,17362298,4686883,4686883
2024-06-01,EU-27,0403,"Yogurt; buttermilk, curdled milk and cream, kephir and other fermented or acidified milk and cream, whether or not concentrated or containing added sugar or other sweetening matter or flavoured or containing added fruit, nuts or cocoa.",2920070,1164248,1164248
2024-06-01,EU-27,0404,"Whey and products consisting of natural milk constituents; whether or not containing added sugar or other sweetening matter, not elsewhere specified or included",35069048,17404357,17404357
2024-06-01,EU-27,0405,Butter and other fats and oils derived from milk; dairy spreads,12089404,1539513,1539513
2024-06-01,EU-27,0406,Cheese and curd,19635709,3111572,3111572
2024-06-01,New Zealand,0401,"Milk and cream; not concentrated, not containing added sugar or other sweetening matter",65592394,26161680,26161680
2024-06-01,New Zealand,0402,Milk and cream; concentrated or containing added sugar or other sweetening matter,142966963,40009180,40009180
2024-06-01,New Zealand,0403,"Yogurt; buttermilk, curdled milk and cream, kephir and other fermented or acidified milk and cream, whether or not concentrated or containing added sugar or other sweetening matter or flavoured or containing added fruit, nuts or cocoa.",184229,55272,55272
2024-06-01,New Zealand,0404,"Whey and products consisting of natural milk constituents; whether or not containing added sugar or other sweetening matter, not elsewhere specified or included",4326152,2509145,2509145
2024-06-01,New Zealand,0405,Butter and other fats and oils derived from milk; dairy spreads,81614742,12019490,12019490
2024-06-01,New Zealand,0406,Cheese and curd,46400562,9869857,9869857
2024-07-01,EU-27,0401,"Milk and cream; not concentrated, not containing added sugar or other sweetening matter",47935090,24314145,24314145
2024-07-01,EU-27,0402,Milk and cream; concentrated or containing added sugar or other sweetening matter,22524814,5800032,5800032
2024-07-01,EU-27,0403,"Yogurt; buttermilk, curdled milk and cream, kephir and other fermented or acidified milk and cream, whether or not concentrated or containing added sugar or other sweetening matter or flavoured or containing added fruit, nuts or cocoa.",2814514,1251160,1251160
2024-07-01,EU-27,0404,"Whey and products consisting of natural milk constituents; whether or not containing added sugar or other sweetening matter, not elsewhere specified or included",42968197,23342492,23342492
2024-07-01,EU-27,0405,Butter and other fats and oils derived from milk; dairy spreads,14221651,1882629,1882629
2024-07-01,EU-27,0406,Cheese and curd,20657263,3146487,3146487
2024-07-01,New Zealand,0401,"Milk and cream; not concentrated, not containing added sugar or other sweetening matter",36100127,17151234,17151234
2024-07-01,New Zealand,0402,Milk and cream; concentrated or containing added sugar or other sweetening matter,183920888,53719130,53719130
2024-07-01,New Zealand,0403,"Yogurt; buttermilk, curdled milk and cream, kephir and other fermented or acidified milk and cream, whether or not concentrated or containing added sugar or other sweetening matter or flavoured or containing added fruit, nuts or cocoa.",199417,66956,66956
2024-07-01,New Zealand,0404,"Whey and products consisting of natural milk constituents; whether or not containing added sugar or other sweetening matter, not elsewhere specified or included",2138815,897420,897420
2024-07-01,New Zealand,0405,Butter and other fats and oils derived from milk; dairy spreads,61868522,8656520,8656520
2024-07-01,New Zealand,0406,Cheese and curd,41723071,9001381,9001381
2024-08-01,EU-27,0401,"Milk and cream; not concentrated, not containing added sugar or other sweetening matter",63422328,38068453,38068453
2024-08-01,EU-27,0402,Milk and cream; concentrated or containing added sugar or other sweetening matter,20408909,5752001,5752001
2024-08-01,EU-27,0403,"Yogurt; buttermilk, curdled milk and cream, kephir and other fermented or acidified milk and cream, whether or not concentrated or containing added sugar or other sweetening matter or flavoured or containing added fruit, nuts or cocoa.",6092413,2956440,2956440
2024-08-01,EU-27,0404,"Whey and products consisting of natural milk constituents; whether or not containing added sugar or other sweetening matter, not elsewhere specified or included",49587260,25874350,25874350
2024-08-01,EU-27,0405,Butter and other fats and oils derived from milk; dairy spreads,12063505,1467532,1467532
2024-08-01,EU-27,0406,Cheese and curd,22560684,3515715,3515715
2024-08-01,New Zealand,0401,"Milk and cream; not concentrated, not containing added sugar or other sweetening matter",38000622,18271610,18271610
2024-08-01,New Zealand,0402,Milk and cream; concentrated or containing added sugar or other sweetening matter,95113533,27379205,27379205
2024-08-01,New Zealand,0403,"Yogurt; buttermilk, curdled milk and cream, kephir and other fermented or acidified milk and cream, whether or not concentrated or containing added sugar or other sweetening matter or flavoured or containing added fruit, nuts or cocoa.",199743,76800,76800
2024-08-01,New Zealand,0404,"Whey and products consisting of natural milk constituents; whether or not containing added sugar or other sweetening matter, not elsewhere specified or included",1946842,809232,809232
2024-08-01,New Zealand,0405,Butter and other fats and oils derived from milk; dairy spreads,48639745,6826830,6826830
2024-08-01,New Zealand,0406,Cheese and curd,37103672,8042331,8042331
2024-09-01,EU-27,0401,"Milk and cream; not concentrated, not containing added sugar or other sweetening matter",54599012,28166812,28166812
2024-09-01,EU-27,0402,Milk and cream; concentrated or containing added sugar or other sweetening matter,18203168,4441318.746,4441318.746
2024-09-01,EU-27,0403,"Yogurt; buttermilk, curdled milk and cream, kephir and other fermented or acidified milk and cream, whether or not concentrated or containing added sugar or other sweetening matter or flavoured or containing added fruit, nuts or cocoa.",3799587,1738329,1738329
2024-09-01,EU-27,0404,"Whey and products consisting of natural milk constituents; whether or not containing added sugar or other sweetening matter, not elsewhere specified or included",44664376,22922587,22922587
2024-09-01,EU-27,0405,Butter and other fats and oils derived from milk; dairy spreads,12177799,1678813,1678813
2024-09-01,EU-27,0406,Cheese and curd,14175369,1985960,1985960
2024-09-01,New Zealand,0401,"Milk and cream; not concentrated, not containing added sugar or other sweetening matter",77206426,27983040,27983040
2024-09-01,New Zealand,0402,Milk and cream; concentrated or containing added sugar or other sweetening matter,46965987,13173680,13173680
2024-09-01,New Zealand,0404,"Whey and products consisting of natural milk constituents; whether or not containing added sugar or other sweetening matter, not elsewhere specified or included",1138577,803842,803842
2024-09-01,New Zealand,0405,Butter and other fats and oils derived from milk; dairy spreads,51257879,7119460,7119460
2024-09-01,New Zealand,0406,Cheese and curd,37657341,8039436,8039436
2024-10-01,EU-27,0401,"Milk and cream; not concentrated, not containing added sugar or other sweetening matter",51591084,27895747,27895747
2024-10-01,EU-27,0402,Milk and cream; concentrated or containing added sugar or other sweetening matter,18562626,4275600.555,4275600.555
2024-10-01,EU-27,0403,"Yogurt; buttermilk, curdled milk and cream, kephir and other fermented or acidified milk and cream, whether or not concentrated or containing added sugar or other sweetening matter or flavoured or containing added fruit, nuts or cocoa.",2643177,1225394,1225394
2024-10-01,EU-27,0404,"Whey and products consisting of natural milk constituents; whether or not containing added sugar or other sweetening matter, not elsewhere specified or included",37484284,20927511,20927511
2024-10-01,EU-27,0405,Butter and other fats and oils derived from milk; dairy spreads,15005783,1852579,1852579
2024-10-01,EU-27,0406,Cheese and curd,14609660,1879364,1879364
2024-10-01,New Zealand,0401,"Milk and cream; not concentrated, not containing added sugar or other sweetening matter",66384761,28225340,28225340
2024-10-01,New Zealand,0402,Milk and cream; concentrated or containing added sugar or other sweetening matter,64069652,17714870,17714870
2024-10-01,New Zealand,0403,"Yogurt; buttermilk, curdled milk and cream, kephir and other fermented or acidified milk and cream, whether or not concentrated or containing added sugar or other sweetening matter or flavoured or containing added fruit, nuts or cocoa.",136218,35016,35016
2024-10-01,New Zealand,0404,"Whey and products consisting of natural milk constituents; whether or not containing added sugar or other sweetening matter, not elsewhere specified or included",3683215,2355970,2355970
2024-10-01,New Zealand,0405,Butter and other fats and oils derived from milk; dairy spreads,45315155,5911470,5911470
2024-10-01,New Zealand,0406,Cheese and curd,23914472,5135154,5135154
2024-11-01,EU-27,0401,"Milk and cream; not concentrated, not containing added sugar or other sweetening matter",52310400,28666708,28666708
2024-11-01,EU-27,0402,Milk and cream; concentrated or containing added sugar or other sweetening matter,18701632,4584557,4584557
2024-11-01,EU-27,0403,"Yogurt; buttermilk, curdled milk and cream, kephir and other fermented or acidified milk and cream, whether or not concentrated or containing added sugar or other sweetening matter or flavoured or containing added fruit, nuts or cocoa.",4164744,2026453,2026453
2024-11-01,EU-27,0404,"Whey and products consisting of natural milk constituents; whether or not containing added sugar or other sweetening matter, not elsewhere specified or included",32649524,18033614,18033614
2024-11-01,EU-27,0405,Butter and other fats and oils derived from milk; dairy spreads,9347973,1033588,1033588
2024-11-01,EU-27,0406,Cheese and curd,19461545,2755570,2755570
2024-11-01,New Zealand,0401,"Milk and cream; not concentrated, not containing added sugar or other sweetening matter",95291064,34111760,34111760
2024-11-01,New Zealand,0402,Milk and cream; concentrated or containing added sugar or other sweetening matter,118196864,33936540,33936540
2024-11-01,New Zealand,0403,"Yogurt; buttermilk, curdled milk and cream, kephir and other fermented or acidified milk and cream, whether or not concentrated or containing added sugar or other sweetening matter or flavoured or containing added fruit, nuts or cocoa.",110006,20933,20933
2024-11-01,New Zealand,0404,"Whey and products consisting of natural milk constituents; whether or not containing added sugar or other sweetening matter, not elsewhere specified or included",5948935,3416670,3416670
2024-11-01,New Zealand,0405,Butter and other fats and oils derived from milk; dairy spreads,78935235,10443990,10443990
2024-11-01,New Zealand,0406,Cheese and curd,40983985,8519757,8519757
2024-12-01,EU-27,0401,"Milk and cream; not concentrated, not containing added sugar or other sweetening matter",50189065,29004286,29004286
2024-12-01,EU-27,0402,Milk and cream; concentrated or containing added sugar or other sweetening matter,17392255,3694828,3694828
2024-12-01,EU-27,0403,"Yogurt; buttermilk, curdled milk and cream, kephir and other fermented or acidified milk and cream, whether or not concentrated or containing added sugar or other sweetening matter or flavoured or containing added fruit, nuts or cocoa.",2241305,1353597,1353597
2024-12-01,EU-27,0404,"Whey and products consisting of natural milk constituents; whether or not containing added sugar or other sweetening matter, not elsewhere specified or included",36112036,20935897.402,20935897.402
2024-12-01,EU-27,0405,Butter and other fats and oils derived from milk; dairy spreads,10977195,1301941,1301941
2024-12-01,EU-27,0406,Cheese and curd,19616195,2779725,2779725
2024-12-01,New Zealand,0401,"Milk and cream; not concentrated, not containing added sugar or other sweetening matter",81358225,31856390,31856390
2024-12-01,New Zealand,0402,Milk and cream; concentrated or containing added sugar or other sweetening matter,205524843,59931220,59931220
2024-12-01,New Zealand,0403,"Yogurt; buttermilk, curdled milk and cream, kephir and other fermented or acidified milk and cream, whether or not concentrated or containing added sugar or other sweetening matter or flavoured or containing added fruit, nuts or cocoa.",91585,16113,16113
2024-12-01,New Zealand,0404,"Whey and products consisting of natural milk constituents; whether or not containing added sugar or other sweetening matter, not elsewhere specified or included",5707490,2350801,2350801
2024-12-01,New Zealand,0405,Butter and other fats and oils derived from milk; dairy spreads,119455071,15492280,15492280
2024-12-01,New Zealand,0406,Cheese and curd,56516966,11529876,11529876
NA,NA,NA,NA,0,0,0
