date,source_region,cmd_code,cmd_desc,import_value_usd,net_weight_kg
1/1/10,EU-27,0401,Milk and cream; not concentrated nor containing added sugar or other sweetening matter,1072882,764713
1/1/10,EU-27,0402,Milk and cream; concentrated or containing added sugar or other sweetening matter,8021246,2949146
1/1/10,EU-27,0403,"Buttermilk, curdled milk and cream, yoghurt, kephir, fermented or acidified milk or cream, whether or not concentrated, containing added sugar, sweetening matter, flavoured or added fruit or cocoa",41742,13765
1/1/10,EU-27,0404,"Whey and products consisting of natural milk constituents; whether or not containing added sugar or other sweetening matter, not elsewhere specified or included",13995555,7993355
1/1/10,EU-27,0405,Butter and other fats and oils derived from milk; dairy spreads,557456,112363
1/1/10,EU-27,0406,Cheese and curd,1165521,170632
1/1/10,New Zealand,0401,Milk and cream; not concentrated nor containing added sugar or other sweetening matter,1035388,607338
1/1/10,New Zealand,0402,Milk and cream; concentrated or containing added sugar or other sweetening matter,90791850,33535908
1/1/10,New Zealand,0403,"Buttermilk, curdled milk and cream, yoghurt, kephir, fermented or acidified milk or cream, whether or not concentrated, containing added sugar, sweetening matter, flavoured or added fruit or cocoa",35264,9815
1/1/10,New Zealand,0404,"Whey and products consisting of natural milk constituents; whether or not containing added sugar or other sweetening matter, not elsewhere specified or included",1786076,595530
1/1/10,New Zealand,0405,Butter and other fats and oils derived from milk; dairy spreads,10362457,3747656
1/1/10,New Zealand,0406,Cheese and curd,3633019,1033191
2/1/10,EU-27,0401,Milk and cream; not concentrated nor containing added sugar or other sweetening matter,861703,621898
2/1/10,EU-27,0402,Milk and cream; concentrated or containing added sugar or other sweetening matter,5028569,1796505
2/1/10,EU-27,0403,"Buttermilk, curdled milk and cream, yoghurt, kephir, fermented or acidified milk or cream, whether or not concentrated, containing added sugar, sweetening matter, flavoured or added fruit or cocoa",52518,14018
2/1/10,EU-27,0404,"Whey and products consisting of natural milk constituents; whether or not containing added sugar or other sweetening matter, not elsewhere specified or included",12400511,7060460
2/1/10,EU-27,0405,Butter and other fats and oils derived from milk; dairy spreads,362554,74999
2/1/10,EU-27,0406,Cheese and curd,920122,104710
2/1/10,New Zealand,0401,Milk and cream; not concentrated nor containing added sugar or other sweetening matter,819579,380916
2/1/10,New Zealand,0402,Milk and cream; concentrated or containing added sugar or other sweetening matter,81703371,26622683
2/1/10,New Zealand,0403,"Buttermilk, curdled milk and cream, yoghurt, kephir, fermented or acidified milk or cream, whether or not concentrated, containing added sugar, sweetening matter, flavoured or added fruit or cocoa",1755,482
2/1/10,New Zealand,0404,"Whey and products consisting of natural milk constituents; whether or not containing added sugar or other sweetening matter, not elsewhere specified or included",835085,264317
2/1/10,New Zealand,0405,Butter and other fats and oils derived from milk; dairy spreads,5371748,1888850
2/1/10,New Zealand,0406,Cheese and curd,4023671,1103722
3/1/10,EU-27,0401,Milk and cream; not concentrated nor containing added sugar or other sweetening matter,1160867,665734
3/1/10,EU-27,0402,Milk and cream; concentrated or containing added sugar or other sweetening matter,6597154,2121592
3/1/10,EU-27,0403,"Buttermilk, curdled milk and cream, yoghurt, kephir, fermented or acidified milk or cream, whether or not concentrated, containing added sugar, sweetening matter, flavoured or added fruit or cocoa",77928,24649
3/1/10,EU-27,0404,"Whey and products consisting of natural milk constituents; whether or not containing added sugar or other sweetening matter, not elsewhere specified or included",9721707,5592421
3/1/10,EU-27,0405,Butter and other fats and oils derived from milk; dairy spreads,1473863,275196
3/1/10,EU-27,0406,Cheese and curd,1444407,214981
3/1/10,New Zealand,0401,Milk and cream; not concentrated nor containing added sugar or other sweetening matter,1546312,703512
3/1/10,New Zealand,0402,Milk and cream; concentrated or containing added sugar or other sweetening matter,116552288,35422427
3/1/10,New Zealand,0403,"Buttermilk, curdled milk and cream, yoghurt, kephir, fermented or acidified milk or cream, whether or not concentrated, containing added sugar, sweetening matter, flavoured or added fruit or cocoa",6096,1635
3/1/10,New Zealand,0404,"Whey and products consisting of natural milk constituents; whether or not containing added sugar or other sweetening matter, not elsewhere specified or included",2419427,561120
3/1/10,New Zealand,0405,Butter and other fats and oils derived from milk; dairy spreads,7281256,1946816
3/1/10,New Zealand,0406,Cheese and curd,3856987,923847
4/1/10,EU-27,0401,Milk and cream; not concentrated nor containing added sugar or other sweetening matter,1043436,632082
4/1/10,EU-27,0402,Milk and cream; concentrated or containing added sugar or other sweetening matter,2593751,811160
4/1/10,EU-27,0403,"Buttermilk, curdled milk and cream, yoghurt, kephir, fermented or acidified milk or cream, whether or not concentrated, containing added sugar, sweetening matter, flavoured or added fruit or cocoa",384369,110733
4/1/10,EU-27,0404,"Whey and products consisting of natural milk constituents; whether or not containing added sugar or other sweetening matter, not elsewhere specified or included",8574965,4761569
4/1/10,EU-27,0405,Butter and other fats and oils derived from milk; dairy spreads,288192,66023
4/1/10,EU-27,0406,Cheese and curd,1207018,159349
4/1/10,New Zealand,0401,Milk and cream; not concentrated nor containing added sugar or other sweetening matter,1032284,449010
4/1/10,New Zealand,0402,Milk and cream; concentrated or containing added sugar or other sweetening matter,100843323,30595652
4/1/10,New Zealand,0403,"Buttermilk, curdled milk and cream, yoghurt, kephir, fermented or acidified milk or cream, whether or not concentrated, containing added sugar, sweetening matter, flavoured or added fruit or cocoa",7597,2222
4/1/10,New Zealand,0404,"Whey and products consisting of natural milk constituents; whether or not containing added sugar or other sweetening matter, not elsewhere specified or included",2154954,406085
4/1/10,New Zealand,0405,Butter and other fats and oils derived from milk; dairy spreads,5806687,1413668
4/1/10,New Zealand,0406,Cheese and curd,4533253,994527
5/1/10,EU-27,0401,Milk and cream; not concentrated nor containing added sugar or other sweetening matter,738330,453033
5/1/10,EU-27,0402,Milk and cream; concentrated or containing added sugar or other sweetening matter,2675683,930309
5/1/10,EU-27,0403,"Buttermilk, curdled milk and cream, yoghurt, kephir, fermented or acidified milk or cream, whether or not concentrated, containing added sugar, sweetening matter, flavoured or added fruit or cocoa",89313,30128
5/1/10,EU-27,0404,"Whey and products consisting of natural milk constituents; whether or not containing added sugar or other sweetening matter, not elsewhere specified or included",10564374,5307759
5/1/10,EU-27,0405,Butter and other fats and oils derived from milk; dairy spreads,752548,138893
5/1/10,EU-27,0406,Cheese and curd,1235705,158713
5/1/10,New Zealand,0401,Milk and cream; not concentrated nor containing added sugar or other sweetening matter,1053998,487721
5/1/10,New Zealand,0402,Milk and cream; concentrated or containing added sugar or other sweetening matter,96144370,28808734
5/1/10,New Zealand,0403,"Buttermilk, curdled milk and cream, yoghurt, kephir, fermented or acidified milk or cream, whether or not concentrated, containing added sugar, sweetening matter, flavoured or added fruit or cocoa",9838,2890
5/1/10,New Zealand,0404,"Whey and products consisting of natural milk constituents; whether or not containing added sugar or other sweetening matter, not elsewhere specified or included",2262093,485315
5/1/10,New Zealand,0405,Butter and other fats and oils derived from milk; dairy spreads,4576535,1150221
5/1/10,New Zealand,0406,Cheese and curd,4287206,938260
6/1/10,EU-27,0401,Milk and cream; not concentrated nor containing added sugar or other sweetening matter,605186,321083
6/1/10,EU-27,0402,Milk and cream; concentrated or containing added sugar or other sweetening matter,5565820,1709616
6/1/10,EU-27,0403,"Buttermilk, curdled milk and cream, yoghurt, kephir, fermented or acidified milk or cream, whether or not concentrated, containing added sugar, sweetening matter, flavoured or added fruit or cocoa",160761,52223
6/1/10,EU-27,0404,"Whey and products consisting of natural milk constituents; whether or not containing added sugar or other sweetening matter, not elsewhere specified or included",13103560,7309085
6/1/10,EU-27,0405,Butter and other fats and oils derived from milk; dairy spreads,287800,52770
6/1/10,EU-27,0406,Cheese and curd,953493,129662
6/1/10,New Zealand,0401,Milk and cream; not concentrated nor containing added sugar or other sweetening matter,1022856,550189
6/1/10,New Zealand,0402,Milk and cream; concentrated or containing added sugar or other sweetening matter,130081613,38259718
6/1/10,New Zealand,0403,"Buttermilk, curdled milk and cream, yoghurt, kephir, fermented or acidified milk or cream, whether or not concentrated, containing added sugar, sweetening matter, flavoured or added fruit or cocoa",11011,3292
6/1/10,New Zealand,0404,"Whey and products consisting of natural milk constituents; whether or not containing added sugar or other sweetening matter, not elsewhere specified or included",1842949,425299
6/1/10,New Zealand,0405,Butter and other fats and oils derived from milk; dairy spreads,5564977,1343221
6/1/10,New Zealand,0406,Cheese and curd,4273412,934529
7/1/10,EU-27,0401,Milk and cream; not concentrated nor containing added sugar or other sweetening matter,620360,364223
7/1/10,EU-27,0402,Milk and cream; concentrated or containing added sugar or other sweetening matter,9368969,2732546
7/1/10,EU-27,0403,"Buttermilk, curdled milk and cream, yoghurt, kephir, fermented or acidified milk or cream, whether or not concentrated, containing added sugar, sweetening matter, flavoured or added fruit or cocoa",136425,43997
7/1/10,EU-27,0404,"Whey and products consisting of natural milk constituents; whether or not containing added sugar or other sweetening matter, not elsewhere specified or included",16280731,9081930
7/1/10,EU-27,0405,Butter and other fats and oils derived from milk; dairy spreads,526952,111496
7/1/10,EU-27,0406,Cheese and curd,1169047,171253
7/1/10,New Zealand,0401,Milk and cream; not concentrated nor containing added sugar or other sweetening matter,1223860,662012
7/1/10,New Zealand,0402,Milk and cream; concentrated or containing added sugar or other sweetening matter,100869932,27970302
7/1/10,New Zealand,0403,"Buttermilk, curdled milk and cream, yoghurt, kephir, fermented or acidified milk or cream, whether or not concentrated, containing added sugar, sweetening matter, flavoured or added fruit or cocoa",19370,4547
7/1/10,New Zealand,0404,"Whey and products consisting of natural milk constituents; whether or not containing added sugar or other sweetening matter, not elsewhere specified or included",3089719,861385
7/1/10,New Zealand,0405,Butter and other fats and oils derived from milk; dairy spreads,5574520,1352722
7/1/10,New Zealand,0406,Cheese and curd,2804505,592349
8/1/10,EU-27,0401,Milk and cream; not concentrated nor containing added sugar or other sweetening matter,631840,391958
8/1/10,EU-27,0402,Milk and cream; concentrated or containing added sugar or other sweetening matter,11831031,3343008
8/1/10,EU-27,0403,"Buttermilk, curdled milk and cream, yoghurt, kephir, fermented or acidified milk or cream, whether or not concentrated, containing added sugar, sweetening matter, flavoured or added fruit or cocoa",80008,36244
8/1/10,EU-27,0404,"Whey and products consisting of natural milk constituents; whether or not containing added sugar or other sweetening matter, not elsewhere specified or included",16938431,9595984
8/1/10,EU-27,0405,Butter and other fats and oils derived from milk; dairy spreads,1046078,203563
8/1/10,EU-27,0406,Cheese and curd,1252340,153109
8/1/10,New Zealand,0401,Milk and cream; not concentrated nor containing added sugar or other sweetening matter,967892,394758
8/1/10,New Zealand,0402,Milk and cream; concentrated or containing added sugar or other sweetening matter,66993049,16722963
8/1/10,New Zealand,0403,"Buttermilk, curdled milk and cream, yoghurt, kephir, fermented or acidified milk or cream, whether or not concentrated, containing added sugar, sweetening matter, flavoured or added fruit or cocoa",6783,1978
8/1/10,New Zealand,0404,"Whey and products consisting of natural milk constituents; whether or not containing added sugar or other sweetening matter, not elsewhere specified or included",2262104,366600
8/1/10,New Zealand,0405,Butter and other fats and oils derived from milk; dairy spreads,2534776,546784
8/1/10,New Zealand,0406,Cheese and curd,4302870,947560
9/1/10,EU-27,0401,Milk and cream; not concentrated nor containing added sugar or other sweetening matter,558165,383253
9/1/10,EU-27,0402,Milk and cream; concentrated or containing added sugar or other sweetening matter,12064418,3641513
9/1/10,EU-27,0403,"Buttermilk, curdled milk and cream, yoghurt, kephir, fermented or acidified milk or cream, whether or not concentrated, containing added sugar, sweetening matter, flavoured or added fruit or cocoa",231976,78265
9/1/10,EU-27,0404,"Whey and products consisting of natural milk constituents; whether or not containing added sugar or other sweetening matter, not elsewhere specified or included",21667041,13078443
9/1/10,EU-27,0405,Butter and other fats and oils derived from milk; dairy spreads,779886,155516
9/1/10,EU-27,0406,Cheese and curd,1139727,158513
9/1/10,New Zealand,0401,Milk and cream; not concentrated nor containing added sugar or other sweetening matter,1779795,868916
9/1/10,New Zealand,0402,Milk and cream; concentrated or containing added sugar or other sweetening matter,47616370,12286889
9/1/10,New Zealand,0403,"Buttermilk, curdled milk and cream, yoghurt, kephir, fermented or acidified milk or cream, whether or not concentrated, containing added sugar, sweetening matter, flavoured or added fruit or cocoa",14301,3376
9/1/10,New Zealand,0404,"Whey and products consisting of natural milk constituents; whether or not containing added sugar or other sweetening matter, not elsewhere specified or included",698051,124577
9/1/10,New Zealand,0405,Butter and other fats and oils derived from milk; dairy spreads,4848866,1038112
9/1/10,New Zealand,0406,Cheese and curd,5958271,1289734
10/1/10,EU-27,0401,Milk and cream; not concentrated nor containing added sugar or other sweetening matter,362168,202616
10/1/10,EU-27,0402,Milk and cream; concentrated or containing added sugar or other sweetening matter,9019610,2607756
10/1/10,EU-27,0403,"Buttermilk, curdled milk and cream, yoghurt, kephir, fermented or acidified milk or cream, whether or not concentrated, containing added sugar, sweetening matter, flavoured or added fruit or cocoa",55152,17826
10/1/10,EU-27,0404,"Whey and products consisting of natural milk constituents; whether or not containing added sugar or other sweetening matter, not elsewhere specified or included",16183429,9245516
10/1/10,EU-27,0405,Butter and other fats and oils derived from milk; dairy spreads,663083,115583
10/1/10,EU-27,0406,Cheese and curd,1414796,199808
10/1/10,New Zealand,0401,Milk and cream; not concentrated nor containing added sugar or other sweetening matter,1432932,550868
10/1/10,New Zealand,0402,Milk and cream; concentrated or containing added sugar or other sweetening matter,74021488,19260079
10/1/10,New Zealand,0403,"Buttermilk, curdled milk and cream, yoghurt, kephir, fermented or acidified milk or cream, whether or not concentrated, containing added sugar, sweetening matter, flavoured or added fruit or cocoa",69067,10528
10/1/10,New Zealand,0404,"Whey and products consisting of natural milk constituents; whether or not containing added sugar or other sweetening matter, not elsewhere specified or included",388672,0
10/1/10,New Zealand,0405,Butter and other fats and oils derived from milk; dairy spreads,5506774,1356812
10/1/10,New Zealand,0406,Cheese and curd,3378647,812829
11/1/10,EU-27,0401,Milk and cream; not concentrated nor containing added sugar or other sweetening matter,1106600,739006
11/1/10,EU-27,0402,Milk and cream; concentrated or containing added sugar or other sweetening matter,7282056,2286051
11/1/10,EU-27,0403,"Buttermilk, curdled milk and cream, yoghurt, kephir, fermented or acidified milk or cream, whether or not concentrated, containing added sugar, sweetening matter, flavoured or added fruit or cocoa",183574,60877
11/1/10,EU-27,0404,"Whey and products consisting of natural milk constituents; whether or not containing added sugar or other sweetening matter, not elsewhere specified or included",16002973,9114806
11/1/10,EU-27,0405,Butter and other fats and oils derived from milk; dairy spreads,619462,96657
11/1/10,EU-27,0406,Cheese and curd,1618657,194485
11/1/10,New Zealand,0401,Milk and cream; not concentrated nor containing added sugar or other sweetening matter,2019382,858850
11/1/10,New Zealand,0402,Milk and cream; concentrated or containing added sugar or other sweetening matter,109681078,31121110
11/1/10,New Zealand,0403,"Buttermilk, curdled milk and cream, yoghurt, kephir, fermented or acidified milk or cream, whether or not concentrated, containing added sugar, sweetening matter, flavoured or added fruit or cocoa",19573,5195
11/1/10,New Zealand,0404,"Whey and products consisting of natural milk constituents; whether or not containing added sugar or other sweetening matter, not elsewhere specified or included",829000,300000
11/1/10,New Zealand,0405,Butter and other fats and oils derived from milk; dairy spreads,8349472,1898616
11/1/10,New Zealand,0406,Cheese and curd,5804724,1373189
12/1/10,EU-27,0401,Milk and cream; not concentrated nor containing added sugar or other sweetening matter,1420678,1114944
12/1/10,EU-27,0402,Milk and cream; concentrated or containing added sugar or other sweetening matter,13300209,4300665
12/1/10,EU-27,0403,"Buttermilk, curdled milk and cream, yoghurt, kephir, fermented or acidified milk or cream, whether or not concentrated, containing added sugar, sweetening matter, flavoured or added fruit or cocoa",102819,39161
12/1/10,EU-27,0404,"Whey and products consisting of natural milk constituents; whether or not containing added sugar or other sweetening matter, not elsewhere specified or included",15906619,8978220
12/1/10,EU-27,0405,Butter and other fats and oils derived from milk; dairy spreads,969745,151971
12/1/10,EU-27,0406,Cheese and curd,2213671,286992
12/1/10,New Zealand,0401,Milk and cream; not concentrated nor containing added sugar or other sweetening matter,1875498,905868
12/1/10,New Zealand,0402,Milk and cream; concentrated or containing added sugar or other sweetening matter,121414153,36208019
12/1/10,New Zealand,0403,"Buttermilk, curdled milk and cream, yoghurt, kephir, fermented or acidified milk or cream, whether or not concentrated, containing added sugar, sweetening matter, flavoured or added fruit or cocoa",12805,3408
12/1/10,New Zealand,0404,"Whey and products consisting of natural milk constituents; whether or not containing added sugar or other sweetening matter, not elsewhere specified or included",2164057,683675
12/1/10,New Zealand,0405,Butter and other fats and oils derived from milk; dairy spreads,7718312,1817007
12/1/10,New Zealand,0406,Cheese and curd,3844191,920296
1/1/11,EU-27,0401,Milk and cream; not concentrated nor containing added sugar or other sweetening matter,1378846,878602
1/1/11,EU-27,0402,Milk and cream; concentrated or containing added sugar or other sweetening matter,6449068,2086104
1/1/11,EU-27,0403,"Buttermilk, curdled milk and cream, yoghurt, kephir, fermented or acidified milk or cream, whether or not concentrated, containing added sugar, sweetening matter, flavoured or added fruit or cocoa",230052,84594
1/1/11,EU-27,0404,"Whey and products consisting of natural milk constituents; whether or not containing added sugar or other sweetening matter, not elsewhere specified or included",23537655,12768476
1/1/11,EU-27,0405,Butter and other fats and oils derived from milk; dairy spreads,1489437,246382
1/1/11,EU-27,0406,Cheese and curd,1668524,220505
1/1/11,New Zealand,0401,Milk and cream; not concentrated nor containing added sugar or other sweetening matter,2437425,1149276
1/1/11,New Zealand,0402,Milk and cream; concentrated or containing added sugar or other sweetening matter,165622872,47684668
1/1/11,New Zealand,0403,"Buttermilk, curdled milk and cream, yoghurt, kephir, fermented or acidified milk or cream, whether or not concentrated, containing added sugar, sweetening matter, flavoured or added fruit or cocoa",623959,197427
1/1/11,New Zealand,0404,"Whey and products consisting of natural milk constituents; whether or not containing added sugar or other sweetening matter, not elsewhere specified or included",1102728,372400
1/1/11,New Zealand,0405,Butter and other fats and oils derived from milk; dairy spreads,14952470,3307462
1/1/11,New Zealand,0406,Cheese and curd,4468903,1043583
2/1/11,EU-27,0401,Milk and cream; not concentrated nor containing added sugar or other sweetening matter,673474,440897
2/1/11,EU-27,0402,Milk and cream; concentrated or containing added sugar or other sweetening matter,4527723,1498045
2/1/11,EU-27,0403,"Buttermilk, curdled milk and cream, yoghurt, kephir, fermented or acidified milk or cream, whether or not concentrated, containing added sugar, sweetening matter, flavoured or added fruit or cocoa",133625,61301
2/1/11,EU-27,0404,"Whey and products consisting of natural milk constituents; whether or not containing added sugar or other sweetening matter, not elsewhere specified or included",14788173,8546458
2/1/11,EU-27,0405,Butter and other fats and oils derived from milk; dairy spreads,761165,128756
2/1/11,EU-27,0406,Cheese and curd,909821,116169
2/1/11,New Zealand,0401,Milk and cream; not concentrated nor containing added sugar or other sweetening matter,2027964,933191
2/1/11,New Zealand,0402,Milk and cream; concentrated or containing added sugar or other sweetening matter,143821500,40787524
2/1/11,New Zealand,0403,"Buttermilk, curdled milk and cream, yoghurt, kephir, fermented or acidified milk or cream, whether or not concentrated, containing added sugar, sweetening matter, flavoured or added fruit or cocoa",81418,26841
2/1/11,New Zealand,0404,"Whey and products consisting of natural milk constituents; whether or not containing added sugar or other sweetening matter, not elsewhere specified or included",2875816,554210
2/1/11,New Zealand,0405,Butter and other fats and oils derived from milk; dairy spreads,9717597,2018263
2/1/11,New Zealand,0406,Cheese and curd,3498986,832843
3/1/11,EU-27,0401,Milk and cream; not concentrated nor containing added sugar or other sweetening matter,2126881,1622429
3/1/11,EU-27,0402,Milk and cream; concentrated or containing added sugar or other sweetening matter,9978301,3118766
3/1/11,EU-27,0403,"Buttermilk, curdled milk and cream, yoghurt, kephir, fermented or acidified milk or cream, whether or not concentrated, containing added sugar, sweetening matter, flavoured or added fruit or cocoa",291672,97268
3/1/11,EU-27,0404,"Whey and products consisting of natural milk constituents; whether or not containing added sugar or other sweetening matter, not elsewhere specified or included",16846099,8659490
3/1/11,EU-27,0405,Butter and other fats and oils derived from milk; dairy spreads,1113971,165627
3/1/11,EU-27,0406,Cheese and curd,2116027,293027
3/1/11,New Zealand,0401,Milk and cream; not concentrated nor containing added sugar or other sweetening matter,2871217,1129505
3/1/11,New Zealand,0402,Milk and cream; concentrated or containing added sugar or other sweetening matter,180171380,51114990
3/1/11,New Zealand,0403,"Buttermilk, curdled milk and cream, yoghurt, kephir, fermented or acidified milk or cream, whether or not concentrated, containing added sugar, sweetening matter, flavoured or added fruit or cocoa",262721,65312
3/1/11,New Zealand,0404,"Whey and products consisting of natural milk constituents; whether or not containing added sugar or other sweetening matter, not elsewhere specified or included",4256904,601511
3/1/11,New Zealand,0405,Butter and other fats and oils derived from milk; dairy spreads,14910917,3012994
3/1/11,New Zealand,0406,Cheese and curd,5163094,1187332
4/1/11,EU-27,0401,Milk and cream; not concentrated nor containing added sugar or other sweetening matter,1867826,1313055
4/1/11,EU-27,0402,Milk and cream; concentrated or containing added sugar or other sweetening matter,5548170,1717781
4/1/11,EU-27,0403,"Buttermilk, curdled milk and cream, yoghurt, kephir, fermented or acidified milk or cream, whether or not concentrated, containing added sugar, sweetening matter, flavoured or added fruit or cocoa",387309,112504
4/1/11,EU-27,0404,"Whey and products consisting of natural milk constituents; whether or not containing added sugar or other sweetening matter, not elsewhere specified or included",17773897,9351420
4/1/11,EU-27,0405,Butter and other fats and oils derived from milk; dairy spreads,789591,124294
4/1/11,EU-27,0406,Cheese and curd,1964605,251746
4/1/11,New Zealand,0401,Milk and cream; not concentrated nor containing added sugar or other sweetening matter,2215836,950716
4/1/11,New Zealand,0402,Milk and cream; concentrated or containing added sugar or other sweetening matter,215104277,59480821
4/1/11,New Zealand,0403,"Buttermilk, curdled milk and cream, yoghurt, kephir, fermented or acidified milk or cream, whether or not concentrated, containing added sugar, sweetening matter, flavoured or added fruit or cocoa",423172,130433
4/1/11,New Zealand,0404,"Whey and products consisting of natural milk constituents; whether or not containing added sugar or other sweetening matter, not elsewhere specified or included",5757020,869595
4/1/11,New Zealand,0405,Butter and other fats and oils derived from milk; dairy spreads,14864354,2889958
4/1/11,New Zealand,0406,Cheese and curd,4943734,1160007
5/1/11,EU-27,0401,Milk and cream; not concentrated nor containing added sugar or other sweetening matter,1669047,1345023
5/1/11,EU-27,0402,Milk and cream; concentrated or containing added sugar or other sweetening matter,11296891,3263337
5/1/11,EU-27,0403,"Buttermilk, curdled milk and cream, yoghurt, kephir, fermented or acidified milk or cream, whether or not concentrated, containing added sugar, sweetening matter, flavoured or added fruit or cocoa",414867,124055
5/1/11,EU-27,0404,"Whey and products consisting of natural milk constituents; whether or not containing added sugar or other sweetening matter, not elsewhere specified or included",16622788,8374975
5/1/11,EU-27,0405,Butter and other fats and oils derived from milk; dairy spreads,1560006,231099
5/1/11,EU-27,0406,Cheese and curd,1874183,207420
5/1/11,New Zealand,0401,Milk and cream; not concentrated nor containing added sugar or other sweetening matter,2416039,1153692
5/1/11,New Zealand,0402,Milk and cream; concentrated or containing added sugar or other sweetening matter,122498467,32298195
5/1/11,New Zealand,0403,"Buttermilk, curdled milk and cream, yoghurt, kephir, fermented or acidified milk or cream, whether or not concentrated, containing added sugar, sweetening matter, flavoured or added fruit or cocoa",18985,5136
5/1/11,New Zealand,0404,"Whey and products consisting of natural milk constituents; whether or not containing added sugar or other sweetening matter, not elsewhere specified or included",5264090,752480
5/1/11,New Zealand,0405,Butter and other fats and oils derived from milk; dairy spreads,19248461,3666507
5/1/11,New Zealand,0406,Cheese and curd,4417589,975114
6/1/11,EU-27,0401,Milk and cream; not concentrated nor containing added sugar or other sweetening matter,2213404,2159573
6/1/11,EU-27,0402,Milk and cream; concentrated or containing added sugar or other sweetening matter,2878301,774613
6/1/11,EU-27,0403,"Buttermilk, curdled milk and cream, yoghurt, kephir, fermented or acidified milk or cream, whether or not concentrated, containing added sugar, sweetening matter, flavoured or added fruit or cocoa",166895,42567
6/1/11,EU-27,0404,"Whey and products consisting of natural milk constituents; whether or not containing added sugar or other sweetening matter, not elsewhere specified or included",17762243,8524700
6/1/11,EU-27,0405,Butter and other fats and oils derived from milk; dairy spreads,719030,100165
6/1/11,EU-27,0406,Cheese and curd,909299,106622
6/1/11,New Zealand,0401,Milk and cream; not concentrated nor containing added sugar or other sweetening matter,2329212,1111382
6/1/11,New Zealand,0402,Milk and cream; concentrated or containing added sugar or other sweetening matter,98104572,24247942
6/1/11,New Zealand,0403,"Buttermilk, curdled milk and cream, yoghurt, kephir, fermented or acidified milk or cream, whether or not concentrated, containing added sugar, sweetening matter, flavoured or added fruit or cocoa",162875,35311
6/1/11,New Zealand,0404,"Whey and products consisting of natural milk constituents; whether or not containing added sugar or other sweetening matter, not elsewhere specified or included",446204,50840
6/1/11,New Zealand,0405,Butter and other fats and oils derived from milk; dairy spreads,12285699,2119231
6/1/11,New Zealand,0406,Cheese and curd,7162339,1648756
7/1/11,EU-27,0401,Milk and cream; not concentrated nor containing added sugar or other sweetening matter,2410872,2187139
7/1/11,EU-27,0402,Milk and cream; concentrated or containing added sugar or other sweetening matter,9271575,2693095
7/1/11,EU-27,0403,"Buttermilk, curdled milk and cream, yoghurt, kephir, fermented or acidified milk or cream, whether or not concentrated, containing added sugar, sweetening matter, flavoured or added fruit or cocoa",349361,120052
7/1/11,EU-27,0404,"Whey and products consisting of natural milk constituents; whether or not containing added sugar or other sweetening matter, not elsewhere specified or included",22162300,9858045
7/1/11,EU-27,0405,Butter and other fats and oils derived from milk; dairy spreads,654169,90981
7/1/11,EU-27,0406,Cheese and curd,1515485,161424
7/1/11,New Zealand,0401,Milk and cream; not concentrated nor containing added sugar or other sweetening matter,3007424,1945384
7/1/11,New Zealand,0402,Milk and cream; concentrated or containing added sugar or other sweetening matter,88758523,21975834
7/1/11,New Zealand,0403,"Buttermilk, curdled milk and cream, yoghurt, kephir, fermented or acidified milk or cream, whether or not concentrated, containing added sugar, sweetening matter, flavoured or added fruit or cocoa",189346,55386
7/1/11,New Zealand,0404,"Whey and products consisting of natural milk constituents; whether or not containing added sugar or other sweetening matter, not elsewhere specified or included",746925,144116
7/1/11,New Zealand,0405,Butter and other fats and oils derived from milk; dairy spreads,10928745,1928875
7/1/11,New Zealand,0406,Cheese and curd,3468774,779570
8/1/11,EU-27,0401,Milk and cream; not concentrated nor containing added sugar or other sweetening matter,900867,542011
8/1/11,EU-27,0402,Milk and cream; concentrated or containing added sugar or other sweetening matter,9762583,2557927
8/1/11,EU-27,0403,"Buttermilk, curdled milk and cream, yoghurt, kephir, fermented or acidified milk or cream, whether or not concentrated, containing added sugar, sweetening matter, flavoured or added fruit or cocoa",355512,128979
8/1/11,EU-27,0404,"Whey and products consisting of natural milk constituents; whether or not containing added sugar or other sweetening matter, not elsewhere specified or included",28620723,13244829
8/1/11,EU-27,0405,Butter and other fats and oils derived from milk; dairy spreads,1369253,199151
8/1/11,EU-27,0406,Cheese and curd,1792774,215049
8/1/11,New Zealand,0401,Milk and cream; not concentrated nor containing added sugar or other sweetening matter,1139265,620371
8/1/11,New Zealand,0402,Milk and cream; concentrated or containing added sugar or other sweetening matter,64140078,15416451
8/1/11,New Zealand,0403,"Buttermilk, curdled milk and cream, yoghurt, kephir, fermented or acidified milk or cream, whether or not concentrated, containing added sugar, sweetening matter, flavoured or added fruit or cocoa",197730,21908
8/1/11,New Zealand,0404,"Whey and products consisting of natural milk constituents; whether or not containing added sugar or other sweetening matter, not elsewhere specified or included",379710,46536
8/1/11,New Zealand,0405,Butter and other fats and oils derived from milk; dairy spreads,12793876,2232875
8/1/11,New Zealand,0406,Cheese and curd,3084040,717225
9/1/11,EU-27,0401,Milk and cream; not concentrated nor containing added sugar or other sweetening matter,981490,744227
9/1/11,EU-27,0402,Milk and cream; concentrated or containing added sugar or other sweetening matter,12947652,3564693
9/1/11,EU-27,0403,"Buttermilk, curdled milk and cream, yoghurt, kephir, fermented or acidified milk or cream, whether or not concentrated, containing added sugar, sweetening matter, flavoured or added fruit or cocoa",363998,112013
9/1/11,EU-27,0404,"Whey and products consisting of natural milk constituents; whether or not containing added sugar or other sweetening matter, not elsewhere specified or included",29210937,13069893
9/1/11,EU-27,0405,Butter and other fats and oils derived from milk; dairy spreads,1088738,144037
9/1/11,EU-27,0406,Cheese and curd,1390543,146790
9/1/11,New Zealand,0401,Milk and cream; not concentrated nor containing added sugar or other sweetening matter,4162239,2315340
9/1/11,New Zealand,0402,Milk and cream; concentrated or containing added sugar or other sweetening matter,34020146,8329803
9/1/11,New Zealand,0403,"Buttermilk, curdled milk and cream, yoghurt, kephir, fermented or acidified milk or cream, whether or not concentrated, containing added sugar, sweetening matter, flavoured or added fruit or cocoa",18297,5060
9/1/11,New Zealand,0404,"Whey and products consisting of natural milk constituents; whether or not containing added sugar or other sweetening matter, not elsewhere specified or included",6253531,825029
9/1/11,New Zealand,0405,Butter and other fats and oils derived from milk; dairy spreads,13309719,2516600
9/1/11,New Zealand,0406,Cheese and curd,6426050,1424607
10/1/11,EU-27,0401,Milk and cream; not concentrated nor containing added sugar or other sweetening matter,729980,558569
10/1/11,EU-27,0402,Milk and cream; concentrated or containing added sugar or other sweetening matter,9062625,2499191
10/1/11,EU-27,0403,"Buttermilk, curdled milk and cream, yoghurt, kephir, fermented or acidified milk or cream, whether or not concentrated, containing added sugar, sweetening matter, flavoured or added fruit or cocoa",170882,78149
10/1/11,EU-27,0404,"Whey and products consisting of natural milk constituents; whether or not containing added sugar or other sweetening matter, not elsewhere specified or included",28350523,14442044
10/1/11,EU-27,0405,Butter and other fats and oils derived from milk; dairy spreads,1051756,161171
10/1/11,EU-27,0406,Cheese and curd,1570341,178088
10/1/11,New Zealand,0401,Milk and cream; not concentrated nor containing added sugar or other sweetening matter,2438819,1069608
10/1/11,New Zealand,0402,Milk and cream; concentrated or containing added sugar or other sweetening matter,47660015,11976807
10/1/11,New Zealand,0403,"Buttermilk, curdled milk and cream, yoghurt, kephir, fermented or acidified milk or cream, whether or not concentrated, containing added sugar, sweetening matter, flavoured or added fruit or cocoa",8527,2351
10/1/11,New Zealand,0404,"Whey and products consisting of natural milk constituents; whether or not containing added sugar or other sweetening matter, not elsewhere specified or included",18117,2005
10/1/11,New Zealand,0405,Butter and other fats and oils derived from milk; dairy spreads,10741937,2134136
10/1/11,New Zealand,0406,Cheese and curd,5050600,1081859
11/1/11,EU-27,0401,Milk and cream; not concentrated nor containing added sugar or other sweetening matter,1807174,1741792
11/1/11,EU-27,0402,Milk and cream; concentrated or containing added sugar or other sweetening matter,12316847,3587836
11/1/11,EU-27,0403,"Buttermilk, curdled milk and cream, yoghurt, kephir, fermented or acidified milk or cream, whether or not concentrated, containing added sugar, sweetening matter, flavoured or added fruit or cocoa",112558,23394
11/1/11,EU-27,0404,"Whey and products consisting of natural milk constituents; whether or not containing added sugar or other sweetening matter, not elsewhere specified or included",37059350,17608501
11/1/11,EU-27,0405,Butter and other fats and oils derived from milk; dairy spreads,1133972,172511
11/1/11,EU-27,0406,Cheese and curd,1892499,228737
11/1/11,New Zealand,0401,Milk and cream; not concentrated nor containing added sugar or other sweetening matter,3890688,1815454
11/1/11,New Zealand,0402,Milk and cream; concentrated or containing added sugar or other sweetening matter,95241515,25663204
11/1/11,New Zealand,0403,"Buttermilk, curdled milk and cream, yoghurt, kephir, fermented or acidified milk or cream, whether or not concentrated, containing added sugar, sweetening matter, flavoured or added fruit or cocoa",176372,52400
11/1/11,New Zealand,0404,"Whey and products consisting of natural milk constituents; whether or not containing added sugar or other sweetening matter, not elsewhere specified or included",1261752,225162
11/1/11,New Zealand,0405,Butter and other fats and oils derived from milk; dairy spreads,12176253,2462023
11/1/11,New Zealand,0406,Cheese and curd,5845829,1257949
12/1/11,EU-27,0401,Milk and cream; not concentrated nor containing added sugar or other sweetening matter,4066827,4301574
12/1/11,EU-27,0402,Milk and cream; concentrated or containing added sugar or other sweetening matter,12837434,3943262
12/1/11,EU-27,0403,"Buttermilk, curdled milk and cream, yoghurt, kephir, fermented or acidified milk or cream, whether or not concentrated, containing added sugar, sweetening matter, flavoured or added fruit or cocoa",245486,83523
12/1/11,EU-27,0404,"Whey and products consisting of natural milk constituents; whether or not containing added sugar or other sweetening matter, not elsewhere specified or included",38928161,19164934
12/1/11,EU-27,0405,Butter and other fats and oils derived from milk; dairy spreads,817353,122839
12/1/11,EU-27,0406,Cheese and curd,2314371,277227
12/1/11,New Zealand,0401,Milk and cream; not concentrated nor containing added sugar or other sweetening matter,4271417,3041851
12/1/11,New Zealand,0402,Milk and cream; concentrated or containing added sugar or other sweetening matter,102020717,28128528
12/1/11,New Zealand,0403,"Buttermilk, curdled milk and cream, yoghurt, kephir, fermented or acidified milk or cream, whether or not concentrated, containing added sugar, sweetening matter, flavoured or added fruit or cocoa",19119,5382
12/1/11,New Zealand,0404,"Whey and products consisting of natural milk constituents; whether or not containing added sugar or other sweetening matter, not elsewhere specified or included",3376013,456110
12/1/11,New Zealand,0405,Butter and other fats and oils derived from milk; dairy spreads,13770176,2993118
12/1/11,New Zealand,0406,Cheese and curd,4629971,1033914
1/1/12,EU-27,0401,Milk and cream; not concentrated nor containing added sugar or other sweetening matter,2361538,2549014
1/1/12,EU-27,0402,Milk and cream; concentrated or containing added sugar or other sweetening matter,8745048,2508328
1/1/12,EU-27,0403,"Buttermilk, curdled milk and cream, yoghurt, kephir, fermented or acidified milk or cream, whether or not concentrated, containing added sugar, sweetening matter, flavoured or added fruit or cocoa",155854,76701
1/1/12,EU-27,0404,"Whey and products consisting of natural milk constituents; whether or not containing added sugar or other sweetening matter, not elsewhere specified or included",28347041,13434914
1/1/12,EU-27,0405,Butter and other fats and oils derived from milk; dairy spreads,813147,112379
1/1/12,EU-27,0406,Cheese and curd,1170076,141603
1/1/12,New Zealand,0401,Milk and cream; not concentrated nor containing added sugar or other sweetening matter,3194881,1400085
1/1/12,New Zealand,0402,Milk and cream; concentrated or containing added sugar or other sweetening matter,177466308,50232421
1/1/12,New Zealand,0403,"Buttermilk, curdled milk and cream, yoghurt, kephir, fermented or acidified milk or cream, whether or not concentrated, containing added sugar, sweetening matter, flavoured or added fruit or cocoa",2908863,940820
1/1/12,New Zealand,0404,"Whey and products consisting of natural milk constituents; whether or not containing added sugar or other sweetening matter, not elsewhere specified or included",2547816,293371
1/1/12,New Zealand,0405,Butter and other fats and oils derived from milk; dairy spreads,21940257,5041806
1/1/12,New Zealand,0406,Cheese and curd,6229594,1391460
2/1/12,EU-27,0401,Milk and cream; not concentrated nor containing added sugar or other sweetening matter,2734300,2278177
2/1/12,EU-27,0402,Milk and cream; concentrated or containing added sugar or other sweetening matter,11558791,3396522
2/1/12,EU-27,0403,"Buttermilk, curdled milk and cream, yoghurt, kephir, fermented or acidified milk or cream, whether or not concentrated, containing added sugar, sweetening matter, flavoured or added fruit or cocoa",456877,161160
2/1/12,EU-27,0404,"Whey and products consisting of natural milk constituents; whether or not containing added sugar or other sweetening matter, not elsewhere specified or included",37563593,16418577
2/1/12,EU-27,0405,Butter and other fats and oils derived from milk; dairy spreads,1654594,258445
2/1/12,EU-27,0406,Cheese and curd,1730111,237787
2/1/12,New Zealand,0401,Milk and cream; not concentrated nor containing added sugar or other sweetening matter,4133081,2176538
2/1/12,New Zealand,0402,Milk and cream; concentrated or containing added sugar or other sweetening matter,223278480,62086023
2/1/12,New Zealand,0403,"Buttermilk, curdled milk and cream, yoghurt, kephir, fermented or acidified milk or cream, whether or not concentrated, containing added sugar, sweetening matter, flavoured or added fruit or cocoa",1195196,379440
2/1/12,New Zealand,0404,"Whey and products consisting of natural milk constituents; whether or not containing added sugar or other sweetening matter, not elsewhere specified or included",2488625,335060
2/1/12,New Zealand,0405,Butter and other fats and oils derived from milk; dairy spreads,20118853,5027043
2/1/12,New Zealand,0406,Cheese and curd,5899736,1297898
3/1/12,EU-27,0401,Milk and cream; not concentrated nor containing added sugar or other sweetening matter,3804569,4239113
3/1/12,EU-27,0402,Milk and cream; concentrated or containing added sugar or other sweetening matter,19176399,5607197
3/1/12,EU-27,0403,"Buttermilk, curdled milk and cream, yoghurt, kephir, fermented or acidified milk or cream, whether or not concentrated, containing added sugar, sweetening matter, flavoured or added fruit or cocoa",674514,250009
3/1/12,EU-27,0404,"Whey and products consisting of natural milk constituents; whether or not containing added sugar or other sweetening matter, not elsewhere specified or included",38360678,16412257
3/1/12,EU-27,0405,Butter and other fats and oils derived from milk; dairy spreads,1514806,231501
3/1/12,EU-27,0406,Cheese and curd,1820228,223189
3/1/12,New Zealand,0401,Milk and cream; not concentrated nor containing added sugar or other sweetening matter,5235137,2725453
3/1/12,New Zealand,0402,Milk and cream; concentrated or containing added sugar or other sweetening matter,209226365,57203849
3/1/12,New Zealand,0403,"Buttermilk, curdled milk and cream, yoghurt, kephir, fermented or acidified milk or cream, whether or not concentrated, containing added sugar, sweetening matter, flavoured or added fruit or cocoa",3873852,1187513
3/1/12,New Zealand,0404,"Whey and products consisting of natural milk constituents; whether or not containing added sugar or other sweetening matter, not elsewhere specified or included",5222297,585081
3/1/12,New Zealand,0405,Butter and other fats and oils derived from milk; dairy spreads,23832203,5656175
3/1/12,New Zealand,0406,Cheese and curd,5795463,1326562
4/1/12,EU-27,0401,Milk and cream; not concentrated nor containing added sugar or other sweetening matter,3690473,3275581
4/1/12,EU-27,0402,Milk and cream; concentrated or containing added sugar or other sweetening matter,10677468,3115130
4/1/12,EU-27,0403,"Buttermilk, curdled milk and cream, yoghurt, kephir, fermented or acidified milk or cream, whether or not concentrated, containing added sugar, sweetening matter, flavoured or added fruit or cocoa",909788,298374
4/1/12,EU-27,0404,"Whey and products consisting of natural milk constituents; whether or not containing added sugar or other sweetening matter, not elsewhere specified or included",29186612,12320905
4/1/12,EU-27,0405,Butter and other fats and oils derived from milk; dairy spreads,1225267,186303
4/1/12,EU-27,0406,Cheese and curd,1986078,251529
4/1/12,New Zealand,0401,Milk and cream; not concentrated nor containing added sugar or other sweetening matter,3115099,1804434
4/1/12,New Zealand,0402,Milk and cream; concentrated or containing added sugar or other sweetening matter,124246987,34004351
4/1/12,New Zealand,0403,"Buttermilk, curdled milk and cream, yoghurt, kephir, fermented or acidified milk or cream, whether or not concentrated, containing added sugar, sweetening matter, flavoured or added fruit or cocoa",2028564,586846
4/1/12,New Zealand,0404,"Whey and products consisting of natural milk constituents; whether or not containing added sugar or other sweetening matter, not elsewhere specified or included",1794227,232965
4/1/12,New Zealand,0405,Butter and other fats and oils derived from milk; dairy spreads,14723458,3565839
4/1/12,New Zealand,0406,Cheese and curd,6709326,1504386
5/1/12,EU-27,0401,Milk and cream; not concentrated nor containing added sugar or other sweetening matter,3225830,3058446
5/1/12,EU-27,0402,Milk and cream; concentrated or containing added sugar or other sweetening matter,16967112,5117475
5/1/12,EU-27,0403,"Buttermilk, curdled milk and cream, yoghurt, kephir, fermented or acidified milk or cream, whether or not concentrated, containing added sugar, sweetening matter, flavoured or added fruit or cocoa",820847,293415
5/1/12,EU-27,0404,"Whey and products consisting of natural milk constituents; whether or not containing added sugar or other sweetening matter, not elsewhere specified or included",37354894,15220585
5/1/12,EU-27,0405,Butter and other fats and oils derived from milk; dairy spreads,1006656,160711
5/1/12,EU-27,0406,Cheese and curd,1995895,275615
5/1/12,New Zealand,0401,Milk and cream; not concentrated nor containing added sugar or other sweetening matter,3027351,1811283
5/1/12,New Zealand,0402,Milk and cream; concentrated or containing added sugar or other sweetening matter,126592097,34959439
5/1/12,New Zealand,0403,"Buttermilk, curdled milk and cream, yoghurt, kephir, fermented or acidified milk or cream, whether or not concentrated, containing added sugar, sweetening matter, flavoured or added fruit or cocoa",1224040,319463
5/1/12,New Zealand,0404,"Whey and products consisting of natural milk constituents; whether or not containing added sugar or other sweetening matter, not elsewhere specified or included",5011914,560050
5/1/12,New Zealand,0405,Butter and other fats and oils derived from milk; dairy spreads,13602471,3263829
5/1/12,New Zealand,0406,Cheese and curd,7858444,1815497
6/1/12,EU-27,0401,"Milk and cream; not concentrated, not containing added sugar or other sweetening matter",3399565,3760955
6/1/12,EU-27,0402,Milk and cream; concentrated or containing added sugar or other sweetening matter,8513452,2663628
6/1/12,EU-27,0403,"Buttermilk, curdled milk and cream, yoghurt, kephir, fermented or acidified milk or cream, whether or not concentrated, containing added sugar, sweetening matter, flavoured or added fruit or cocoa",279530,99085
6/1/12,EU-27,0404,"Whey and products consisting of natural milk constituents; whether or not containing added sugar or other sweetening matter, not elsewhere specified or included",28583660,10856981
6/1/12,EU-27,0405,Butter and other fats and oils derived from milk; dairy spreads,1012325,162165
6/1/12,EU-27,0406,Cheese and curd,2503865,374648
6/1/12,New Zealand,0401,"Milk and cream; not concentrated, not containing added sugar or other sweetening matter",3027337,1505379
6/1/12,New Zealand,0402,Milk and cream; concentrated or containing added sugar or other sweetening matter,104673714,29333728
6/1/12,New Zealand,0403,"Buttermilk, curdled milk and cream, yoghurt, kephir, fermented or acidified milk or cream, whether or not concentrated, containing added sugar, sweetening matter, flavoured or added fruit or cocoa",368822,76854
6/1/12,New Zealand,0404,"Whey and products consisting of natural milk constituents; whether or not containing added sugar or other sweetening matter, not elsewhere specified or included",529114,63560
6/1/12,New Zealand,0405,Butter and other fats and oils derived from milk; dairy spreads,14378716,3518114
6/1/12,New Zealand,0406,Cheese and curd,5892201,1302701
7/1/12,EU-27,0401,"Milk and cream; not concentrated, not containing added sugar or other sweetening matter",3531608,4038131
7/1/12,EU-27,0402,Milk and cream; concentrated or containing added sugar or other sweetening matter,8369772,2756437
7/1/12,EU-27,0403,"Buttermilk, curdled milk and cream, yoghurt, kephir, fermented or acidified milk or cream, whether or not concentrated, containing added sugar, sweetening matter, flavoured or added fruit or cocoa",403054,169066
7/1/12,EU-27,0404,"Whey and products consisting of natural milk constituents; whether or not containing added sugar or other sweetening matter, not elsewhere specified or included",36082509,13183964
7/1/12,EU-27,0405,Butter and other fats and oils derived from milk; dairy spreads,1302193,215623
7/1/12,EU-27,0406,Cheese and curd,2486936,332201
7/1/12,New Zealand,0401,"Milk and cream; not concentrated, not containing added sugar or other sweetening matter",2445751,1292532
7/1/12,New Zealand,0402,Milk and cream; concentrated or containing added sugar or other sweetening matter,124185633,37286577
7/1/12,New Zealand,0403,"Buttermilk, curdled milk and cream, yoghurt, kephir, fermented or acidified milk or cream, whether or not concentrated, containing added sugar, sweetening matter, flavoured or added fruit or cocoa",382371,41980
7/1/12,New Zealand,0404,"Whey and products consisting of natural milk constituents; whether or not containing added sugar or other sweetening matter, not elsewhere specified or included",4449793,538420
7/1/12,New Zealand,0405,Butter and other fats and oils derived from milk; dairy spreads,14023525,3747417
7/1/12,New Zealand,0406,Cheese and curd,6672368,1478944
8/1/12,EU-27,0401,"Milk and cream; not concentrated, not containing added sugar or other sweetening matter",4319546,4843463
8/1/12,EU-27,0402,Milk and cream; concentrated or containing added sugar or other sweetening matter,6573646,2320372
8/1/12,EU-27,0403,"Buttermilk, curdled milk and cream, yoghurt, kephir, fermented or acidified milk or cream, whether or not concentrated, containing added sugar, sweetening matter, flavoured or added fruit or cocoa",499805,249144
8/1/12,EU-27,0404,"Whey and products consisting of natural milk constituents; whether or not containing added sugar or other sweetening matter, not elsewhere specified or included",32095917,11969509
8/1/12,EU-27,0405,Butter and other fats and oils derived from milk; dairy spreads,1326970,229085
8/1/12,EU-27,0406,Cheese and curd,2887426,421989
8/1/12,New Zealand,0401,"Milk and cream; not concentrated, not containing added sugar or other sweetening matter",4086914,2407697
8/1/12,New Zealand,0402,Milk and cream; concentrated or containing added sugar or other sweetening matter,158753797,51555537
8/1/12,New Zealand,0403,"Buttermilk, curdled milk and cream, yoghurt, kephir, fermented or acidified milk or cream, whether or not concentrated, containing added sugar, sweetening matter, flavoured or added fruit or cocoa",612057,131265
8/1/12,New Zealand,0404,"Whey and products consisting of natural milk constituents; whether or not containing added sugar or other sweetening matter, not elsewhere specified or included",11203063,1269248
8/1/12,New Zealand,0405,Butter and other fats and oils derived from milk; dairy spreads,10729449,3026583
8/1/12,New Zealand,0406,Cheese and curd,5893478,1326258
9/1/12,EU-27,0401,"Milk and cream; not concentrated, not containing added sugar or other sweetening matter",4168803,4269838
9/1/12,EU-27,0402,Milk and cream; concentrated or containing added sugar or other sweetening matter,7714332,2564912
9/1/12,EU-27,0403,"Buttermilk, curdled milk and cream, yoghurt, kephir, fermented or acidified milk or cream, whether or not concentrated, containing added sugar, sweetening matter, flavoured or added fruit or cocoa",496665,213614
9/1/12,EU-27,0404,"Whey and products consisting of natural milk constituents; whether or not containing added sugar or other sweetening matter, not elsewhere specified or included",30549347,11499826
9/1/12,EU-27,0405,Butter and other fats and oils derived from milk; dairy spreads,1191129,188356
9/1/12,EU-27,0406,Cheese and curd,1938793,266857
9/1/12,New Zealand,0401,"Milk and cream; not concentrated, not containing added sugar or other sweetening matter",4509631,2207491
9/1/12,New Zealand,0402,Milk and cream; concentrated or containing added sugar or other sweetening matter,74945952,24529117
9/1/12,New Zealand,0403,"Buttermilk, curdled milk and cream, yoghurt, kephir, fermented or acidified milk or cream, whether or not concentrated, containing added sugar, sweetening matter, flavoured or added fruit or cocoa",146300,14643
9/1/12,New Zealand,0404,"Whey and products consisting of natural milk constituents; whether or not containing added sugar or other sweetening matter, not elsewhere specified or included",1200782,149120
9/1/12,New Zealand,0405,Butter and other fats and oils derived from milk; dairy spreads,10162926,2851971
9/1/12,New Zealand,0406,Cheese and curd,6229994,1375546
1/1/16,EU-27,0401,"Milk and cream; not concentrated, not containing added sugar or other sweetening matter",24648011,33474044.72
1/1/16,EU-27,0402,Milk and cream; concentrated or containing added sugar or other sweetening matter,17629209,8308779.749
1/1/16,EU-27,0403,"Buttermilk, curdled milk and cream, yoghurt, kephir, fermented or acidified milk or cream, whether or not concentrated, containing added sugar, sweetening matter, flavoured or added fruit or cocoa",789012,510961.965
1/1/16,EU-27,0404,"Whey and products consisting of natural milk constituents; whether or not containing added sugar or other sweetening matter, not elsewhere specified or included",21819988,20486929.669999998
1/1/16,EU-27,0405,Butter and other fats and oils derived from milk; dairy spreads,3526757,928987.25
1/1/16,EU-27,0406,Cheese and curd,6353522,1381079.83
1/1/16,New Zealand,0401,"Milk and cream; not concentrated, not containing added sugar or other sweetening matter",12546655,10742066.3
1/1/16,New Zealand,0402,Milk and cream; concentrated or containing added sugar or other sweetening matter,325828414,123657902.8
1/1/16,New Zealand,0403,"Buttermilk, curdled milk and cream, yoghurt, kephir, fermented or acidified milk or cream, whether or not concentrated, containing added sugar, sweetening matter, flavoured or added fruit or cocoa",1302252,872031.284
1/1/16,New Zealand,0404,"Whey and products consisting of natural milk constituents; whether or not containing added sugar or other sweetening matter, not elsewhere specified or included",1448460,763896.697
1/1/16,New Zealand,0405,Butter and other fats and oils derived from milk; dairy spreads,43994982,11573774.54
1/1/16,New Zealand,0406,Cheese and curd,23768502,5914304.579
2/1/16,EU-27,0401,"Milk and cream; not concentrated, not containing added sugar or other sweetening matter",14071249,19103367.2
2/1/16,EU-27,0402,Milk and cream; concentrated or containing added sugar or other sweetening matter,8438838,3981547.413
2/1/16,EU-27,0403,"Buttermilk, curdled milk and cream, yoghurt, kephir, fermented or acidified milk or cream, whether or not concentrated, containing added sugar, sweetening matter, flavoured or added fruit or cocoa",1034526,669717.534
2/1/16,EU-27,0404,"Whey and products consisting of natural milk constituents; whether or not containing added sugar or other sweetening matter, not elsewhere specified or included",12214628,11382078.94
2/1/16,EU-27,0405,Butter and other fats and oils derived from milk; dairy spreads,2427312,636204.179
2/1/16,EU-27,0406,Cheese and curd,3774632,819759.1309999999
2/1/16,New Zealand,0401,"Milk and cream; not concentrated, not containing added sugar or other sweetening matter",10988144,8404597.688
2/1/16,New Zealand,0402,Milk and cream; concentrated or containing added sugar or other sweetening matter,111647384,43434766.99
2/1/16,New Zealand,0403,"Buttermilk, curdled milk and cream, yoghurt, kephir, fermented or acidified milk or cream, whether or not concentrated, containing added sugar, sweetening matter, flavoured or added fruit or cocoa",2110497,1402066.197
2/1/16,New Zealand,0404,"Whey and products consisting of natural milk constituents; whether or not containing added sugar or other sweetening matter, not elsewhere specified or included",1201112,645278.01
2/1/16,New Zealand,0405,Butter and other fats and oils derived from milk; dairy spreads,24054653,6319753.861
2/1/16,New Zealand,0406,Cheese and curd,20194525,5214639.744
3/1/16,EU-27,0401,"Milk and cream; not concentrated, not containing added sugar or other sweetening matter",33643103,46673485.16
3/1/16,EU-27,0402,Milk and cream; concentrated or containing added sugar or other sweetening matter,15065748,7295340.137
3/1/16,EU-27,0403,"Buttermilk, curdled milk and cream, yoghurt, kephir, fermented or acidified milk or cream, whether or not concentrated, containing added sugar, sweetening matter, flavoured or added fruit or cocoa",2349128,1522335.434
3/1/16,EU-27,0404,"Whey and products consisting of natural milk constituents; whether or not containing added sugar or other sweetening matter, not elsewhere specified or included",17856422,16575817.56
3/1/16,EU-27,0405,Butter and other fats and oils derived from milk; dairy spreads,3827521,1000874.312
3/1/16,EU-27,0406,Cheese and curd,6253005,1354386.752
3/1/16,New Zealand,0401,"Milk and cream; not concentrated, not containing added sugar or other sweetening matter",15703543,15649450.76
3/1/16,New Zealand,0402,Milk and cream; concentrated or containing added sugar or other sweetening matter,136315820,52616863.62
3/1/16,New Zealand,0403,"Buttermilk, curdled milk and cream, yoghurt, kephir, fermented or acidified milk or cream, whether or not concentrated, containing added sugar, sweetening matter, flavoured or added fruit or cocoa",744061,494716.912
3/1/16,New Zealand,0404,"Whey and products consisting of natural milk constituents; whether or not containing added sugar or other sweetening matter, not elsewhere specified or included",739096,516608.612
3/1/16,New Zealand,0405,Butter and other fats and oils derived from milk; dairy spreads,16287355,4299095.181
3/1/16,New Zealand,0406,Cheese and curd,13485725,3249677.076
4/1/16,EU-27,0401,"Milk and cream; not concentrated, not containing added sugar or other sweetening matter",35494926,49002409.45
4/1/16,EU-27,0402,Milk and cream; concentrated or containing added sugar or other sweetening matter,16240483,7640086.032
4/1/16,EU-27,0403,"Buttermilk, curdled milk and cream, yoghurt, kephir, fermented or acidified milk or cream, whether or not concentrated, containing added sugar, sweetening matter, flavoured or added fruit or cocoa",2091286,1353065.956
4/1/16,EU-27,0404,"Whey and products consisting of natural milk constituents; whether or not containing added sugar or other sweetening matter, not elsewhere specified or included",18762219,17560135.05
4/1/16,EU-27,0405,Butter and other fats and oils derived from milk; dairy spreads,3995631,1045563.997
4/1/16,EU-27,0406,Cheese and curd,4841847,1052618.652
4/1/16,New Zealand,0401,"Milk and cream; not concentrated, not containing added sugar or other sweetening matter",13603666,13213306.29
4/1/16,New Zealand,0402,Milk and cream; concentrated or containing added sugar or other sweetening matter,77937874,29862114.99
4/1/16,New Zealand,0403,"Buttermilk, curdled milk and cream, yoghurt, kephir, fermented or acidified milk or cream, whether or not concentrated, containing added sugar, sweetening matter, flavoured or added fruit or cocoa",579887,382120.687
4/1/16,New Zealand,0404,"Whey and products consisting of natural milk constituents; whether or not containing added sugar or other sweetening matter, not elsewhere specified or included",1049586,623336.001
4/1/16,New Zealand,0405,Butter and other fats and oils derived from milk; dairy spreads,15140039,3956410.392
4/1/16,New Zealand,0406,Cheese and curd,14689037,3520489.273
5/1/16,EU-27,0401,"Milk and cream; not concentrated, not containing added sugar or other sweetening matter",38733832,56820189.14
5/1/16,EU-27,0402,Milk and cream; concentrated or containing added sugar or other sweetening matter,16312868,7869222.051
5/1/16,EU-27,0403,"Buttermilk, curdled milk and cream, yoghurt, kephir, fermented or acidified milk or cream, whether or not concentrated, containing added sugar, sweetening matter, flavoured or added fruit or cocoa",2171870,1409616.879
5/1/16,EU-27,0404,"Whey and products consisting of natural milk constituents; whether or not containing added sugar or other sweetening matter, not elsewhere specified or included",17150955,16132043.45
5/1/16,EU-27,0405,Butter and other fats and oils derived from milk; dairy spreads,4811329,1263541.719
5/1/16,EU-27,0406,Cheese and curd,6580781,1436895.195
5/1/16,New Zealand,0401,"Milk and cream; not concentrated, not containing added sugar or other sweetening matter",13789943,14806980.68
5/1/16,New Zealand,0402,Milk and cream; concentrated or containing added sugar or other sweetening matter,80012886,30526339.94
5/1/16,New Zealand,0403,"Buttermilk, curdled milk and cream, yoghurt, kephir, fermented or acidified milk or cream, whether or not concentrated, containing added sugar, sweetening matter, flavoured or added fruit or cocoa",512808,343266.338
5/1/16,New Zealand,0404,"Whey and products consisting of natural milk constituents; whether or not containing added sugar or other sweetening matter, not elsewhere specified or included",1113338,420960.071
5/1/16,New Zealand,0405,Butter and other fats and oils derived from milk; dairy spreads,11879858,3110273.059
5/1/16,New Zealand,0406,Cheese and curd,13426423,3215778.015
6/1/16,EU-27,0401,"Milk and cream; not concentrated, not containing added sugar or other sweetening matter",32801844,43518848.24
6/1/16,EU-27,0402,Milk and cream; concentrated or containing added sugar or other sweetening matter,14284262,6724825.046
6/1/16,EU-27,0403,"Buttermilk, curdled milk and cream, yoghurt, kephir, fermented or acidified milk or cream, whether or not concentrated, containing added sugar, sweetening matter, flavoured or added fruit or cocoa",1509586,977097.091
6/1/16,EU-27,0404,"Whey and products consisting of natural milk constituents; whether or not containing added sugar or other sweetening matter, not elsewhere specified or included",17191767,16170249.96
6/1/16,EU-27,0405,Butter and other fats and oils derived from milk; dairy spreads,3811100,995531.237
6/1/16,EU-27,0406,Cheese and curd,5594793,1240741.301
6/1/16,New Zealand,0401,"Milk and cream; not concentrated, not containing added sugar or other sweetening matter",15559162,15415319.19
6/1/16,New Zealand,0402,Milk and cream; concentrated or containing added sugar or other sweetening matter,65848265,25549733.28
6/1/16,New Zealand,0403,"Buttermilk, curdled milk and cream, yoghurt, kephir, fermented or acidified milk or cream, whether or not concentrated, containing added sugar, sweetening matter, flavoured or added fruit or cocoa",785506,524230.366
6/1/16,New Zealand,0404,"Whey and products consisting of natural milk constituents; whether or not containing added sugar or other sweetening matter, not elsewhere specified or included",559345,233826.329
6/1/16,New Zealand,0405,Butter and other fats and oils derived from milk; dairy spreads,20620664,5391116.693
6/1/16,New Zealand,0406,Cheese and curd,15950696,3818348.943
7/1/16,EU-27,0401,"Milk and cream; not concentrated, not containing added sugar or other sweetening matter",32770483,43577382.42
7/1/16,EU-27,0402,Milk and cream; concentrated or containing added sugar or other sweetening matter,8872773,4541921.63
7/1/16,EU-27,0403,"Buttermilk, curdled milk and cream, yoghurt, kephir, fermented or acidified milk or cream, whether or not concentrated, containing added sugar, sweetening matter, flavoured or added fruit or cocoa",1724497,1117360.2179999999
7/1/16,EU-27,0404,"Whey and products consisting of natural milk constituents; whether or not containing added sugar or other sweetening matter, not elsewhere specified or included",16977942,15978468.09
7/1/16,EU-27,0405,Butter and other fats and oils derived from milk; dairy spreads,3656150,965784.495
7/1/16,EU-27,0406,Cheese and curd,6887627,1496832.555
7/1/16,New Zealand,0401,"Milk and cream; not concentrated, not containing added sugar or other sweetening matter",14851179,12050390.19
7/1/16,New Zealand,0402,Milk and cream; concentrated or containing added sugar or other sweetening matter,69528067,26993217.88
7/1/16,New Zealand,0403,"Buttermilk, curdled milk and cream, yoghurt, kephir, fermented or acidified milk or cream, whether or not concentrated, containing added sugar, sweetening matter, flavoured or added fruit or cocoa",879212,576987.771
7/1/16,New Zealand,0404,"Whey and products consisting of natural milk constituents; whether or not containing added sugar or other sweetening matter, not elsewhere specified or included",945142,443068.054
7/1/16,New Zealand,0405,Butter and other fats and oils derived from milk; dairy spreads,22765134,5935087.343
7/1/16,New Zealand,0406,Cheese and curd,17857423,4349869.753
8/1/16,EU-27,0401,"Milk and cream; not concentrated, not containing added sugar or other sweetening matter",31879043,42575725.92
8/1/16,EU-27,0402,Milk and cream; concentrated or containing added sugar or other sweetening matter,16050953,7375690.5600000005
8/1/16,EU-27,0403,"Buttermilk, curdled milk and cream, yoghurt, kephir, fermented or acidified milk or cream, whether or not concentrated, containing added sugar, sweetening matter, flavoured or added fruit or cocoa",2305416,1491607.106
8/1/16,EU-27,0404,"Whey and products consisting of natural milk constituents; whether or not containing added sugar or other sweetening matter, not elsewhere specified or included",22607185,21198219.68
8/1/16,EU-27,0405,Butter and other fats and oils derived from milk; dairy spreads,3706877,973373.288
8/1/16,EU-27,0406,Cheese and curd,5892795,1273967.629
8/1/16,New Zealand,0401,"Milk and cream; not concentrated, not containing added sugar or other sweetening matter",11590089,13905453.73
8/1/16,New Zealand,0402,Milk and cream; concentrated or containing added sugar or other sweetening matter,59055222,23547690.78
8/1/16,New Zealand,0403,"Buttermilk, curdled milk and cream, yoghurt, kephir, fermented or acidified milk or cream, whether or not concentrated, containing added sugar, sweetening matter, flavoured or added fruit or cocoa",441887,295890.77
8/1/16,New Zealand,0404,"Whey and products consisting of natural milk constituents; whether or not containing added sugar or other sweetening matter, not elsewhere specified or included",814927,440798.927
8/1/16,New Zealand,0405,Butter and other fats and oils derived from milk; dairy spreads,23085038,6080040.637
8/1/16,New Zealand,0406,Cheese and curd,17181510,4172154.099
9/1/16,EU-27,0401,"Milk and cream; not concentrated, not containing added sugar or other sweetening matter",24721853,34319006.33
9/1/16,EU-27,0402,Milk and cream; concentrated or containing added sugar or other sweetening matter,13283996,6250163.498
9/1/16,EU-27,0403,"Buttermilk, curdled milk and cream, yoghurt, kephir, fermented or acidified milk or cream, whether or not concentrated, containing added sugar, sweetening matter, flavoured or added fruit or cocoa",1278865,827550.4670000001
9/1/16,EU-27,0404,"Whey and products consisting of natural milk constituents; whether or not containing added sugar or other sweetening matter, not elsewhere specified or included",19103291,17893560.56
9/1/16,EU-27,0405,Butter and other fats and oils derived from milk; dairy spreads,3869958,1021492.735
9/1/16,EU-27,0406,Cheese and curd,5192945,1133751.7280000001
9/1/16,New Zealand,0401,"Milk and cream; not concentrated, not containing added sugar or other sweetening matter",19481660,17951515.84
9/1/16,New Zealand,0402,Milk and cream; concentrated or containing added sugar or other sweetening matter,22771956,9261464.749
9/1/16,New Zealand,0403,"Buttermilk, curdled milk and cream, yoghurt, kephir, fermented or acidified milk or cream, whether or not concentrated, containing added sugar, sweetening matter, flavoured or added fruit or cocoa",780539,509431.241
9/1/16,New Zealand,0404,"Whey and products consisting of natural milk constituents; whether or not containing added sugar or other sweetening matter, not elsewhere specified or included",1136616,569230.502
9/1/16,New Zealand,0405,Butter and other fats and oils derived from milk; dairy spreads,15542034,4076825.05
9/1/16,New Zealand,0406,Cheese and curd,16442299,4071754.988
10/1/16,EU-27,0401,"Milk and cream; not concentrated, not containing added sugar or other sweetening matter",22179072,31623268.89
10/1/16,EU-27,0402,Milk and cream; concentrated or containing added sugar or other sweetening matter,10855119,5064518.315
10/1/16,EU-27,0403,"Buttermilk, curdled milk and cream, yoghurt, kephir, fermented or acidified milk or cream, whether or not concentrated, containing added sugar, sweetening matter, flavoured or added fruit or cocoa",1783132,1153123.5089999998
10/1/16,EU-27,0404,"Whey and products consisting of natural milk constituents; whether or not containing added sugar or other sweetening matter, not elsewhere specified or included",17152301,16142278.4
10/1/16,EU-27,0405,Butter and other fats and oils derived from milk; dairy spreads,2861255,752115.156
10/1/16,EU-27,0406,Cheese and curd,6102702,1336061.252
10/1/16,New Zealand,0401,"Milk and cream; not concentrated, not containing added sugar or other sweetening matter",20163987,18299545.17
10/1/16,New Zealand,0402,Milk and cream; concentrated or containing added sugar or other sweetening matter,32312292,12812800.69
10/1/16,New Zealand,0403,"Buttermilk, curdled milk and cream, yoghurt, kephir, fermented or acidified milk or cream, whether or not concentrated, containing added sugar, sweetening matter, flavoured or added fruit or cocoa",284224,187050.249
10/1/16,New Zealand,0404,"Whey and products consisting of natural milk constituents; whether or not containing added sugar or other sweetening matter, not elsewhere specified or included",804797,578165.576
10/1/16,New Zealand,0405,Butter and other fats and oils derived from milk; dairy spreads,14345286,3709809.32
10/1/16,New Zealand,0406,Cheese and curd,22097881,5461057.344
11/1/16,EU-27,0401,"Milk and cream; not concentrated, not containing added sugar or other sweetening matter",27653995,40683625.43
11/1/16,EU-27,0402,Milk and cream; concentrated or containing added sugar or other sweetening matter,14798397,7204266.956
11/1/16,EU-27,0403,"Buttermilk, curdled milk and cream, yoghurt, kephir, fermented or acidified milk or cream, whether or not concentrated, containing added sugar, sweetening matter, flavoured or added fruit or cocoa",3750474,2428276.597
11/1/16,EU-27,0404,"Whey and products consisting of natural milk constituents; whether or not containing added sugar or other sweetening matter, not elsewhere specified or included",18273012,17056362.05
11/1/16,EU-27,0405,Butter and other fats and oils derived from milk; dairy spreads,4479298,1179901.083
11/1/16,EU-27,0406,Cheese and curd,6203676,1345272.129
11/1/16,New Zealand,0401,"Milk and cream; not concentrated, not containing added sugar or other sweetening matter",20502044,18761479.3
11/1/16,New Zealand,0402,Milk and cream; concentrated or containing added sugar or other sweetening matter,88372146,33870684.36
11/1/16,New Zealand,0403,"Buttermilk, curdled milk and cream, yoghurt, kephir, fermented or acidified milk or cream, whether or not concentrated, containing added sugar, sweetening matter, flavoured or added fruit or cocoa",1489996,997620.867
11/1/16,New Zealand,0404,"Whey and products consisting of natural milk constituents; whether or not containing added sugar or other sweetening matter, not elsewhere specified or included",2244791,1224303.562
11/1/16,New Zealand,0405,Butter and other fats and oils derived from milk; dairy spreads,19723705,5109797.953
11/1/16,New Zealand,0406,Cheese and curd,26782647,6827440.223
12/1/16,EU-27,0401,"Milk and cream; not concentrated, not containing added sugar or other sweetening matter",21037527,29165816.26
12/1/16,EU-27,0402,Milk and cream; concentrated or containing added sugar or other sweetening matter,17440498,8012472.773
12/1/16,EU-27,0403,"Buttermilk, curdled milk and cream, yoghurt, kephir, fermented or acidified milk or cream, whether or not concentrated, containing added sugar, sweetening matter, flavoured or added fruit or cocoa",2296730,1487565.5219999999
12/1/16,EU-27,0404,"Whey and products consisting of natural milk constituents; whether or not containing added sugar or other sweetening matter, not elsewhere specified or included",15815977,14791631.27
12/1/16,EU-27,0405,Butter and other fats and oils derived from milk; dairy spreads,2611619,694249.118
12/1/16,EU-27,0406,Cheese and curd,6157926,1329134.376
12/1/16,New Zealand,0401,"Milk and cream; not concentrated, not containing added sugar or other sweetening matter",19675267,21372257.43
12/1/16,New Zealand,0402,Milk and cream; concentrated or containing added sugar or other sweetening matter,94345068,35629592.11
12/1/16,New Zealand,0403,"Buttermilk, curdled milk and cream, yoghurt, kephir, fermented or acidified milk or cream, whether or not concentrated, containing added sugar, sweetening matter, flavoured or added fruit or cocoa",253425,169654.863
12/1/16,New Zealand,0404,"Whey and products consisting of natural milk constituents; whether or not containing added sugar or other sweetening matter, not elsewhere specified or included",1604419,949369.628
12/1/16,New Zealand,0405,Butter and other fats and oils derived from milk; dairy spreads,21203127,5519909.982
12/1/16,New Zealand,0406,Cheese and curd,14515586,3497154.196
1/1/17,EU-27,0401,"Milk and cream; not concentrated, not containing added sugar or other sweetening matter",16116362,20425417.45
1/1/17,EU-27,0402,Milk and cream; concentrated or containing added sugar or other sweetening matter,21572569,8641627.343
1/1/17,EU-27,0403,"Buttermilk, curdled milk and cream, yoghurt, kephir, fermented or acidified milk or cream, whether or not concentrated, containing added sugar, sweetening matter, flavoured or added fruit or cocoa",1403067,881414.5430000001
1/1/17,EU-27,0404,"Whey and products consisting of natural milk constituents; whether or not containing added sugar or other sweetening matter, not elsewhere specified or included",18939642,15209578.83
1/1/17,EU-27,0405,Butter and other fats and oils derived from milk; dairy spreads,3381682,654063.308
1/1/17,EU-27,0406,Cheese and curd,4317913,891918.738
1/1/17,New Zealand,0401,"Milk and cream; not concentrated, not containing added sugar or other sweetening matter",18333537,16299592.02
1/1/17,New Zealand,0402,Milk and cream; concentrated or containing added sugar or other sweetening matter,348640177,109667074.4
1/1/17,New Zealand,0403,"Buttermilk, curdled milk and cream, yoghurt, kephir, fermented or acidified milk or cream, whether or not concentrated, containing added sugar, sweetening matter, flavoured or added fruit or cocoa",114394,72555.474
1/1/17,New Zealand,0404,"Whey and products consisting of natural milk constituents; whether or not containing added sugar or other sweetening matter, not elsewhere specified or included",1036321,525273.125
1/1/17,New Zealand,0405,Butter and other fats and oils derived from milk; dairy spreads,42733790,8203405.451
1/1/17,New Zealand,0406,Cheese and curd,27129038,6366081.496
2/1/17,EU-27,0401,"Milk and cream; not concentrated, not containing added sugar or other sweetening matter",16038795,19652920.65
2/1/17,EU-27,0402,Milk and cream; concentrated or containing added sugar or other sweetening matter,20084390,8549089.993
2/1/17,EU-27,0403,"Buttermilk, curdled milk and cream, yoghurt, kephir, fermented or acidified milk or cream, whether or not concentrated, containing added sugar, sweetening matter, flavoured or added fruit or cocoa",2071180,1280276.999
2/1/17,EU-27,0404,"Whey and products consisting of natural milk constituents; whether or not containing added sugar or other sweetening matter, not elsewhere specified or included",23798223,19417931.59
2/1/17,EU-27,0405,Butter and other fats and oils derived from milk; dairy spreads,3601009,643723.794
2/1/17,EU-27,0406,Cheese and curd,5845798,1226481.6940000001
2/1/17,New Zealand,0401,"Milk and cream; not concentrated, not containing added sugar or other sweetening matter",24038313,22731603.94
2/1/17,New Zealand,0402,Milk and cream; concentrated or containing added sugar or other sweetening matter,185278680,60211804.04
2/1/17,New Zealand,0403,"Buttermilk, curdled milk and cream, yoghurt, kephir, fermented or acidified milk or cream, whether or not concentrated, containing added sugar, sweetening matter, flavoured or added fruit or cocoa",1176850,743935.699
2/1/17,New Zealand,0404,"Whey and products consisting of natural milk constituents; whether or not containing added sugar or other sweetening matter, not elsewhere specified or included",1414322,949146.019
2/1/17,New Zealand,0405,Butter and other fats and oils derived from milk; dairy spreads,25504431,4638673.725
2/1/17,New Zealand,0406,Cheese and curd,19934700,4738251.095
3/1/17,EU-27,0401,"Milk and cream; not concentrated, not containing added sugar or other sweetening matter",24344470,29869697.854000002
3/1/17,EU-27,0402,Milk and cream; concentrated or containing added sugar or other sweetening matter,27076574,11585237
3/1/17,EU-27,0403,"Buttermilk, curdled milk and cream, yoghurt, kephir, fermented or acidified milk or cream, whether or not concentrated, containing added sugar, sweetening matter, flavoured or added fruit or cocoa",3322403,2056491.993
3/1/17,EU-27,0404,"Whey and products consisting of natural milk constituents; whether or not containing added sugar or other sweetening matter, not elsewhere specified or included",20179049,16530914.37
3/1/17,EU-27,0405,Butter and other fats and oils derived from milk; dairy spreads,5209101,943299.3400000001
3/1/17,EU-27,0406,Cheese and curd,6518097,1376321.1099999999
3/1/17,New Zealand,0401,"Milk and cream; not concentrated, not containing added sugar or other sweetening matter",19273317,20242184.67
3/1/17,New Zealand,0402,Milk and cream; concentrated or containing added sugar or other sweetening matter,125908113,41901623.12
3/1/17,New Zealand,0403,"Buttermilk, curdled milk and cream, yoghurt, kephir, fermented or acidified milk or cream, whether or not concentrated, containing added sugar, sweetening matter, flavoured or added fruit or cocoa",1968626,1241006.976
3/1/17,New Zealand,0404,"Whey and products consisting of natural milk constituents; whether or not containing added sugar or other sweetening matter, not elsewhere specified or included",1134884,677680.445
3/1/17,New Zealand,0405,Butter and other fats and oils derived from milk; dairy spreads,24989611,4398208.305
3/1/17,New Zealand,0406,Cheese and curd,17587290,4176518.4
4/1/17,EU-27,0401,"Milk and cream; not concentrated, not containing added sugar or other sweetening matter",25166061,29767396.5
4/1/17,EU-27,0402,Milk and cream; concentrated or containing added sugar or other sweetening matter,23058054,10091017.42
4/1/17,EU-27,0403,"Buttermilk, curdled milk and cream, yoghurt, kephir, fermented or acidified milk or cream, whether or not concentrated, containing added sugar, sweetening matter, flavoured or added fruit or cocoa",2427656,1506368.523
4/1/17,EU-27,0404,"Whey and products consisting of natural milk constituents; whether or not containing added sugar or other sweetening matter, not elsewhere specified or included",20542514,16780132.67
4/1/17,EU-27,0405,Butter and other fats and oils derived from milk; dairy spreads,6097038,1075784.403
4/1/17,EU-27,0406,Cheese and curd,5269646,1109234.8020000001
4/1/17,New Zealand,0401,"Milk and cream; not concentrated, not containing added sugar or other sweetening matter",26644942,22192923.74
4/1/17,New Zealand,0402,Milk and cream; concentrated or containing added sugar or other sweetening matter,118116344,38382088.25
4/1/17,New Zealand,0403,"Buttermilk, curdled milk and cream, yoghurt, kephir, fermented or acidified milk or cream, whether or not concentrated, containing added sugar, sweetening matter, flavoured or added fruit or cocoa",377908,238822.527
4/1/17,New Zealand,0404,"Whey and products consisting of natural milk constituents; whether or not containing added sugar or other sweetening matter, not elsewhere specified or included",1190716,818533.763
4/1/17,New Zealand,0405,Butter and other fats and oils derived from milk; dairy spreads,26522548,4732213.179
4/1/17,New Zealand,0406,Cheese and curd,18356309,4251948.07
5/1/17,EU-27,0401,"Milk and cream; not concentrated, not containing added sugar or other sweetening matter",28266055,31149789.08
5/1/17,EU-27,0402,Milk and cream; concentrated or containing added sugar or other sweetening matter,28233810,12093030.36
5/1/17,EU-27,0403,"Buttermilk, curdled milk and cream, yoghurt, kephir, fermented or acidified milk or cream, whether or not concentrated, containing added sugar, sweetening matter, flavoured or added fruit or cocoa",3306193,2048684.015
5/1/17,EU-27,0404,"Whey and products consisting of natural milk constituents; whether or not containing added sugar or other sweetening matter, not elsewhere specified or included",34802027,28488146.27
5/1/17,EU-27,0405,Butter and other fats and oils derived from milk; dairy spreads,6943934,1261092.042
5/1/17,EU-27,0406,Cheese and curd,6856944,1475539.758
5/1/17,New Zealand,0401,"Milk and cream; not concentrated, not containing added sugar or other sweetening matter",27141324,24222235.46
5/1/17,New Zealand,0402,Milk and cream; concentrated or containing added sugar or other sweetening matter,105327484,34513259.05
5/1/17,New Zealand,0403,"Buttermilk, curdled milk and cream, yoghurt, kephir, fermented or acidified milk or cream, whether or not concentrated, containing added sugar, sweetening matter, flavoured or added fruit or cocoa",1216930,769387.179
5/1/17,New Zealand,0404,"Whey and products consisting of natural milk constituents; whether or not containing added sugar or other sweetening matter, not elsewhere specified or included",1474423,984902.519
5/1/17,New Zealand,0405,Butter and other fats and oils derived from milk; dairy spreads,30621159,5489310.724
5/1/17,New Zealand,0406,Cheese and curd,24621656,5767365.155
6/1/17,EU-27,0401,"Milk and cream; not concentrated, not containing added sugar or other sweetening matter",34709732,35436608.04
6/1/17,EU-27,0402,Milk and cream; concentrated or containing added sugar or other sweetening matter,24617563,11346779.41
6/1/17,EU-27,0403,"Buttermilk, curdled milk and cream, yoghurt, kephir, fermented or acidified milk or cream, whether or not concentrated, containing added sugar, sweetening matter, flavoured or added fruit or cocoa",2276179,1412180.882
6/1/17,EU-27,0404,"Whey and products consisting of natural milk constituents; whether or not containing added sugar or other sweetening matter, not elsewhere specified or included",31242534,25574850.476999998
6/1/17,EU-27,0405,Butter and other fats and oils derived from milk; dairy spreads,7666223,1383741.416
6/1/17,EU-27,0406,Cheese and curd,8719714,1893373.635
6/1/17,New Zealand,0401,"Milk and cream; not concentrated, not containing added sugar or other sweetening matter",35893863,29308269.56
6/1/17,New Zealand,0402,Milk and cream; concentrated or containing added sugar or other sweetening matter,148378997,47555345.11
6/1/17,New Zealand,0403,"Buttermilk, curdled milk and cream, yoghurt, kephir, fermented or acidified milk or cream, whether or not concentrated, containing added sugar, sweetening matter, flavoured or added fruit or cocoa",2401038,1515298.229
6/1/17,New Zealand,0404,"Whey and products consisting of natural milk constituents; whether or not containing added sugar or other sweetening matter, not elsewhere specified or included",2927121,1884068.65
6/1/17,New Zealand,0405,Butter and other fats and oils derived from milk; dairy spreads,38750471,6896770.906
6/1/17,New Zealand,0406,Cheese and curd,29442258,6831785.101
7/1/17,EU-27,0401,"Milk and cream; not concentrated, not containing added sugar or other sweetening matter",36270054,40548337.08
7/1/17,EU-27,0402,Milk and cream; concentrated or containing added sugar or other sweetening matter,25381211,11260084.28
7/1/17,EU-27,0403,"Buttermilk, curdled milk and cream, yoghurt, kephir, fermented or acidified milk or cream, whether or not concentrated, containing added sugar, sweetening matter, flavoured or added fruit or cocoa",4676133,2892867.7720000003
7/1/17,EU-27,0404,"Whey and products consisting of natural milk constituents; whether or not containing added sugar or other sweetening matter, not elsewhere specified or included",30153010,24525832.73
7/1/17,EU-27,0405,Butter and other fats and oils derived from milk; dairy spreads,6360662,1154005.9989999998
7/1/17,EU-27,0406,Cheese and curd,9232291,1984764.8229999999
7/1/17,New Zealand,0401,"Milk and cream; not concentrated, not containing added sugar or other sweetening matter",26848843,21925214.25
7/1/17,New Zealand,0402,Milk and cream; concentrated or containing added sugar or other sweetening matter,146775636,48481401.42
7/1/17,New Zealand,0403,"Buttermilk, curdled milk and cream, yoghurt, kephir, fermented or acidified milk or cream, whether or not concentrated, containing added sugar, sweetening matter, flavoured or added fruit or cocoa",1256411,791736.04
7/1/17,New Zealand,0404,"Whey and products consisting of natural milk constituents; whether or not containing added sugar or other sweetening matter, not elsewhere specified or included",1152853,671877.817
7/1/17,New Zealand,0405,Butter and other fats and oils derived from milk; dairy spreads,38467338,6753759.317
7/1/17,New Zealand,0406,Cheese and curd,18465313,4161738.881
8/1/17,EU-27,0401,"Milk and cream; not concentrated, not containing added sugar or other sweetening matter",43588976,50479880.519999996
8/1/17,EU-27,0402,Milk and cream; concentrated or containing added sugar or other sweetening matter,28845844,12186542.393000001
8/1/17,EU-27,0403,"Buttermilk, curdled milk and cream, yoghurt, kephir, fermented or acidified milk or cream, whether or not concentrated, containing added sugar, sweetening matter, flavoured or added fruit or cocoa",6279906,3885806.5039999997
8/1/17,EU-27,0404,"Whey and products consisting of natural milk constituents; whether or not containing added sugar or other sweetening matter, not elsewhere specified or included",33607935,27493956.44
8/1/17,EU-27,0405,Butter and other fats and oils derived from milk; dairy spreads,8876854,1619906.034
8/1/17,EU-27,0406,Cheese and curd,9084986,1937774.2859999998
8/1/17,New Zealand,0401,"Milk and cream; not concentrated, not containing added sugar or other sweetening matter",30120523,27018787.73
8/1/17,New Zealand,0402,Milk and cream; concentrated or containing added sugar or other sweetening matter,138470023,45994259.02
8/1/17,New Zealand,0403,"Buttermilk, curdled milk and cream, yoghurt, kephir, fermented or acidified milk or cream, whether or not concentrated, containing added sugar, sweetening matter, flavoured or added fruit or cocoa",75061,47368.058
8/1/17,New Zealand,0404,"Whey and products consisting of natural milk constituents; whether or not containing added sugar or other sweetening matter, not elsewhere specified or included",984300,595725.015
8/1/17,New Zealand,0405,Butter and other fats and oils derived from milk; dairy spreads,77850135,14054590.65
8/1/17,New Zealand,0406,Cheese and curd,32064764,7364476.854
9/1/17,EU-27,0401,"Milk and cream; not concentrated, not containing added sugar or other sweetening matter",44467402,55149155.06
9/1/17,EU-27,0402,Milk and cream; concentrated or containing added sugar or other sweetening matter,26280493,11148431.95
9/1/17,EU-27,0403,"Buttermilk, curdled milk and cream, yoghurt, kephir, fermented or acidified milk or cream, whether or not concentrated, containing added sugar, sweetening matter, flavoured or added fruit or cocoa",6135699,3794265.363
9/1/17,EU-27,0404,"Whey and products consisting of natural milk constituents; whether or not containing added sugar or other sweetening matter, not elsewhere specified or included",30221663,24670794.36
9/1/17,EU-27,0405,Butter and other fats and oils derived from milk; dairy spreads,6840057,1234526.2
9/1/17,EU-27,0406,Cheese and curd,8958545,1923168.487
9/1/17,New Zealand,0401,"Milk and cream; not concentrated, not containing added sugar or other sweetening matter",39744134,29123666.95
9/1/17,New Zealand,0402,Milk and cream; concentrated or containing added sugar or other sweetening matter,72353160,23260379.64
9/1/17,New Zealand,0403,"Buttermilk, curdled milk and cream, yoghurt, kephir, fermented or acidified milk or cream, whether or not concentrated, containing added sugar, sweetening matter, flavoured or added fruit or cocoa",425694,265235.998
9/1/17,New Zealand,0404,"Whey and products consisting of natural milk constituents; whether or not containing added sugar or other sweetening matter, not elsewhere specified or included",571719,374632.624
9/1/17,New Zealand,0405,Butter and other fats and oils derived from milk; dairy spreads,18690434,3123492.461
9/1/17,New Zealand,0406,Cheese and curd,6660834,1493601.459
10/1/17,EU-27,0401,"Milk and cream; not concentrated, not containing added sugar or other sweetening matter",35514185,48565189.46
10/1/17,EU-27,0402,Milk and cream; concentrated or containing added sugar or other sweetening matter,18680799,7981793.853
10/1/17,EU-27,0403,"Buttermilk, curdled milk and cream, yoghurt, kephir, fermented or acidified milk or cream, whether or not concentrated, containing added sugar, sweetening matter, flavoured or added fruit or cocoa",5959445,3743955.7770000002
10/1/17,EU-27,0404,"Whey and products consisting of natural milk constituents; whether or not containing added sugar or other sweetening matter, not elsewhere specified or included",19850206,15825203.64
10/1/17,EU-27,0405,Butter and other fats and oils derived from milk; dairy spreads,5989649,1149015.076
10/1/17,EU-27,0406,Cheese and curd,7189409,1505927.565
10/1/17,New Zealand,0401,"Milk and cream; not concentrated, not containing added sugar or other sweetening matter",39680155,28965539.53
10/1/17,New Zealand,0402,Milk and cream; concentrated or containing added sugar or other sweetening matter,72955080,23883358.07
10/1/17,New Zealand,0403,"Buttermilk, curdled milk and cream, yoghurt, kephir, fermented or acidified milk or cream, whether or not concentrated, containing added sugar, sweetening matter, flavoured or added fruit or cocoa",360262,228454.563
10/1/17,New Zealand,0404,"Whey and products consisting of natural milk constituents; whether or not containing added sugar or other sweetening matter, not elsewhere specified or included",267420,152357.931
10/1/17,New Zealand,0405,Butter and other fats and oils derived from milk; dairy spreads,20874028,3956002.009
10/1/17,New Zealand,0406,Cheese and curd,21889490,5243633.048
11/1/17,EU-27,0401,"Milk and cream; not concentrated, not containing added sugar or other sweetening matter",41857522,56053918.11
11/1/17,EU-27,0402,Milk and cream; concentrated or containing added sugar or other sweetening matter,21224811,8681518.503
11/1/17,EU-27,0403,"Buttermilk, curdled milk and cream, yoghurt, kephir, fermented or acidified milk or cream, whether or not concentrated, containing added sugar, sweetening matter, flavoured or added fruit or cocoa",6884090,4254716.155
11/1/17,EU-27,0404,"Whey and products consisting of natural milk constituents; whether or not containing added sugar or other sweetening matter, not elsewhere specified or included",30514635,25014964.49
11/1/17,EU-27,0405,Butter and other fats and oils derived from milk; dairy spreads,4635236,834036.392
11/1/17,EU-27,0406,Cheese and curd,7060676,1508891.584
11/1/17,New Zealand,0401,"Milk and cream; not concentrated, not containing added sugar or other sweetening matter",42370200,32422324.1
11/1/17,New Zealand,0402,Milk and cream; concentrated or containing added sugar or other sweetening matter,114878648,37841983.12
11/1/17,New Zealand,0403,"Buttermilk, curdled milk and cream, yoghurt, kephir, fermented or acidified milk or cream, whether or not concentrated, containing added sugar, sweetening matter, flavoured or added fruit or cocoa",554876,350802.447
11/1/17,New Zealand,0404,"Whey and products consisting of natural milk constituents; whether or not containing added sugar or other sweetening matter, not elsewhere specified or included",526629,298219.058
11/1/17,New Zealand,0405,Butter and other fats and oils derived from milk; dairy spreads,32176857,5535243.692
11/1/17,New Zealand,0406,Cheese and curd,17544745,4006869.927
12/1/17,EU-27,0401,"Milk and cream; not concentrated, not containing added sugar or other sweetening matter",34031812,44674992.14
12/1/17,EU-27,0402,Milk and cream; concentrated or containing added sugar or other sweetening matter,14255354,6322633.518
12/1/17,EU-27,0403,"Buttermilk, curdled milk and cream, yoghurt, kephir, fermented or acidified milk or cream, whether or not concentrated, containing added sugar, sweetening matter, flavoured or added fruit or cocoa",5100271,3152165.274
12/1/17,EU-27,0404,"Whey and products consisting of natural milk constituents; whether or not containing added sugar or other sweetening matter, not elsewhere specified or included",25472805,20685147.05
12/1/17,EU-27,0405,Butter and other fats and oils derived from milk; dairy spreads,3125470,569244.316
12/1/17,EU-27,0406,Cheese and curd,7655124,1598314.574
12/1/17,New Zealand,0401,"Milk and cream; not concentrated, not containing added sugar or other sweetening matter",47532846,35116620.22
12/1/17,New Zealand,0402,Milk and cream; concentrated or containing added sugar or other sweetening matter,74391550,24096147.55
12/1/17,New Zealand,0403,"Buttermilk, curdled milk and cream, yoghurt, kephir, fermented or acidified milk or cream, whether or not concentrated, containing added sugar, sweetening matter, flavoured or added fruit or cocoa",858208,542609.747
12/1/17,New Zealand,0404,"Whey and products consisting of natural milk constituents; whether or not containing added sugar or other sweetening matter, not elsewhere specified or included",1483200,958851.301
12/1/17,New Zealand,0405,Butter and other fats and oils derived from milk; dairy spreads,39281185,6968567.996
12/1/17,New Zealand,0406,Cheese and curd,10544476,2075920.862
1/1/18,EU-27,0401,"Milk and cream; not concentrated, not containing added sugar or other sweetening matter",41605600,38025438
1/1/18,EU-27,0402,Milk and cream; concentrated or containing added sugar or other sweetening matter,19622011,6411586
1/1/18,EU-27,0403,"Buttermilk, curdled milk and cream, yoghurt, kephir, fermented or acidified milk or cream, whether or not concentrated, containing added sugar, sweetening matter, flavoured or added fruit or cocoa",6445254,3451912
1/1/18,EU-27,0404,"Whey and products consisting of natural milk constituents; whether or not containing added sugar or other sweetening matter, not elsewhere specified or included",26693733,18476955
1/1/18,EU-27,0405,Butter and other fats and oils derived from milk; dairy spreads,5499876,627230
1/1/18,EU-27,0406,Cheese and curd,9814137,1648168
1/1/18,New Zealand,0401,"Milk and cream; not concentrated, not containing added sugar or other sweetening matter",23041028,16700441
1/1/18,New Zealand,0402,Milk and cream; concentrated or containing added sugar or other sweetening matter,529829064,175542629
1/1/18,New Zealand,0403,"Buttermilk, curdled milk and cream, yoghurt, kephir, fermented or acidified milk or cream, whether or not concentrated, containing added sugar, sweetening matter, flavoured or added fruit or cocoa",575245,269308
1/1/18,New Zealand,0404,"Whey and products consisting of natural milk constituents; whether or not containing added sugar or other sweetening matter, not elsewhere specified or included",2187100,465185
1/1/18,New Zealand,0405,Butter and other fats and oils derived from milk; dairy spreads,98196860,15608670
1/1/18,New Zealand,0406,Cheese and curd,38384344,8379967
2/1/18,EU-27,0401,"Milk and cream; not concentrated, not containing added sugar or other sweetening matter",18018096,15280664
2/1/18,EU-27,0402,Milk and cream; concentrated or containing added sugar or other sweetening matter,6892486,1395527
2/1/18,EU-27,0403,"Buttermilk, curdled milk and cream, yoghurt, kephir, fermented or acidified milk or cream, whether or not concentrated, containing added sugar, sweetening matter, flavoured or added fruit or cocoa",3002304,1531540
2/1/18,EU-27,0404,"Whey and products consisting of natural milk constituents; whether or not containing added sugar or other sweetening matter, not elsewhere specified or included",17685818,11922290
2/1/18,EU-27,0405,Butter and other fats and oils derived from milk; dairy spreads,2960333,355921
2/1/18,EU-27,0406,Cheese and curd,4480270,773639
2/1/18,New Zealand,0401,"Milk and cream; not concentrated, not containing added sugar or other sweetening matter",24140218,14819190
2/1/18,New Zealand,0402,Milk and cream; concentrated or containing added sugar or other sweetening matter,177189982,62139034
2/1/18,New Zealand,0403,"Buttermilk, curdled milk and cream, yoghurt, kephir, fermented or acidified milk or cream, whether or not concentrated, containing added sugar, sweetening matter, flavoured or added fruit or cocoa",320451,153450
2/1/18,New Zealand,0404,"Whey and products consisting of natural milk constituents; whether or not containing added sugar or other sweetening matter, not elsewhere specified or included",769552,193790
2/1/18,New Zealand,0405,Butter and other fats and oils derived from milk; dairy spreads,30111603,4800630
2/1/18,New Zealand,0406,Cheese and curd,15816550,3469733
3/1/18,EU-27,0401,"Milk and cream; not concentrated, not containing added sugar or other sweetening matter",32741287,28114038
3/1/18,EU-27,0402,Milk and cream; concentrated or containing added sugar or other sweetening matter,16209500,5549362
3/1/18,EU-27,0403,"Buttermilk, curdled milk and cream, yoghurt, kephir, fermented or acidified milk or cream, whether or not concentrated, containing added sugar, sweetening matter, flavoured or added fruit or cocoa",3989924,2089748
3/1/18,EU-27,0404,"Whey and products consisting of natural milk constituents; whether or not containing added sugar or other sweetening matter, not elsewhere specified or included",24978792,17570920
3/1/18,EU-27,0405,Butter and other fats and oils derived from milk; dairy spreads,4837581,634710
3/1/18,EU-27,0406,Cheese and curd,8476465,1403156
3/1/18,New Zealand,0401,"Milk and cream; not concentrated, not containing added sugar or other sweetening matter",25128577,16800313
3/1/18,New Zealand,0402,Milk and cream; concentrated or containing added sugar or other sweetening matter,94761872,33489380
3/1/18,New Zealand,0403,"Buttermilk, curdled milk and cream, yoghurt, kephir, fermented or acidified milk or cream, whether or not concentrated, containing added sugar, sweetening matter, flavoured or added fruit or cocoa",868921,401900
3/1/18,New Zealand,0404,"Whey and products consisting of natural milk constituents; whether or not containing added sugar or other sweetening matter, not elsewhere specified or included",833184,219484
3/1/18,New Zealand,0405,Butter and other fats and oils derived from milk; dairy spreads,51303462,8521750
3/1/18,New Zealand,0406,Cheese and curd,10780769,2300849
4/1/18,EU-27,0401,"Milk and cream; not concentrated, not containing added sugar or other sweetening matter",27243032,22393504
4/1/18,EU-27,0402,Milk and cream; concentrated or containing added sugar or other sweetening matter,18490117,6451076
4/1/18,EU-27,0403,"Buttermilk, curdled milk and cream, yoghurt, kephir, fermented or acidified milk or cream, whether or not concentrated, containing added sugar, sweetening matter, flavoured or added fruit or cocoa",4033498,2112946
4/1/18,EU-27,0404,"Whey and products consisting of natural milk constituents; whether or not containing added sugar or other sweetening matter, not elsewhere specified or included",24409902,15433376
4/1/18,EU-27,0405,Butter and other fats and oils derived from milk; dairy spreads,5309334,699951
4/1/18,EU-27,0406,Cheese and curd,9624118,1440623
4/1/18,New Zealand,0401,"Milk and cream; not concentrated, not containing added sugar or other sweetening matter",23865015,15304390
4/1/18,New Zealand,0402,Milk and cream; concentrated or containing added sugar or other sweetening matter,100818776,34481015
4/1/18,New Zealand,0403,"Buttermilk, curdled milk and cream, yoghurt, kephir, fermented or acidified milk or cream, whether or not concentrated, containing added sugar, sweetening matter, flavoured or added fruit or cocoa",274120,125389
4/1/18,New Zealand,0404,"Whey and products consisting of natural milk constituents; whether or not containing added sugar or other sweetening matter, not elsewhere specified or included",1310390,250663
4/1/18,New Zealand,0405,Butter and other fats and oils derived from milk; dairy spreads,58519564,9906680
4/1/18,New Zealand,0406,Cheese and curd,18149751,3828026
5/1/18,EU-27,0401,"Milk and cream; not concentrated, not containing added sugar or other sweetening matter",35315665,29293955
5/1/18,EU-27,0402,Milk and cream; concentrated or containing added sugar or other sweetening matter,24594912,8632933
5/1/18,EU-27,0403,"Buttermilk, curdled milk and cream, yoghurt, kephir, fermented or acidified milk or cream, whether or not concentrated, containing added sugar, sweetening matter, flavoured or added fruit or cocoa",3529551,1845294
5/1/18,EU-27,0404,"Whey and products consisting of natural milk constituents; whether or not containing added sugar or other sweetening matter, not elsewhere specified or included",25481601,16495731
5/1/18,EU-27,0405,Butter and other fats and oils derived from milk; dairy spreads,6836580,892293
5/1/18,EU-27,0406,Cheese and curd,8535082,1415486
5/1/18,New Zealand,0401,"Milk and cream; not concentrated, not containing added sugar or other sweetening matter",26011911,17659791
5/1/18,New Zealand,0402,Milk and cream; concentrated or containing added sugar or other sweetening matter,125103417,39443281
5/1/18,New Zealand,0403,"Buttermilk, curdled milk and cream, yoghurt, kephir, fermented or acidified milk or cream, whether or not concentrated, containing added sugar, sweetening matter, flavoured or added fruit or cocoa",749713,336647
5/1/18,New Zealand,0404,"Whey and products consisting of natural milk constituents; whether or not containing added sugar or other sweetening matter, not elsewhere specified or included",1925753,413405
5/1/18,New Zealand,0405,Butter and other fats and oils derived from milk; dairy spreads,73153156,12638060
5/1/18,New Zealand,0406,Cheese and curd,28987391,6699830
6/1/18,EU-27,0401,"Milk and cream; not concentrated, not containing added sugar or other sweetening matter",34816927,27591332
6/1/18,EU-27,0402,Milk and cream; concentrated or containing added sugar or other sweetening matter,27706931,11503251
6/1/18,EU-27,0403,"Buttermilk, curdled milk and cream, yoghurt, kephir, fermented or acidified milk or cream, whether or not concentrated, containing added sugar, sweetening matter, flavoured or added fruit or cocoa",5067573,2767606
6/1/18,EU-27,0404,"Whey and products consisting of natural milk constituents; whether or not containing added sugar or other sweetening matter, not elsewhere specified or included",27911964,16676733
6/1/18,EU-27,0405,Butter and other fats and oils derived from milk; dairy spreads,7926869,1053054
6/1/18,EU-27,0406,Cheese and curd,7848180,1348163
6/1/18,New Zealand,0401,"Milk and cream; not concentrated, not containing added sugar or other sweetening matter",24455874,13637306
6/1/18,New Zealand,0402,Milk and cream; concentrated or containing added sugar or other sweetening matter,92165825,28505367
6/1/18,New Zealand,0403,"Buttermilk, curdled milk and cream, yoghurt, kephir, fermented or acidified milk or cream, whether or not concentrated, containing added sugar, sweetening matter, flavoured or added fruit or cocoa",393527,182363
6/1/18,New Zealand,0404,"Whey and products consisting of natural milk constituents; whether or not containing added sugar or other sweetening matter, not elsewhere specified or included",502733,56847
6/1/18,New Zealand,0405,Butter and other fats and oils derived from milk; dairy spreads,49193470,8245300
6/1/18,New Zealand,0406,Cheese and curd,16544119,3553089
7/1/18,EU-27,0401,"Milk and cream; not concentrated, not containing added sugar or other sweetening matter",33392590,24741787
7/1/18,EU-27,0402,Milk and cream; concentrated or containing added sugar or other sweetening matter,35059118,14168433
7/1/18,EU-27,0403,"Buttermilk, curdled milk and cream, yoghurt, kephir, fermented or acidified milk or cream, whether or not concentrated, containing added sugar, sweetening matter, flavoured or added fruit or cocoa",2970189,1614446
7/1/18,EU-27,0404,"Whey and products consisting of natural milk constituents; whether or not containing added sugar or other sweetening matter, not elsewhere specified or included",31863119,17721925
7/1/18,EU-27,0405,Butter and other fats and oils derived from milk; dairy spreads,7377033,989556
7/1/18,EU-27,0406,Cheese and curd,8161727,1389653
7/1/18,New Zealand,0401,"Milk and cream; not concentrated, not containing added sugar or other sweetening matter",28652135,17656956
7/1/18,New Zealand,0402,Milk and cream; concentrated or containing added sugar or other sweetening matter,126942983,39752145
7/1/18,New Zealand,0403,"Buttermilk, curdled milk and cream, yoghurt, kephir, fermented or acidified milk or cream, whether or not concentrated, containing added sugar, sweetening matter, flavoured or added fruit or cocoa",754064,344687
7/1/18,New Zealand,0404,"Whey and products consisting of natural milk constituents; whether or not containing added sugar or other sweetening matter, not elsewhere specified or included",1254171,356240
7/1/18,New Zealand,0405,Butter and other fats and oils derived from milk; dairy spreads,80064745,13334930
7/1/18,New Zealand,0406,Cheese and curd,16296935,3477530
8/1/18,EU-27,0401,"Milk and cream; not concentrated, not containing added sugar or other sweetening matter",38651938,28332906
8/1/18,EU-27,0402,Milk and cream; concentrated or containing added sugar or other sweetening matter,34525978,12585192
8/1/18,EU-27,0403,"Buttermilk, curdled milk and cream, yoghurt, kephir, fermented or acidified milk or cream, whether or not concentrated, containing added sugar, sweetening matter, flavoured or added fruit or cocoa",4695223,2601037
8/1/18,EU-27,0404,"Whey and products consisting of natural milk constituents; whether or not containing added sugar or other sweetening matter, not elsewhere specified or included",28980000,17267312
8/1/18,EU-27,0405,Butter and other fats and oils derived from milk; dairy spreads,9037445,1142028
8/1/18,EU-27,0406,Cheese and curd,9119895,1627586.909
8/1/18,New Zealand,0401,"Milk and cream; not concentrated, not containing added sugar or other sweetening matter",32123266,20658540
8/1/18,New Zealand,0402,Milk and cream; concentrated or containing added sugar or other sweetening matter,147297243,44691781
8/1/18,New Zealand,0403,"Buttermilk, curdled milk and cream, yoghurt, kephir, fermented or acidified milk or cream, whether or not concentrated, containing added sugar, sweetening matter, flavoured or added fruit or cocoa",442418,202500
8/1/18,New Zealand,0404,"Whey and products consisting of natural milk constituents; whether or not containing added sugar or other sweetening matter, not elsewhere specified or included",1313549,399461
8/1/18,New Zealand,0405,Butter and other fats and oils derived from milk; dairy spreads,86537227,14273530
8/1/18,New Zealand,0406,Cheese and curd,36144064,8318784
9/1/18,EU-27,0401,"Milk and cream; not concentrated, not containing added sugar or other sweetening matter",31214529,23771548
9/1/18,EU-27,0402,Milk and cream; concentrated or containing added sugar or other sweetening matter,33226145,13488631
9/1/18,EU-27,0403,"Buttermilk, curdled milk and cream, yoghurt, kephir, fermented or acidified milk or cream, whether or not concentrated, containing added sugar, sweetening matter, flavoured or added fruit or cocoa",4773868,2570936
9/1/18,EU-27,0404,"Whey and products consisting of natural milk constituents; whether or not containing added sugar or other sweetening matter, not elsewhere specified or included",33002489,20707412.37
9/1/18,EU-27,0405,Butter and other fats and oils derived from milk; dairy spreads,7288977,938141
9/1/18,EU-27,0406,Cheese and curd,8122318,1323317
9/1/18,New Zealand,0401,"Milk and cream; not concentrated, not containing added sugar or other sweetening matter",31616033,18791320
9/1/18,New Zealand,0402,Milk and cream; concentrated or containing added sugar or other sweetening matter,57763731,17165128
9/1/18,New Zealand,0403,"Buttermilk, curdled milk and cream, yoghurt, kephir, fermented or acidified milk or cream, whether or not concentrated, containing added sugar, sweetening matter, flavoured or added fruit or cocoa",237243,107704
9/1/18,New Zealand,0404,"Whey and products consisting of natural milk constituents; whether or not containing added sugar or other sweetening matter, not elsewhere specified or included",432146,119475
9/1/18,New Zealand,0405,Butter and other fats and oils derived from milk; dairy spreads,18285784,2964591
9/1/18,New Zealand,0406,Cheese and curd,6368616,1350679
10/1/18,EU-27,0401,"Milk and cream; not concentrated, not containing added sugar or other sweetening matter",31255516,23872870
10/1/18,EU-27,0402,Milk and cream; concentrated or containing added sugar or other sweetening matter,30454044,11968152
10/1/18,EU-27,0403,"Buttermilk, curdled milk and cream, yoghurt, kephir, fermented or acidified milk or cream, whether or not concentrated, containing added sugar, sweetening matter, flavoured or added fruit or cocoa",4522445,2298969
10/1/18,EU-27,0404,"Whey and products consisting of natural milk constituents; whether or not containing added sugar or other sweetening matter, not elsewhere specified or included",27784566,16802898.33
10/1/18,EU-27,0405,Butter and other fats and oils derived from milk; dairy spreads,5509464,702442
10/1/18,EU-27,0406,Cheese and curd,8376455,1424926.171
10/1/18,New Zealand,0401,"Milk and cream; not concentrated, not containing added sugar or other sweetening matter",44332084,25923210
10/1/18,New Zealand,0402,Milk and cream; concentrated or containing added sugar or other sweetening matter,72607901,23611351
10/1/18,New Zealand,0403,"Buttermilk, curdled milk and cream, yoghurt, kephir, fermented or acidified milk or cream, whether or not concentrated, containing added sugar, sweetening matter, flavoured or added fruit or cocoa",540256,231996
10/1/18,New Zealand,0404,"Whey and products consisting of natural milk constituents; whether or not containing added sugar or other sweetening matter, not elsewhere specified or included",1055416,347713
10/1/18,New Zealand,0405,Butter and other fats and oils derived from milk; dairy spreads,20602398,3548930
10/1/18,New Zealand,0406,Cheese and curd,13114741,3003172
11/1/18,EU-27,0401,"Milk and cream; not concentrated, not containing added sugar or other sweetening matter",38548371,35359210
11/1/18,EU-27,0402,Milk and cream; concentrated or containing added sugar or other sweetening matter,34922824,14065107
11/1/18,EU-27,0403,"Buttermilk, curdled milk and cream, yoghurt, kephir, fermented or acidified milk or cream, whether or not concentrated, containing added sugar, sweetening matter, flavoured or added fruit or cocoa",3260355,1833924
11/1/18,EU-27,0404,"Whey and products consisting of natural milk constituents; whether or not containing added sugar or other sweetening matter, not elsewhere specified or included",40246140,23226432
11/1/18,EU-27,0405,Butter and other fats and oils derived from milk; dairy spreads,6162965,787014
11/1/18,EU-27,0406,Cheese and curd,9303996,1635977.177
11/1/18,New Zealand,0401,"Milk and cream; not concentrated, not containing added sugar or other sweetening matter",44552574,25784827
11/1/18,New Zealand,0402,Milk and cream; concentrated or containing added sugar or other sweetening matter,132888110,46712050
11/1/18,New Zealand,0403,"Buttermilk, curdled milk and cream, yoghurt, kephir, fermented or acidified milk or cream, whether or not concentrated, containing added sugar, sweetening matter, flavoured or added fruit or cocoa",572244,254250
11/1/18,New Zealand,0404,"Whey and products consisting of natural milk constituents; whether or not containing added sugar or other sweetening matter, not elsewhere specified or included",1518739,604335
11/1/18,New Zealand,0405,Butter and other fats and oils derived from milk; dairy spreads,26053723,4597980
11/1/18,New Zealand,0406,Cheese and curd,21301949,4801382
12/1/18,EU-27,0401,"Milk and cream; not concentrated, not containing added sugar or other sweetening matter",31897494,31419751
12/1/18,EU-27,0402,Milk and cream; concentrated or containing added sugar or other sweetening matter,26614697,10672573
12/1/18,EU-27,0403,"Buttermilk, curdled milk and cream, yoghurt, kephir, fermented or acidified milk or cream, whether or not concentrated, containing added sugar, sweetening matter, flavoured or added fruit or cocoa",3684092,2203273.308
12/1/18,EU-27,0404,"Whey and products consisting of natural milk constituents; whether or not containing added sugar or other sweetening matter, not elsewhere specified or included",31197478,17925772
12/1/18,EU-27,0405,Butter and other fats and oils derived from milk; dairy spreads,5327616,707624
12/1/18,EU-27,0406,Cheese and curd,8257625,1446561
12/1/18,New Zealand,0401,"Milk and cream; not concentrated, not containing added sugar or other sweetening matter",46597789,29258470
12/1/18,New Zealand,0402,Milk and cream; concentrated or containing added sugar or other sweetening matter,125071344,42264612
12/1/18,New Zealand,0403,"Buttermilk, curdled milk and cream, yoghurt, kephir, fermented or acidified milk or cream, whether or not concentrated, containing added sugar, sweetening matter, flavoured or added fruit or cocoa",139527,54625
12/1/18,New Zealand,0404,"Whey and products consisting of natural milk constituents; whether or not containing added sugar or other sweetening matter, not elsewhere specified or included",1281043,251169
12/1/18,New Zealand,0405,Butter and other fats and oils derived from milk; dairy spreads,11083844,2001205
12/1/18,New Zealand,0406,Cheese and curd,25928601,5791643
1/1/19,EU-27,0401,"Milk and cream; not concentrated, not containing added sugar or other sweetening matter",34712911,30413056
1/1/19,EU-27,0402,Milk and cream; concentrated or containing added sugar or other sweetening matter,26093210,10786467
1/1/19,EU-27,0403,"Buttermilk, curdled milk and cream, yoghurt, kephir, fermented or acidified milk or cream, whether or not concentrated, containing added sugar, sweetening matter, flavoured or added fruit or cocoa",4325148,2625251.758
1/1/19,EU-27,0404,"Whey and products consisting of natural milk constituents; whether or not containing added sugar or other sweetening matter, not elsewhere specified or included",33504902,19117180
1/1/19,EU-27,0405,Butter and other fats and oils derived from milk; dairy spreads,6770698,938155
1/1/19,EU-27,0406,Cheese and curd,7480141,1276673
1/1/19,New Zealand,0401,"Milk and cream; not concentrated, not containing added sugar or other sweetening matter",41290743,27239020
1/1/19,New Zealand,0402,Milk and cream; concentrated or containing added sugar or other sweetening matter,630539269,223464067
1/1/19,New Zealand,0403,"Buttermilk, curdled milk and cream, yoghurt, kephir, fermented or acidified milk or cream, whether or not concentrated, containing added sugar, sweetening matter, flavoured or added fruit or cocoa",606533,213961
1/1/19,New Zealand,0404,"Whey and products consisting of natural milk constituents; whether or not containing added sugar or other sweetening matter, not elsewhere specified or included",2691712,555846
1/1/19,New Zealand,0405,Butter and other fats and oils derived from milk; dairy spreads,66948692,12880900
1/1/19,New Zealand,0406,Cheese and curd,38963587,8921288
2/1/19,EU-27,0401,"Milk and cream; not concentrated, not containing added sugar or other sweetening matter",21104478,21471738
2/1/19,EU-27,0402,Milk and cream; concentrated or containing added sugar or other sweetening matter,25562458,10489503
2/1/19,EU-27,0403,"Buttermilk, curdled milk and cream, yoghurt, kephir, fermented or acidified milk or cream, whether or not concentrated, containing added sugar, sweetening matter, flavoured or added fruit or cocoa",2801334,1768314.702
2/1/19,EU-27,0404,"Whey and products consisting of natural milk constituents; whether or not containing added sugar or other sweetening matter, not elsewhere specified or included",19445376,11166879
2/1/19,EU-27,0405,Butter and other fats and oils derived from milk; dairy spreads,3358138,444021
2/1/19,EU-27,0406,Cheese and curd,5412416,952219.732
2/1/19,New Zealand,0401,"Milk and cream; not concentrated, not containing added sugar or other sweetening matter",28837082,18523470
2/1/19,New Zealand,0402,Milk and cream; concentrated or containing added sugar or other sweetening matter,168121844,61622850
2/1/19,New Zealand,0403,"Buttermilk, curdled milk and cream, yoghurt, kephir, fermented or acidified milk or cream, whether or not concentrated, containing added sugar, sweetening matter, flavoured or added fruit or cocoa",230579,84941
2/1/19,New Zealand,0404,"Whey and products consisting of natural milk constituents; whether or not containing added sugar or other sweetening matter, not elsewhere specified or included",712468,201300
2/1/19,New Zealand,0405,Butter and other fats and oils derived from milk; dairy spreads,22703171,4464700
2/1/19,New Zealand,0406,Cheese and curd,13727765,3365578
3/1/19,EU-27,0401,"Milk and cream; not concentrated, not containing added sugar or other sweetening matter",35690887,35296365
3/1/19,EU-27,0402,Milk and cream; concentrated or containing added sugar or other sweetening matter,27846629,10380876
3/1/19,EU-27,0403,"Buttermilk, curdled milk and cream, yoghurt, kephir, fermented or acidified milk or cream, whether or not concentrated, containing added sugar, sweetening matter, flavoured or added fruit or cocoa",4565592,2846359
3/1/19,EU-27,0404,"Whey and products consisting of natural milk constituents; whether or not containing added sugar or other sweetening matter, not elsewhere specified or included",34361315,18625967
3/1/19,EU-27,0405,Butter and other fats and oils derived from milk; dairy spreads,6740158,878315
3/1/19,EU-27,0406,Cheese and curd,9836542,1660266
3/1/19,New Zealand,0401,"Milk and cream; not concentrated, not containing added sugar or other sweetening matter",41851323,28377980
3/1/19,New Zealand,0402,Milk and cream; concentrated or containing added sugar or other sweetening matter,134295453,47856046
3/1/19,New Zealand,0403,"Buttermilk, curdled milk and cream, yoghurt, kephir, fermented or acidified milk or cream, whether or not concentrated, containing added sugar, sweetening matter, flavoured or added fruit or cocoa",91051,31947
3/1/19,New Zealand,0404,"Whey and products consisting of natural milk constituents; whether or not containing added sugar or other sweetening matter, not elsewhere specified or included",523116,97167
3/1/19,New Zealand,0405,Butter and other fats and oils derived from milk; dairy spreads,22580163,4436770
3/1/19,New Zealand,0406,Cheese and curd,13040177,3327581
4/1/19,EU-27,0401,"Milk and cream; not concentrated, not containing added sugar or other sweetening matter",39029920,42213363
4/1/19,EU-27,0402,Milk and cream; concentrated or containing added sugar or other sweetening matter,28989118,11908760
4/1/19,EU-27,0403,"Buttermilk, curdled milk and cream, yoghurt, kephir, fermented or acidified milk or cream, whether or not concentrated, containing added sugar, sweetening matter, flavoured or added fruit or cocoa",4369507,2881093
4/1/19,EU-27,0404,"Whey and products consisting of natural milk constituents; whether or not containing added sugar or other sweetening matter, not elsewhere specified or included",26175865,14106013
4/1/19,EU-27,0405,Butter and other fats and oils derived from milk; dairy spreads,6171331,852757
4/1/19,EU-27,0406,Cheese and curd,6868376,1168179
4/1/19,New Zealand,0401,"Milk and cream; not concentrated, not containing added sugar or other sweetening matter",37055752,24669540
4/1/19,New Zealand,0402,Milk and cream; concentrated or containing added sugar or other sweetening matter,172679790,60220045
4/1/19,New Zealand,0403,"Buttermilk, curdled milk and cream, yoghurt, kephir, fermented or acidified milk or cream, whether or not concentrated, containing added sugar, sweetening matter, flavoured or added fruit or cocoa",535250,204239
4/1/19,New Zealand,0404,"Whey and products consisting of natural milk constituents; whether or not containing added sugar or other sweetening matter, not elsewhere specified or included",1148308,301426
4/1/19,New Zealand,0405,Butter and other fats and oils derived from milk; dairy spreads,32437427,6710980
4/1/19,New Zealand,0406,Cheese and curd,23367262,5768766
5/1/19,EU-27,0401,"Milk and cream; not concentrated, not containing added sugar or other sweetening matter",43813098,42967058
5/1/19,EU-27,0402,Milk and cream; concentrated or containing added sugar or other sweetening matter,33266335,11447658
5/1/19,EU-27,0403,"Buttermilk, curdled milk and cream, yoghurt, kephir, fermented or acidified milk or cream, whether or not concentrated, containing added sugar, sweetening matter, flavoured or added fruit or cocoa",5043597,3323329.318
5/1/19,EU-27,0404,"Whey and products consisting of natural milk constituents; whether or not containing added sugar or other sweetening matter, not elsewhere specified or included",32042608,13829517
5/1/19,EU-27,0405,Butter and other fats and oils derived from milk; dairy spreads,6823104,989855
5/1/19,EU-27,0406,Cheese and curd,9191519,1569285
5/1/19,New Zealand,0401,"Milk and cream; not concentrated, not containing added sugar or other sweetening matter",45143390,25759497
5/1/19,New Zealand,0402,Milk and cream; concentrated or containing added sugar or other sweetening matter,130680758,42766730
5/1/19,New Zealand,0403,"Buttermilk, curdled milk and cream, yoghurt, kephir, fermented or acidified milk or cream, whether or not concentrated, containing added sugar, sweetening matter, flavoured or added fruit or cocoa",358947,113686
5/1/19,New Zealand,0404,"Whey and products consisting of natural milk constituents; whether or not containing added sugar or other sweetening matter, not elsewhere specified or included",381586,133560
5/1/19,New Zealand,0405,Butter and other fats and oils derived from milk; dairy spreads,30745798,6186159
5/1/19,New Zealand,0406,Cheese and curd,25402171,6369851
6/1/19,EU-27,0401,"Milk and cream; not concentrated, not containing added sugar or other sweetening matter",37897625,37124578
6/1/19,EU-27,0402,Milk and cream; concentrated or containing added sugar or other sweetening matter,40249859,14147120
6/1/19,EU-27,0403,"Buttermilk, curdled milk and cream, yoghurt, kephir, fermented or acidified milk or cream, whether or not concentrated, containing added sugar, sweetening matter, flavoured or added fruit or cocoa",3814951,2523180.716
6/1/19,EU-27,0404,"Whey and products consisting of natural milk constituents; whether or not containing added sugar or other sweetening matter, not elsewhere specified or included",29169866,15419664.35
6/1/19,EU-27,0405,Butter and other fats and oils derived from milk; dairy spreads,5698273,833139
6/1/19,EU-27,0406,Cheese and curd,7905230,1433446
6/1/19,New Zealand,0401,"Milk and cream; not concentrated, not containing added sugar or other sweetening matter",32627080,17824150
6/1/19,New Zealand,0402,Milk and cream; concentrated or containing added sugar or other sweetening matter,132687279,42459428
6/1/19,New Zealand,0403,"Buttermilk, curdled milk and cream, yoghurt, kephir, fermented or acidified milk or cream, whether or not concentrated, containing added sugar, sweetening matter, flavoured or added fruit or cocoa",132722,32253
6/1/19,New Zealand,0404,"Whey and products consisting of natural milk constituents; whether or not containing added sugar or other sweetening matter, not elsewhere specified or included",612572,233692
6/1/19,New Zealand,0405,Butter and other fats and oils derived from milk; dairy spreads,31274604,5695780
6/1/19,New Zealand,0406,Cheese and curd,30912472,7214080
7/1/19,EU-27,0401,"Milk and cream; not concentrated, not containing added sugar or other sweetening matter",45991584,47343943
7/1/19,EU-27,0402,Milk and cream; concentrated or containing added sugar or other sweetening matter,46503308,17554705
7/1/19,EU-27,0403,"Buttermilk, curdled milk and cream, yoghurt, kephir, fermented or acidified milk or cream, whether or not concentrated, containing added sugar, sweetening matter, flavoured or added fruit or cocoa",5420508,3192716
7/1/19,EU-27,0404,"Whey and products consisting of natural milk constituents; whether or not containing added sugar or other sweetening matter, not elsewhere specified or included",36726930,16464863
7/1/19,EU-27,0405,Butter and other fats and oils derived from milk; dairy spreads,7064427,1012455
7/1/19,EU-27,0406,Cheese and curd,10316803,1905970
7/1/19,New Zealand,0401,"Milk and cream; not concentrated, not containing added sugar or other sweetening matter",33208051,19811420
7/1/19,New Zealand,0402,Milk and cream; concentrated or containing added sugar or other sweetening matter,139981015,44342402
7/1/19,New Zealand,0403,"Buttermilk, curdled milk and cream, yoghurt, kephir, fermented or acidified milk or cream, whether or not concentrated, containing added sugar, sweetening matter, flavoured or added fruit or cocoa",186527,51886
7/1/19,New Zealand,0404,"Whey and products consisting of natural milk constituents; whether or not containing added sugar or other sweetening matter, not elsewhere specified or included",1084306,239303
7/1/19,New Zealand,0405,Butter and other fats and oils derived from milk; dairy spreads,26548575,4612640
7/1/19,New Zealand,0406,Cheese and curd,15531499,3825362
8/1/19,EU-27,0401,"Milk and cream; not concentrated, not containing added sugar or other sweetening matter",44094156,40321215
8/1/19,EU-27,0402,Milk and cream; concentrated or containing added sugar or other sweetening matter,44740304,15705385
8/1/19,EU-27,0403,"Buttermilk, curdled milk and cream, yoghurt, kephir, fermented or acidified milk or cream, whether or not concentrated, containing added sugar, sweetening matter, flavoured or added fruit or cocoa",4950876,2847481
8/1/19,EU-27,0404,"Whey and products consisting of natural milk constituents; whether or not containing added sugar or other sweetening matter, not elsewhere specified or included",40007056,20309995.99
8/1/19,EU-27,0405,Butter and other fats and oils derived from milk; dairy spreads,8086927,1151710
8/1/19,EU-27,0406,Cheese and curd,11225118,2029579
8/1/19,New Zealand,0401,"Milk and cream; not concentrated, not containing added sugar or other sweetening matter",31563609,20290008
8/1/19,New Zealand,0402,Milk and cream; concentrated or containing added sugar or other sweetening matter,135167502,41185743
8/1/19,New Zealand,0403,"Buttermilk, curdled milk and cream, yoghurt, kephir, fermented or acidified milk or cream, whether or not concentrated, containing added sugar, sweetening matter, flavoured or added fruit or cocoa",306168,83248
8/1/19,New Zealand,0404,"Whey and products consisting of natural milk constituents; whether or not containing added sugar or other sweetening matter, not elsewhere specified or included",1407589,298866
8/1/19,New Zealand,0405,Butter and other fats and oils derived from milk; dairy spreads,38905371,6320570
8/1/19,New Zealand,0406,Cheese and curd,43087936,9259554
9/1/19,EU-27,0401,"Milk and cream; not concentrated, not containing added sugar or other sweetening matter",43535266,43121047
9/1/19,EU-27,0402,Milk and cream; concentrated or containing added sugar or other sweetening matter,40871649,14936883
9/1/19,EU-27,0403,"Buttermilk, curdled milk and cream, yoghurt, kephir, fermented or acidified milk or cream, whether or not concentrated, containing added sugar, sweetening matter, flavoured or added fruit or cocoa",3911879,2473227.575
9/1/19,EU-27,0404,"Whey and products consisting of natural milk constituents; whether or not containing added sugar or other sweetening matter, not elsewhere specified or included",38212705,20314502
9/1/19,EU-27,0405,Butter and other fats and oils derived from milk; dairy spreads,5869524,958952
9/1/19,EU-27,0406,Cheese and curd,7635026,1390979
9/1/19,New Zealand,0401,"Milk and cream; not concentrated, not containing added sugar or other sweetening matter",50451992,29349170
9/1/19,New Zealand,0402,Milk and cream; concentrated or containing added sugar or other sweetening matter,83414191,24893848
9/1/19,New Zealand,0403,"Buttermilk, curdled milk and cream, yoghurt, kephir, fermented or acidified milk or cream, whether or not concentrated, containing added sugar, sweetening matter, flavoured or added fruit or cocoa",146730,36338
9/1/19,New Zealand,0404,"Whey and products consisting of natural milk constituents; whether or not containing added sugar or other sweetening matter, not elsewhere specified or included",177020,76674
9/1/19,New Zealand,0405,Butter and other fats and oils derived from milk; dairy spreads,10768568,1872569
9/1/19,New Zealand,0406,Cheese and curd,8960174,2092258
10/1/19,EU-27,0401,"Milk and cream; not concentrated, not containing added sugar or other sweetening matter",44566237,45179525
10/1/19,EU-27,0402,Milk and cream; concentrated or containing added sugar or other sweetening matter,32492974,11480945
10/1/19,EU-27,0403,"Buttermilk, curdled milk and cream, yoghurt, kephir, fermented or acidified milk or cream, whether or not concentrated, containing added sugar, sweetening matter, flavoured or added fruit or cocoa",4351470,2758804.848
10/1/19,EU-27,0404,"Whey and products consisting of natural milk constituents; whether or not containing added sugar or other sweetening matter, not elsewhere specified or included",28067863,14980129.43
10/1/19,EU-27,0405,Butter and other fats and oils derived from milk; dairy spreads,6017620,992478
10/1/19,EU-27,0406,Cheese and curd,9804785,1854772
10/1/19,New Zealand,0401,"Milk and cream; not concentrated, not containing added sugar or other sweetening matter",35740833,21356640
10/1/19,New Zealand,0402,Milk and cream; concentrated or containing added sugar or other sweetening matter,101866765,31120602
10/1/19,New Zealand,0403,"Buttermilk, curdled milk and cream, yoghurt, kephir, fermented or acidified milk or cream, whether or not concentrated, containing added sugar, sweetening matter, flavoured or added fruit or cocoa",232912,85035
10/1/19,New Zealand,0404,"Whey and products consisting of natural milk constituents; whether or not containing added sugar or other sweetening matter, not elsewhere specified or included",451094,213181
10/1/19,New Zealand,0405,Butter and other fats and oils derived from milk; dairy spreads,16444825,3003010
10/1/19,New Zealand,0406,Cheese and curd,19807181,4462210
11/1/19,EU-27,0401,"Milk and cream; not concentrated, not containing added sugar or other sweetening matter",45541443,42803443
11/1/19,EU-27,0402,Milk and cream; concentrated or containing added sugar or other sweetening matter,30855139,10977278
11/1/19,EU-27,0403,"Buttermilk, curdled milk and cream, yoghurt, kephir, fermented or acidified milk or cream, whether or not concentrated, containing added sugar, sweetening matter, flavoured or added fruit or cocoa",2776218,1831648
11/1/19,EU-27,0404,"Whey and products consisting of natural milk constituents; whether or not containing added sugar or other sweetening matter, not elsewhere specified or included",32154577,18278817
11/1/19,EU-27,0405,Butter and other fats and oils derived from milk; dairy spreads,8443213,1400984
11/1/19,EU-27,0406,Cheese and curd,10507314,1954470
11/1/19,New Zealand,0401,"Milk and cream; not concentrated, not containing added sugar or other sweetening matter",44690689,24452041
11/1/19,New Zealand,0402,Milk and cream; concentrated or containing added sugar or other sweetening matter,216720987,68378560
11/1/19,New Zealand,0403,"Buttermilk, curdled milk and cream, yoghurt, kephir, fermented or acidified milk or cream, whether or not concentrated, containing added sugar, sweetening matter, flavoured or added fruit or cocoa",1044910,410910
11/1/19,New Zealand,0404,"Whey and products consisting of natural milk constituents; whether or not containing added sugar or other sweetening matter, not elsewhere specified or included",340052,50284
11/1/19,New Zealand,0405,Butter and other fats and oils derived from milk; dairy spreads,49561995,10199410
11/1/19,New Zealand,0406,Cheese and curd,30771706,7212043
12/1/19,EU-27,0401,"Milk and cream; not concentrated, not containing added sugar or other sweetening matter",42933459,40636351
12/1/19,EU-27,0402,Milk and cream; concentrated or containing added sugar or other sweetening matter,32406715,12092822.18
12/1/19,EU-27,0403,"Buttermilk, curdled milk and cream, yoghurt, kephir, fermented or acidified milk or cream, whether or not concentrated, containing added sugar, sweetening matter, flavoured or added fruit or cocoa",2399127,1721385
12/1/19,EU-27,0404,"Whey and products consisting of natural milk constituents; whether or not containing added sugar or other sweetening matter, not elsewhere specified or included",31395926,16272918
12/1/19,EU-27,0405,Butter and other fats and oils derived from milk; dairy spreads,6615348,1155194
12/1/19,EU-27,0406,Cheese and curd,11252452,2092382
12/1/19,New Zealand,0401,"Milk and cream; not concentrated, not containing added sugar or other sweetening matter",36722795,26264350
12/1/19,New Zealand,0402,Milk and cream; concentrated or containing added sugar or other sweetening matter,217680247,66678798
12/1/19,New Zealand,0403,"Buttermilk, curdled milk and cream, yoghurt, kephir, fermented or acidified milk or cream, whether or not concentrated, containing added sugar, sweetening matter, flavoured or added fruit or cocoa",725765,289094
12/1/19,New Zealand,0404,"Whey and products consisting of natural milk constituents; whether or not containing added sugar or other sweetening matter, not elsewhere specified or included",923119,212312
12/1/19,New Zealand,0405,Butter and other fats and oils derived from milk; dairy spreads,23341180,4563070
12/1/19,New Zealand,0406,Cheese and curd,20722986,5012080
1/1/20,EU-27,0401,"Milk and cream; not concentrated, not containing added sugar or other sweetening matter",32859879,32502157
1/1/20,EU-27,0402,Milk and cream; concentrated or containing added sugar or other sweetening matter,19109285,6765059
1/1/20,EU-27,0403,"Buttermilk, curdled milk and cream, yoghurt, kephir, fermented or acidified milk or cream, whether or not concentrated, containing added sugar, sweetening matter, flavoured or added fruit or cocoa",2304871,1557124
1/1/20,EU-27,0404,"Whey and products consisting of natural milk constituents; whether or not containing added sugar or other sweetening matter, not elsewhere specified or included",27076259,14730961
1/1/20,EU-27,0405,Butter and other fats and oils derived from milk; dairy spreads,4785548,807233
1/1/20,EU-27,0406,Cheese and curd,5306968,886712
1/1/20,New Zealand,0401,"Milk and cream; not concentrated, not containing added sugar or other sweetening matter",51515006,27003429
1/1/20,New Zealand,0402,Milk and cream; concentrated or containing added sugar or other sweetening matter,518780437,163411877
1/1/20,New Zealand,0403,"Buttermilk, curdled milk and cream, yoghurt, kephir, fermented or acidified milk or cream, whether or not concentrated, containing added sugar, sweetening matter, flavoured or added fruit or cocoa",430252,168042
1/1/20,New Zealand,0404,"Whey and products consisting of natural milk constituents; whether or not containing added sugar or other sweetening matter, not elsewhere specified or included",880614,236147
1/1/20,New Zealand,0405,Butter and other fats and oils derived from milk; dairy spreads,103696719,22345450
1/1/20,New Zealand,0406,Cheese and curd,55356470,12814433
2/1/20,EU-27,0401,"Milk and cream; not concentrated, not containing added sugar or other sweetening matter",26316845,28478413
2/1/20,EU-27,0402,Milk and cream; concentrated or containing added sugar or other sweetening matter,20127609,7395505
2/1/20,EU-27,0403,"Buttermilk, curdled milk and cream, yoghurt, kephir, fermented or acidified milk or cream, whether or not concentrated, containing added sugar, sweetening matter, flavoured or added fruit or cocoa",2998812,2102404
2/1/20,EU-27,0404,"Whey and products consisting of natural milk constituents; whether or not containing added sugar or other sweetening matter, not elsewhere specified or included",33543885,19232227
2/1/20,EU-27,0405,Butter and other fats and oils derived from milk; dairy spreads,4017307,633232
2/1/20,EU-27,0406,Cheese and curd,5951719,1014231
2/1/20,New Zealand,0401,"Milk and cream; not concentrated, not containing added sugar or other sweetening matter",50643275,24922324
2/1/20,New Zealand,0402,Milk and cream; concentrated or containing added sugar or other sweetening matter,301238797,92000160
2/1/20,New Zealand,0403,"Buttermilk, curdled milk and cream, yoghurt, kephir, fermented or acidified milk or cream, whether or not concentrated, containing added sugar, sweetening matter, flavoured or added fruit or cocoa",858755,318389
2/1/20,New Zealand,0404,"Whey and products consisting of natural milk constituents; whether or not containing added sugar or other sweetening matter, not elsewhere specified or included",849233,247370
2/1/20,New Zealand,0405,Butter and other fats and oils derived from milk; dairy spreads,38375650,8032950
2/1/20,New Zealand,0406,Cheese and curd,19312743,4400409
3/1/20,EU-27,0401,"Milk and cream; not concentrated, not containing added sugar or other sweetening matter",47642078,49562503
3/1/20,EU-27,0402,Milk and cream; concentrated or containing added sugar or other sweetening matter,31808910,9516854
3/1/20,EU-27,0403,"Buttermilk, curdled milk and cream, yoghurt, kephir, fermented or acidified milk or cream, whether or not concentrated, containing added sugar, sweetening matter, flavoured or added fruit or cocoa",4237178,2704917
3/1/20,EU-27,0404,"Whey and products consisting of natural milk constituents; whether or not containing added sugar or other sweetening matter, not elsewhere specified or included",29786422,17550394
3/1/20,EU-27,0405,Butter and other fats and oils derived from milk; dairy spreads,4572468,782625
3/1/20,EU-27,0406,Cheese and curd,12496789,2574971
3/1/20,New Zealand,0401,"Milk and cream; not concentrated, not containing added sugar or other sweetening matter",25983780,16648258
3/1/20,New Zealand,0402,Milk and cream; concentrated or containing added sugar or other sweetening matter,179203225,54075516
3/1/20,New Zealand,0403,"Buttermilk, curdled milk and cream, yoghurt, kephir, fermented or acidified milk or cream, whether or not concentrated, containing added sugar, sweetening matter, flavoured or added fruit or cocoa",1516540,514844
3/1/20,New Zealand,0404,"Whey and products consisting of natural milk constituents; whether or not containing added sugar or other sweetening matter, not elsewhere specified or included",755938,222305
3/1/20,New Zealand,0405,Butter and other fats and oils derived from milk; dairy spreads,42460129,9068650
3/1/20,New Zealand,0406,Cheese and curd,25854672,5987222
4/1/20,EU-27,0401,"Milk and cream; not concentrated, not containing added sugar or other sweetening matter",37492285,40465575
4/1/20,EU-27,0402,Milk and cream; concentrated or containing added sugar or other sweetening matter,38047271,12420989
4/1/20,EU-27,0403,"Buttermilk, curdled milk and cream, yoghurt, kephir, fermented or acidified milk or cream, whether or not concentrated, containing added sugar, sweetening matter, flavoured or added fruit or cocoa",3602246,2578084
4/1/20,EU-27,0404,"Whey and products consisting of natural milk constituents; whether or not containing added sugar or other sweetening matter, not elsewhere specified or included",24597823,14800862
4/1/20,EU-27,0405,Butter and other fats and oils derived from milk; dairy spreads,5260371,852421
4/1/20,EU-27,0406,Cheese and curd,7759923,1445936
4/1/20,New Zealand,0401,"Milk and cream; not concentrated, not containing added sugar or other sweetening matter",35114528,20968260
4/1/20,New Zealand,0402,Milk and cream; concentrated or containing added sugar or other sweetening matter,235276085,68967742
4/1/20,New Zealand,0403,"Buttermilk, curdled milk and cream, yoghurt, kephir, fermented or acidified milk or cream, whether or not concentrated, containing added sugar, sweetening matter, flavoured or added fruit or cocoa",410433,127836
4/1/20,New Zealand,0404,"Whey and products consisting of natural milk constituents; whether or not containing added sugar or other sweetening matter, not elsewhere specified or included",860159,186496
4/1/20,New Zealand,0405,Butter and other fats and oils derived from milk; dairy spreads,32317624,7049070
4/1/20,New Zealand,0406,Cheese and curd,26054747,5977108
5/1/20,EU-27,0401,"Milk and cream; not concentrated, not containing added sugar or other sweetening matter",37650935,38593279
5/1/20,EU-27,0402,Milk and cream; concentrated or containing added sugar or other sweetening matter,25207810,7824811
5/1/20,EU-27,0403,"Buttermilk, curdled milk and cream, yoghurt, kephir, fermented or acidified milk or cream, whether or not concentrated, containing added sugar, sweetening matter, flavoured or added fruit or cocoa",3653726,2445142.776
5/1/20,EU-27,0404,"Whey and products consisting of natural milk constituents; whether or not containing added sugar or other sweetening matter, not elsewhere specified or included",41631739,24025255
5/1/20,EU-27,0405,Butter and other fats and oils derived from milk; dairy spreads,5817621,970969
5/1/20,EU-27,0406,Cheese and curd,7325239,1293957
5/1/20,New Zealand,0401,"Milk and cream; not concentrated, not containing added sugar or other sweetening matter",42748550,22263179
5/1/20,New Zealand,0402,Milk and cream; concentrated or containing added sugar or other sweetening matter,163624000,48724893
5/1/20,New Zealand,0403,"Buttermilk, curdled milk and cream, yoghurt, kephir, fermented or acidified milk or cream, whether or not concentrated, containing added sugar, sweetening matter, flavoured or added fruit or cocoa",1274446,434947
5/1/20,New Zealand,0404,"Whey and products consisting of natural milk constituents; whether or not containing added sugar or other sweetening matter, not elsewhere specified or included",1118392,239875
5/1/20,New Zealand,0405,Butter and other fats and oils derived from milk; dairy spreads,27725716,5807500
5/1/20,New Zealand,0406,Cheese and curd,8530149,1915201
6/1/20,EU-27,0401,"Milk and cream; not concentrated, not containing added sugar or other sweetening matter",53581542,49817573
6/1/20,EU-27,0402,Milk and cream; concentrated or containing added sugar or other sweetening matter,31547529,10076573
6/1/20,EU-27,0403,"Buttermilk, curdled milk and cream, yoghurt, kephir, fermented or acidified milk or cream, whether or not concentrated, containing added sugar, sweetening matter, flavoured or added fruit or cocoa",4016909,2517201.3
6/1/20,EU-27,0404,"Whey and products consisting of natural milk constituents; whether or not containing added sugar or other sweetening matter, not elsewhere specified or included",40979031,24286763.57
6/1/20,EU-27,0405,Butter and other fats and oils derived from milk; dairy spreads,8073476,1435958
6/1/20,EU-27,0406,Cheese and curd,15661634,3069923
6/1/20,New Zealand,0401,"Milk and cream; not concentrated, not containing added sugar or other sweetening matter",48436148,22428390
6/1/20,New Zealand,0402,Milk and cream; concentrated or containing added sugar or other sweetening matter,138944504,41971822
6/1/20,New Zealand,0403,"Buttermilk, curdled milk and cream, yoghurt, kephir, fermented or acidified milk or cream, whether or not concentrated, containing added sugar, sweetening matter, flavoured or added fruit or cocoa",580893,207497
6/1/20,New Zealand,0404,"Whey and products consisting of natural milk constituents; whether or not containing added sugar or other sweetening matter, not elsewhere specified or included",1369066,348618
6/1/20,New Zealand,0405,Butter and other fats and oils derived from milk; dairy spreads,32899409,6536200
6/1/20,New Zealand,0406,Cheese and curd,26215083,5805544
7/1/20,EU-27,0401,"Milk and cream; not concentrated, not containing added sugar or other sweetening matter",64265833,52907695
7/1/20,EU-27,0402,Milk and cream; concentrated or containing added sugar or other sweetening matter,43168843,14467356
7/1/20,EU-27,0403,"Buttermilk, curdled milk and cream, yoghurt, kephir, fermented or acidified milk or cream, whether or not concentrated, containing added sugar, sweetening matter, flavoured or added fruit or cocoa",4875190,2902167
7/1/20,EU-27,0404,"Whey and products consisting of natural milk constituents; whether or not containing added sugar or other sweetening matter, not elsewhere specified or included",55600465,30470085
7/1/20,EU-27,0405,Butter and other fats and oils derived from milk; dairy spreads,12912738,2377997
7/1/20,EU-27,0406,Cheese and curd,16445377,3146570.643
7/1/20,New Zealand,0401,"Milk and cream; not concentrated, not containing added sugar or other sweetening matter",47486442,25920307
7/1/20,New Zealand,0402,Milk and cream; concentrated or containing added sugar or other sweetening matter,130350058,41229659
7/1/20,New Zealand,0403,"Buttermilk, curdled milk and cream, yoghurt, kephir, fermented or acidified milk or cream, whether or not concentrated, containing added sugar, sweetening matter, flavoured or added fruit or cocoa",305953,93141
7/1/20,New Zealand,0404,"Whey and products consisting of natural milk constituents; whether or not containing added sugar or other sweetening matter, not elsewhere specified or included",1304832,339273
7/1/20,New Zealand,0405,Butter and other fats and oils derived from milk; dairy spreads,38776665,8118550
7/1/20,New Zealand,0406,Cheese and curd,38164860,8791643
8/1/20,EU-27,0401,"Milk and cream; not concentrated, not containing added sugar or other sweetening matter",64989109,59094857
8/1/20,EU-27,0402,Milk and cream; concentrated or containing added sugar or other sweetening matter,36374463,12163400
8/1/20,EU-27,0403,"Buttermilk, curdled milk and cream, yoghurt, kephir, fermented or acidified milk or cream, whether or not concentrated, containing added sugar, sweetening matter, flavoured or added fruit or cocoa",4616389,2722678
8/1/20,EU-27,0404,"Whey and products consisting of natural milk constituents; whether or not containing added sugar or other sweetening matter, not elsewhere specified or included",47565565,25294870
8/1/20,EU-27,0405,Butter and other fats and oils derived from milk; dairy spreads,10571395,2017226
8/1/20,EU-27,0406,Cheese and curd,13608654,2592547
8/1/20,New Zealand,0401,"Milk and cream; not concentrated, not containing added sugar or other sweetening matter",34828640,22359500
8/1/20,New Zealand,0402,Milk and cream; concentrated or containing added sugar or other sweetening matter,101899119,32746109
8/1/20,New Zealand,0403,"Buttermilk, curdled milk and cream, yoghurt, kephir, fermented or acidified milk or cream, whether or not concentrated, containing added sugar, sweetening matter, flavoured or added fruit or cocoa",1186718,473750
8/1/20,New Zealand,0404,"Whey and products consisting of natural milk constituents; whether or not containing added sugar or other sweetening matter, not elsewhere specified or included",1351871,581524
8/1/20,New Zealand,0405,Butter and other fats and oils derived from milk; dairy spreads,25450598,5477630
8/1/20,New Zealand,0406,Cheese and curd,22460521,5256605
9/1/20,EU-27,0401,"Milk and cream; not concentrated, not containing added sugar or other sweetening matter",63938656,61549286
9/1/20,EU-27,0402,Milk and cream; concentrated or containing added sugar or other sweetening matter,56454055,16375136
9/1/20,EU-27,0403,"Buttermilk, curdled milk and cream, yoghurt, kephir, fermented or acidified milk or cream, whether or not concentrated, containing added sugar, sweetening matter, flavoured or added fruit or cocoa",4510227,2525276
9/1/20,EU-27,0404,"Whey and products consisting of natural milk constituents; whether or not containing added sugar or other sweetening matter, not elsewhere specified or included",48406278,26695609
9/1/20,EU-27,0405,Butter and other fats and oils derived from milk; dairy spreads,9122842,1631572
9/1/20,EU-27,0406,Cheese and curd,13804704,2680547
9/1/20,New Zealand,0401,"Milk and cream; not concentrated, not containing added sugar or other sweetening matter",43391701,26726650
9/1/20,New Zealand,0402,Milk and cream; concentrated or containing added sugar or other sweetening matter,72742168,22327225
9/1/20,New Zealand,0403,"Buttermilk, curdled milk and cream, yoghurt, kephir, fermented or acidified milk or cream, whether or not concentrated, containing added sugar, sweetening matter, flavoured or added fruit or cocoa",672791,261824
9/1/20,New Zealand,0404,"Whey and products consisting of natural milk constituents; whether or not containing added sugar or other sweetening matter, not elsewhere specified or included",741531,250982
9/1/20,New Zealand,0405,Butter and other fats and oils derived from milk; dairy spreads,9460063,2006370
9/1/20,New Zealand,0406,Cheese and curd,19145909,4305003
10/1/20,EU-27,0401,"Milk and cream; not concentrated, not containing added sugar or other sweetening matter",61314674,65220895
10/1/20,EU-27,0402,Milk and cream; concentrated or containing added sugar or other sweetening matter,43054323,11979289
10/1/20,EU-27,0403,"Buttermilk, curdled milk and cream, yoghurt, kephir, fermented or acidified milk or cream, whether or not concentrated, containing added sugar, sweetening matter, flavoured or added fruit or cocoa",3815519,2089693
10/1/20,EU-27,0404,"Whey and products consisting of natural milk constituents; whether or not containing added sugar or other sweetening matter, not elsewhere specified or included",45217183,23034778.96
10/1/20,EU-27,0405,Butter and other fats and oils derived from milk; dairy spreads,7630250,1410094
10/1/20,EU-27,0406,Cheese and curd,12218552,2144623
10/1/20,New Zealand,0401,"Milk and cream; not concentrated, not containing added sugar or other sweetening matter",48294113,27081280
10/1/20,New Zealand,0402,Milk and cream; concentrated or containing added sugar or other sweetening matter,100487891,32012327
10/1/20,New Zealand,0403,"Buttermilk, curdled milk and cream, yoghurt, kephir, fermented or acidified milk or cream, whether or not concentrated, containing added sugar, sweetening matter, flavoured or added fruit or cocoa",714508,249555
10/1/20,New Zealand,0404,"Whey and products consisting of natural milk constituents; whether or not containing added sugar or other sweetening matter, not elsewhere specified or included",459900,157393
10/1/20,New Zealand,0405,Butter and other fats and oils derived from milk; dairy spreads,21428912,4782210
10/1/20,New Zealand,0406,Cheese and curd,19523310,4694115
11/1/20,EU-27,0401,"Milk and cream; not concentrated, not containing added sugar or other sweetening matter",61278187,62661887
11/1/20,EU-27,0402,Milk and cream; concentrated or containing added sugar or other sweetening matter,41341130,12263037
11/1/20,EU-27,0403,"Buttermilk, curdled milk and cream, yoghurt, kephir, fermented or acidified milk or cream, whether or not concentrated, containing added sugar, sweetening matter, flavoured or added fruit or cocoa",2888628,1658946
11/1/20,EU-27,0404,"Whey and products consisting of natural milk constituents; whether or not containing added sugar or other sweetening matter, not elsewhere specified or included",29113803,17704936
11/1/20,EU-27,0405,Butter and other fats and oils derived from milk; dairy spreads,5244840,887133
11/1/20,EU-27,0406,Cheese and curd,14976780,2874889
11/1/20,New Zealand,0401,"Milk and cream; not concentrated, not containing added sugar or other sweetening matter",51982028,30600430
11/1/20,New Zealand,0402,Milk and cream; concentrated or containing added sugar or other sweetening matter,154316752,47866291
11/1/20,New Zealand,0403,"Buttermilk, curdled milk and cream, yoghurt, kephir, fermented or acidified milk or cream, whether or not concentrated, containing added sugar, sweetening matter, flavoured or added fruit or cocoa",816863,283142
11/1/20,New Zealand,0404,"Whey and products consisting of natural milk constituents; whether or not containing added sugar or other sweetening matter, not elsewhere specified or included",361323,156469
11/1/20,New Zealand,0405,Butter and other fats and oils derived from milk; dairy spreads,36599368,9292760
11/1/20,New Zealand,0406,Cheese and curd,26785804,6456078
12/1/20,EU-27,0401,"Milk and cream; not concentrated, not containing added sugar or other sweetening matter",66707894,58892269
12/1/20,EU-27,0402,Milk and cream; concentrated or containing added sugar or other sweetening matter,39329483,11553948
12/1/20,EU-27,0403,"Buttermilk, curdled milk and cream, yoghurt, kephir, fermented or acidified milk or cream, whether or not concentrated, containing added sugar, sweetening matter, flavoured or added fruit or cocoa",2994392,1816922
12/1/20,EU-27,0404,"Whey and products consisting of natural milk constituents; whether or not containing added sugar or other sweetening matter, not elsewhere specified or included",37684980,20540547
12/1/20,EU-27,0405,Butter and other fats and oils derived from milk; dairy spreads,8119022,1287490
12/1/20,EU-27,0406,Cheese and curd,15962755,2638417
12/1/20,New Zealand,0401,"Milk and cream; not concentrated, not containing added sugar or other sweetening matter",55314268,42260250
12/1/20,New Zealand,0402,Milk and cream; concentrated or containing added sugar or other sweetening matter,157422534,49859636
12/1/20,New Zealand,0403,"Buttermilk, curdled milk and cream, yoghurt, kephir, fermented or acidified milk or cream, whether or not concentrated, containing added sugar, sweetening matter, flavoured or added fruit or cocoa",702719,269722
12/1/20,New Zealand,0404,"Whey and products consisting of natural milk constituents; whether or not containing added sugar or other sweetening matter, not elsewhere specified or included",1677276,605265.581
12/1/20,New Zealand,0405,Butter and other fats and oils derived from milk; dairy spreads,27391200,6721280
12/1/20,New Zealand,0406,Cheese and curd,26051324,6364861
1/1/21,EU-27,0401,"Milk and cream; not concentrated, not containing added sugar or other sweetening matter",73104066,64978882
1/1/21,EU-27,0402,Milk and cream; concentrated or containing added sugar or other sweetening matter,40870703,12562919
1/1/21,EU-27,0403,"Buttermilk, curdled milk and cream, yoghurt, kephir, fermented or acidified milk or cream, whether or not concentrated, containing added sugar, sweetening matter, flavoured or added fruit or cocoa",2358753,1430676
1/1/21,EU-27,0404,"Whey and products consisting of natural milk constituents; whether or not containing added sugar or other sweetening matter, not elsewhere specified or included",42443815,25224973.09
1/1/21,EU-27,0405,Butter and other fats and oils derived from milk; dairy spreads,6840189,1133333
1/1/21,EU-27,0406,Cheese and curd,16691199,2902296
1/1/21,New Zealand,0401,"Milk and cream; not concentrated, not containing added sugar or other sweetening matter",62240286,36497950
1/1/21,New Zealand,0402,Milk and cream; concentrated or containing added sugar or other sweetening matter,705548697,228227290
1/1/21,New Zealand,0403,"Buttermilk, curdled milk and cream, yoghurt, kephir, fermented or acidified milk or cream, whether or not concentrated, containing added sugar, sweetening matter, flavoured or added fruit or cocoa",533941,183937
1/1/21,New Zealand,0404,"Whey and products consisting of natural milk constituents; whether or not containing added sugar or other sweetening matter, not elsewhere specified or included",1261043,311851
1/1/21,New Zealand,0405,Butter and other fats and oils derived from milk; dairy spreads,72348494,18405270
1/1/21,New Zealand,0406,Cheese and curd,58314370,14301790
2/1/21,EU-27,0401,"Milk and cream; not concentrated, not containing added sugar or other sweetening matter",49978919,44994370
2/1/21,EU-27,0402,Milk and cream; concentrated or containing added sugar or other sweetening matter,32667186,10327598.26
2/1/21,EU-27,0403,"Buttermilk, curdled milk and cream, yoghurt, kephir, fermented or acidified milk or cream, whether or not concentrated, containing added sugar, sweetening matter, flavoured or added fruit or cocoa",1576946,1007340
2/1/21,EU-27,0404,"Whey and products consisting of natural milk constituents; whether or not containing added sugar or other sweetening matter, not elsewhere specified or included",38578485,22655462
2/1/21,EU-27,0405,Butter and other fats and oils derived from milk; dairy spreads,3906755,746684
2/1/21,EU-27,0406,Cheese and curd,10427060,1871075
2/1/21,New Zealand,0401,"Milk and cream; not concentrated, not containing added sugar or other sweetening matter",49327377,27609783
2/1/21,New Zealand,0402,Milk and cream; concentrated or containing added sugar or other sweetening matter,186734136,59738223
2/1/21,New Zealand,0403,"Buttermilk, curdled milk and cream, yoghurt, kephir, fermented or acidified milk or cream, whether or not concentrated, containing added sugar, sweetening matter, flavoured or added fruit or cocoa",374494,129802
2/1/21,New Zealand,0404,"Whey and products consisting of natural milk constituents; whether or not containing added sugar or other sweetening matter, not elsewhere specified or included",996696,196996
2/1/21,New Zealand,0405,Butter and other fats and oils derived from milk; dairy spreads,23672116,5737700
2/1/21,New Zealand,0406,Cheese and curd,30499662,7367160
3/1/21,EU-27,0401,"Milk and cream; not concentrated, not containing added sugar or other sweetening matter",80990241,66493930
3/1/21,EU-27,0402,Milk and cream; concentrated or containing added sugar or other sweetening matter,37338832,11052443.17
3/1/21,EU-27,0403,"Buttermilk, curdled milk and cream, yoghurt, kephir, fermented or acidified milk or cream, whether or not concentrated, containing added sugar, sweetening matter, flavoured or added fruit or cocoa",4020558,2223924
3/1/21,EU-27,0404,"Whey and products consisting of natural milk constituents; whether or not containing added sugar or other sweetening matter, not elsewhere specified or included",41288961,26112743.61
3/1/21,EU-27,0405,Butter and other fats and oils derived from milk; dairy spreads,10556522,1856881
3/1/21,EU-27,0406,Cheese and curd,19872210,3349180
3/1/21,New Zealand,0401,"Milk and cream; not concentrated, not containing added sugar or other sweetening matter",78565042,39420200
3/1/21,New Zealand,0402,Milk and cream; concentrated or containing added sugar or other sweetening matter,289056148,89641907
3/1/21,New Zealand,0403,"Buttermilk, curdled milk and cream, yoghurt, kephir, fermented or acidified milk or cream, whether or not concentrated, containing added sugar, sweetening matter, flavoured or added fruit or cocoa",879637,304624
3/1/21,New Zealand,0404,"Whey and products consisting of natural milk constituents; whether or not containing added sugar or other sweetening matter, not elsewhere specified or included",1963618,598042
3/1/21,New Zealand,0405,Butter and other fats and oils derived from milk; dairy spreads,47964777,11402170
3/1/21,New Zealand,0406,Cheese and curd,49775042,11913430
4/1/21,EU-27,0401,"Milk and cream; not concentrated, not containing added sugar or other sweetening matter",70851963,61867119
4/1/21,EU-27,0402,Milk and cream; concentrated or containing added sugar or other sweetening matter,32932739,9800819
4/1/21,EU-27,0403,"Buttermilk, curdled milk and cream, yoghurt, kephir, fermented or acidified milk or cream, whether or not concentrated, containing added sugar, sweetening matter, flavoured or added fruit or cocoa",2867545,1232427
4/1/21,EU-27,0404,"Whey and products consisting of natural milk constituents; whether or not containing added sugar or other sweetening matter, not elsewhere specified or included",39794256,21965343
4/1/21,EU-27,0405,Butter and other fats and oils derived from milk; dairy spreads,11036347,1949622
4/1/21,EU-27,0406,Cheese and curd,20858099,3886706
4/1/21,New Zealand,0401,"Milk and cream; not concentrated, not containing added sugar or other sweetening matter",50363597,25229160
4/1/21,New Zealand,0402,Milk and cream; concentrated or containing added sugar or other sweetening matter,230009239,69126663
4/1/21,New Zealand,0403,"Buttermilk, curdled milk and cream, yoghurt, kephir, fermented or acidified milk or cream, whether or not concentrated, containing added sugar, sweetening matter, flavoured or added fruit or cocoa",532143,190496
4/1/21,New Zealand,0404,"Whey and products consisting of natural milk constituents; whether or not containing added sugar or other sweetening matter, not elsewhere specified or included",1365993,286226
4/1/21,New Zealand,0405,Butter and other fats and oils derived from milk; dairy spreads,57156413,12356790
4/1/21,New Zealand,0406,Cheese and curd,31156191,7334789
5/1/21,EU-27,0401,"Milk and cream; not concentrated, not containing added sugar or other sweetening matter",93833252,81200270
5/1/21,EU-27,0402,Milk and cream; concentrated or containing added sugar or other sweetening matter,51124109,16475640.92
5/1/21,EU-27,0403,"Buttermilk, curdled milk and cream, yoghurt, kephir, fermented or acidified milk or cream, whether or not concentrated, containing added sugar, sweetening matter, flavoured or added fruit or cocoa",3713151,1802780
5/1/21,EU-27,0404,"Whey and products consisting of natural milk constituents; whether or not containing added sugar or other sweetening matter, not elsewhere specified or included",59307302,31844468
5/1/21,EU-27,0405,Butter and other fats and oils derived from milk; dairy spreads,13564207,2361302
5/1/21,EU-27,0406,Cheese and curd,21306939,3964268
5/1/21,New Zealand,0401,"Milk and cream; not concentrated, not containing added sugar or other sweetening matter",73055771,38336580
5/1/21,New Zealand,0402,Milk and cream; concentrated or containing added sugar or other sweetening matter,279482229,79258283
5/1/21,New Zealand,0403,"Buttermilk, curdled milk and cream, yoghurt, kephir, fermented or acidified milk or cream, whether or not concentrated, containing added sugar, sweetening matter, flavoured or added fruit or cocoa",661315,239319
5/1/21,New Zealand,0404,"Whey and products consisting of natural milk constituents; whether or not containing added sugar or other sweetening matter, not elsewhere specified or included",1067316,281813
5/1/21,New Zealand,0405,Butter and other fats and oils derived from milk; dairy spreads,55355544,11367550
5/1/21,New Zealand,0406,Cheese and curd,34581684,8361124
6/1/21,EU-27,0401,"Milk and cream; not concentrated, not containing added sugar or other sweetening matter",76897522,62460815
6/1/21,EU-27,0402,Milk and cream; concentrated or containing added sugar or other sweetening matter,48089644,13700546
6/1/21,EU-27,0403,"Buttermilk, curdled milk and cream, yoghurt, kephir, fermented or acidified milk or cream, whether or not concentrated, containing added sugar, sweetening matter, flavoured or added fruit or cocoa",4176638,2721358
6/1/21,EU-27,0404,"Whey and products consisting of natural milk constituents; whether or not containing added sugar or other sweetening matter, not elsewhere specified or included",43703218,23352118
6/1/21,EU-27,0405,Butter and other fats and oils derived from milk; dairy spreads,11265605,1898721
6/1/21,EU-27,0406,Cheese and curd,18963232,3463472
6/1/21,New Zealand,0401,"Milk and cream; not concentrated, not containing added sugar or other sweetening matter",55441795,23283067
6/1/21,New Zealand,0402,Milk and cream; concentrated or containing added sugar or other sweetening matter,258916564,69919078
6/1/21,New Zealand,0403,"Buttermilk, curdled milk and cream, yoghurt, kephir, fermented or acidified milk or cream, whether or not concentrated, containing added sugar, sweetening matter, flavoured or added fruit or cocoa",679189,177842
6/1/21,New Zealand,0404,"Whey and products consisting of natural milk constituents; whether or not containing added sugar or other sweetening matter, not elsewhere specified or included",1725628,288946
6/1/21,New Zealand,0405,Butter and other fats and oils derived from milk; dairy spreads,40358676,7453710
6/1/21,New Zealand,0406,Cheese and curd,36919645,8398151
7/1/21,EU-27,0401,"Milk and cream; not concentrated, not containing added sugar or other sweetening matter",80092256,64032830
7/1/21,EU-27,0402,Milk and cream; concentrated or containing added sugar or other sweetening matter,67158347,20028631
7/1/21,EU-27,0403,"Buttermilk, curdled milk and cream, yoghurt, kephir, fermented or acidified milk or cream, whether or not concentrated, containing added sugar, sweetening matter, flavoured or added fruit or cocoa",3472365,1893523
7/1/21,EU-27,0404,"Whey and products consisting of natural milk constituents; whether or not containing added sugar or other sweetening matter, not elsewhere specified or included",45463998,23104722
7/1/21,EU-27,0405,Butter and other fats and oils derived from milk; dairy spreads,9688970,1641440
7/1/21,EU-27,0406,Cheese and curd,17533064,3201529
7/1/21,New Zealand,0401,"Milk and cream; not concentrated, not containing added sugar or other sweetening matter",30537159,18090330
7/1/21,New Zealand,0402,Milk and cream; concentrated or containing added sugar or other sweetening matter,293797948,75530852
7/1/21,New Zealand,0403,"Buttermilk, curdled milk and cream, yoghurt, kephir, fermented or acidified milk or cream, whether or not concentrated, containing added sugar, sweetening matter, flavoured or added fruit or cocoa",75970,9228
7/1/21,New Zealand,0404,"Whey and products consisting of natural milk constituents; whether or not containing added sugar or other sweetening matter, not elsewhere specified or included",969836,255014
7/1/21,New Zealand,0405,Butter and other fats and oils derived from milk; dairy spreads,59801564,10324060
7/1/21,New Zealand,0406,Cheese and curd,39178187,9012691
8/1/21,EU-27,0401,"Milk and cream; not concentrated, not containing added sugar or other sweetening matter",87468003,74602899
8/1/21,EU-27,0402,Milk and cream; concentrated or containing added sugar or other sweetening matter,63946115,19195289
8/1/21,EU-27,0403,"Buttermilk, curdled milk and cream, yoghurt, kephir, fermented or acidified milk or cream, whether or not concentrated, containing added sugar, sweetening matter, flavoured or added fruit or cocoa",6823924,3441014.532
8/1/21,EU-27,0404,"Whey and products consisting of natural milk constituents; whether or not containing added sugar or other sweetening matter, not elsewhere specified or included",54434371,25403303.04
8/1/21,EU-27,0405,Butter and other fats and oils derived from milk; dairy spreads,10099155,1612876
8/1/21,EU-27,0406,Cheese and curd,22664574,4404326
8/1/21,New Zealand,0401,"Milk and cream; not concentrated, not containing added sugar or other sweetening matter",51797855,26764030
8/1/21,New Zealand,0402,Milk and cream; concentrated or containing added sugar or other sweetening matter,275582629,68273018
8/1/21,New Zealand,0403,"Buttermilk, curdled milk and cream, yoghurt, kephir, fermented or acidified milk or cream, whether or not concentrated, containing added sugar, sweetening matter, flavoured or added fruit or cocoa",260999,63732
8/1/21,New Zealand,0404,"Whey and products consisting of natural milk constituents; whether or not containing added sugar or other sweetening matter, not elsewhere specified or included",1668517,570513
8/1/21,New Zealand,0405,Butter and other fats and oils derived from milk; dairy spreads,42756152,6934750
8/1/21,New Zealand,0406,Cheese and curd,33792311,7707297
9/1/21,EU-27,0401,"Milk and cream; not concentrated, not containing added sugar or other sweetening matter",66564382,56570811
9/1/21,EU-27,0402,Milk and cream; concentrated or containing added sugar or other sweetening matter,63509208,18855006
9/1/21,EU-27,0403,"Buttermilk, curdled milk and cream, yoghurt, kephir, fermented or acidified milk or cream, whether or not concentrated, containing added sugar, sweetening matter, flavoured or added fruit or cocoa",3867788,2128592
9/1/21,EU-27,0404,"Whey and products consisting of natural milk constituents; whether or not containing added sugar or other sweetening matter, not elsewhere specified or included",37928055,19372700
9/1/21,EU-27,0405,Butter and other fats and oils derived from milk; dairy spreads,5437778,910312
9/1/21,EU-27,0406,Cheese and curd,18949579,3656105
9/1/21,New Zealand,0401,"Milk and cream; not concentrated, not containing added sugar or other sweetening matter",53772237,25689438
9/1/21,New Zealand,0402,Milk and cream; concentrated or containing added sugar or other sweetening matter,116330569,27187551
9/1/21,New Zealand,0403,"Buttermilk, curdled milk and cream, yoghurt, kephir, fermented or acidified milk or cream, whether or not concentrated, containing added sugar, sweetening matter, flavoured or added fruit or cocoa",253078,59307
9/1/21,New Zealand,0404,"Whey and products consisting of natural milk constituents; whether or not containing added sugar or other sweetening matter, not elsewhere specified or included",2024715,464751
9/1/21,New Zealand,0405,Butter and other fats and oils derived from milk; dairy spreads,25101169,4233660
9/1/21,New Zealand,0406,Cheese and curd,12589864,2921954
10/1/21,EU-27,0401,"Milk and cream; not concentrated, not containing added sugar or other sweetening matter",59895543,50969131
10/1/21,EU-27,0402,Milk and cream; concentrated or containing added sugar or other sweetening matter,60230120,17389979
10/1/21,EU-27,0403,"Buttermilk, curdled milk and cream, yoghurt, kephir, fermented or acidified milk or cream, whether or not concentrated, containing added sugar, sweetening matter, flavoured or added fruit or cocoa",3876907,2079765
10/1/21,EU-27,0404,"Whey and products consisting of natural milk constituents; whether or not containing added sugar or other sweetening matter, not elsewhere specified or included",37442718,19377395
10/1/21,EU-27,0405,Butter and other fats and oils derived from milk; dairy spreads,8680370,1395735
10/1/21,EU-27,0406,Cheese and curd,16105545,2653092
10/1/21,New Zealand,0401,"Milk and cream; not concentrated, not containing added sugar or other sweetening matter",59135358,29501390
10/1/21,New Zealand,0402,Milk and cream; concentrated or containing added sugar or other sweetening matter,113663564,27295484
10/1/21,New Zealand,0403,"Buttermilk, curdled milk and cream, yoghurt, kephir, fermented or acidified milk or cream, whether or not concentrated, containing added sugar, sweetening matter, flavoured or added fruit or cocoa",160974,31045
10/1/21,New Zealand,0404,"Whey and products consisting of natural milk constituents; whether or not containing added sugar or other sweetening matter, not elsewhere specified or included",879912,179253
10/1/21,New Zealand,0405,Butter and other fats and oils derived from milk; dairy spreads,25471703,4307760
10/1/21,New Zealand,0406,Cheese and curd,8278913,1852395
11/1/21,EU-27,0401,"Milk and cream; not concentrated, not containing added sugar or other sweetening matter",68387218,55508881
11/1/21,EU-27,0402,Milk and cream; concentrated or containing added sugar or other sweetening matter,48335378,13685815
11/1/21,EU-27,0403,"Buttermilk, curdled milk and cream, yoghurt, kephir, fermented or acidified milk or cream, whether or not concentrated, containing added sugar, sweetening matter, flavoured or added fruit or cocoa",4059764,2089825
11/1/21,EU-27,0404,"Whey and products consisting of natural milk constituents; whether or not containing added sugar or other sweetening matter, not elsewhere specified or included",39878884,19744686
11/1/21,EU-27,0405,Butter and other fats and oils derived from milk; dairy spreads,9838480,1529395
11/1/21,EU-27,0406,Cheese and curd,15945703,2965765
11/1/21,New Zealand,0401,"Milk and cream; not concentrated, not containing added sugar or other sweetening matter",79135912,33643310
11/1/21,New Zealand,0402,Milk and cream; concentrated or containing added sugar or other sweetening matter,260610033,65209214
11/1/21,New Zealand,0403,"Buttermilk, curdled milk and cream, yoghurt, kephir, fermented or acidified milk or cream, whether or not concentrated, containing added sugar, sweetening matter, flavoured or added fruit or cocoa",501170,116215
11/1/21,New Zealand,0404,"Whey and products consisting of natural milk constituents; whether or not containing added sugar or other sweetening matter, not elsewhere specified or included",1919049,395011.372
11/1/21,New Zealand,0405,Butter and other fats and oils derived from milk; dairy spreads,23138998,3915610
11/1/21,New Zealand,0406,Cheese and curd,40463500,9187800
12/1/21,EU-27,0401,"Milk and cream; not concentrated, not containing added sugar or other sweetening matter",68883591,62263555
12/1/21,EU-27,0402,Milk and cream; concentrated or containing added sugar or other sweetening matter,39081579,10768929
12/1/21,EU-27,0403,"Buttermilk, curdled milk and cream, yoghurt, kephir, fermented or acidified milk or cream, whether or not concentrated, containing added sugar, sweetening matter, flavoured or added fruit or cocoa",4462760,2523111
12/1/21,EU-27,0404,"Whey and products consisting of natural milk constituents; whether or not containing added sugar or other sweetening matter, not elsewhere specified or included",37910914,17683186
12/1/21,EU-27,0405,Butter and other fats and oils derived from milk; dairy spreads,6628846,1036884
12/1/21,EU-27,0406,Cheese and curd,19982762,3087090
12/1/21,New Zealand,0401,"Milk and cream; not concentrated, not containing added sugar or other sweetening matter",93782852,39344160
12/1/21,New Zealand,0402,Milk and cream; concentrated or containing added sugar or other sweetening matter,113421563,29198534
12/1/21,New Zealand,0403,"Buttermilk, curdled milk and cream, yoghurt, kephir, fermented or acidified milk or cream, whether or not concentrated, containing added sugar, sweetening matter, flavoured or added fruit or cocoa",1049732,268210
12/1/21,New Zealand,0404,"Whey and products consisting of natural milk constituents; whether or not containing added sugar or other sweetening matter, not elsewhere specified or included",2693846,729832
12/1/21,New Zealand,0405,Butter and other fats and oils derived from milk; dairy spreads,41061688,7006560
12/1/21,New Zealand,0406,Cheese and curd,33557200,7347804
1/1/22,EU-27,0401,"Milk and cream; not concentrated, not containing added sugar or other sweetening matter",67246570,60430605
1/1/22,EU-27,0402,Milk and cream; concentrated or containing added sugar or other sweetening matter,24419400,6200776
1/1/22,EU-27,0403,"Yogurt; buttermilk, curdled milk and cream, kephir and other fermented or acidified milk and cream, whether or not concentrated or containing added sugar or other sweetening matter or flavoured or containing added fruit, nuts or cocoa.",3876711,2427565
1/1/22,EU-27,0404,"Whey and products consisting of natural milk constituents; whether or not containing added sugar or other sweetening matter, not elsewhere specified or included",31181439,14183440
1/1/22,EU-27,0405,Butter and other fats and oils derived from milk; dairy spreads,5467691,796318
1/1/22,EU-27,0406,Cheese and curd,14884487,2380757
1/1/22,New Zealand,0401,"Milk and cream; not concentrated, not containing added sugar or other sweetening matter",67728386,34739150
1/1/22,New Zealand,0402,Milk and cream; concentrated or containing added sugar or other sweetening matter,990572280,253140471
1/1/22,New Zealand,0403,"Yogurt; buttermilk, curdled milk and cream, kephir and other fermented or acidified milk and cream, whether or not concentrated or containing added sugar or other sweetening matter or flavoured or containing added fruit, nuts or cocoa.",443848,114601
1/1/22,New Zealand,0404,"Whey and products consisting of natural milk constituents; whether or not containing added sugar or other sweetening matter, not elsewhere specified or included",3389278,756979
1/1/22,New Zealand,0405,Butter and other fats and oils derived from milk; dairy spreads,85727868,15147348.9
1/1/22,New Zealand,0406,Cheese and curd,31446500,7034025
2/1/22,EU-27,0401,"Milk and cream; not concentrated, not containing added sugar or other sweetening matter",43763176,41001919
2/1/22,EU-27,0402,Milk and cream; concentrated or containing added sugar or other sweetening matter,23958067,6071718
2/1/22,EU-27,0403,"Yogurt; buttermilk, curdled milk and cream, kephir and other fermented or acidified milk and cream, whether or not concentrated or containing added sugar or other sweetening matter or flavoured or containing added fruit, nuts or cocoa.",4041953,2369516
2/1/22,EU-27,0404,"Whey and products consisting of natural milk constituents; whether or not containing added sugar or other sweetening matter, not elsewhere specified or included",30274426,13464114
2/1/22,EU-27,0405,Butter and other fats and oils derived from milk; dairy spreads,4573732,634868
2/1/22,EU-27,0406,Cheese and curd,11503729,1798851
2/1/22,New Zealand,0401,"Milk and cream; not concentrated, not containing added sugar or other sweetening matter",78515043,28597830
2/1/22,New Zealand,0402,Milk and cream; concentrated or containing added sugar or other sweetening matter,297545497,75850867
2/1/22,New Zealand,0403,"Yogurt; buttermilk, curdled milk and cream, kephir and other fermented or acidified milk and cream, whether or not concentrated or containing added sugar or other sweetening matter or flavoured or containing added fruit, nuts or cocoa.",207354,45367
2/1/22,New Zealand,0404,"Whey and products consisting of natural milk constituents; whether or not containing added sugar or other sweetening matter, not elsewhere specified or included",1641172,351144
2/1/22,New Zealand,0405,Butter and other fats and oils derived from milk; dairy spreads,60011933,10139410
2/1/22,New Zealand,0406,Cheese and curd,37567664,8018009
3/1/22,EU-27,0401,"Milk and cream; not concentrated, not containing added sugar or other sweetening matter",61662647,47441711
3/1/22,EU-27,0402,Milk and cream; concentrated or containing added sugar or other sweetening matter,34985066,9003698
3/1/22,EU-27,0403,"Yogurt; buttermilk, curdled milk and cream, kephir and other fermented or acidified milk and cream, whether or not concentrated or containing added sugar or other sweetening matter or flavoured or containing added fruit, nuts or cocoa.",4581438,2496916
3/1/22,EU-27,0404,"Whey and products consisting of natural milk constituents; whether or not containing added sugar or other sweetening matter, not elsewhere specified or included",31670248,14848769
3/1/22,EU-27,0405,Butter and other fats and oils derived from milk; dairy spreads,11623423,1576056
3/1/22,EU-27,0406,Cheese and curd,22746853,4056263
3/1/22,New Zealand,0401,"Milk and cream; not concentrated, not containing added sugar or other sweetening matter",71326560,27255030
3/1/22,New Zealand,0402,Milk and cream; concentrated or containing added sugar or other sweetening matter,235598413,57156016
3/1/22,New Zealand,0403,"Yogurt; buttermilk, curdled milk and cream, kephir and other fermented or acidified milk and cream, whether or not concentrated or containing added sugar or other sweetening matter or flavoured or containing added fruit, nuts or cocoa.",523415,131984
3/1/22,New Zealand,0404,"Whey and products consisting of natural milk constituents; whether or not containing added sugar or other sweetening matter, not elsewhere specified or included",3740618,710818
3/1/22,New Zealand,0405,Butter and other fats and oils derived from milk; dairy spreads,80545229,13525200
3/1/22,New Zealand,0406,Cheese and curd,41753116,8483171
4/1/22,EU-27,0401,"Milk and cream; not concentrated, not containing added sugar or other sweetening matter",57491549,40768588
4/1/22,EU-27,0402,Milk and cream; concentrated or containing added sugar or other sweetening matter,37392726,8174150
4/1/22,EU-27,0403,"Yogurt; buttermilk, curdled milk and cream, kephir and other fermented or acidified milk and cream, whether or not concentrated or containing added sugar or other sweetening matter or flavoured or containing added fruit, nuts or cocoa.",4241749,2008864
4/1/22,EU-27,0404,"Whey and products consisting of natural milk constituents; whether or not containing added sugar or other sweetening matter, not elsewhere specified or included",35406677,14386662
4/1/22,EU-27,0405,Butter and other fats and oils derived from milk; dairy spreads,7881309,1028708
4/1/22,EU-27,0406,Cheese and curd,12335905,2068378
4/1/22,New Zealand,0401,"Milk and cream; not concentrated, not containing added sugar or other sweetening matter",60193316,23536767
4/1/22,New Zealand,0402,Milk and cream; concentrated or containing added sugar or other sweetening matter,254460118,59653817
4/1/22,New Zealand,0403,"Yogurt; buttermilk, curdled milk and cream, kephir and other fermented or acidified milk and cream, whether or not concentrated or containing added sugar or other sweetening matter or flavoured or containing added fruit, nuts or cocoa.",819703,206939
4/1/22,New Zealand,0404,"Whey and products consisting of natural milk constituents; whether or not containing added sugar or other sweetening matter, not elsewhere specified or included",2205348,436521
4/1/22,New Zealand,0405,Butter and other fats and oils derived from milk; dairy spreads,66923184,10923840
4/1/22,New Zealand,0406,Cheese and curd,32281933,6369458
5/1/22,EU-27,0401,"Milk and cream; not concentrated, not containing added sugar or other sweetening matter",65867079,49205375
5/1/22,EU-27,0402,Milk and cream; concentrated or containing added sugar or other sweetening matter,42119665,10567910
5/1/22,EU-27,0403,"Yogurt; buttermilk, curdled milk and cream, kephir and other fermented or acidified milk and cream, whether or not concentrated or containing added sugar or other sweetening matter or flavoured or containing added fruit, nuts or cocoa.",3952982,1925491
5/1/22,EU-27,0404,"Whey and products consisting of natural milk constituents; whether or not containing added sugar or other sweetening matter, not elsewhere specified or included",32680781,13201549
5/1/22,EU-27,0405,Butter and other fats and oils derived from milk; dairy spreads,9728996,1259977
5/1/22,EU-27,0406,Cheese and curd,16601797,2823679
5/1/22,New Zealand,0401,"Milk and cream; not concentrated, not containing added sugar or other sweetening matter",80217447,32727770
5/1/22,New Zealand,0402,Milk and cream; concentrated or containing added sugar or other sweetening matter,207997069,45810233
5/1/22,New Zealand,0403,"Yogurt; buttermilk, curdled milk and cream, kephir and other fermented or acidified milk and cream, whether or not concentrated or containing added sugar or other sweetening matter or flavoured or containing added fruit, nuts or cocoa.",308276,76800
5/1/22,New Zealand,0404,"Whey and products consisting of natural milk constituents; whether or not containing added sugar or other sweetening matter, not elsewhere specified or included",3052651,601925
5/1/22,New Zealand,0405,Butter and other fats and oils derived from milk; dairy spreads,56578881,8856400
5/1/22,New Zealand,0406,Cheese and curd,52428170,10165744
6/1/22,EU-27,0401,"Milk and cream; not concentrated, not containing added sugar or other sweetening matter",62939590,46234675
6/1/22,EU-27,0402,Milk and cream; concentrated or containing added sugar or other sweetening matter,40065721,8911083
6/1/22,EU-27,0403,"Yogurt; buttermilk, curdled milk and cream, kephir and other fermented or acidified milk and cream, whether or not concentrated or containing added sugar or other sweetening matter or flavoured or containing added fruit, nuts or cocoa.",3772473,2121078
6/1/22,EU-27,0404,"Whey and products consisting of natural milk constituents; whether or not containing added sugar or other sweetening matter, not elsewhere specified or included",45272146,16779073
6/1/22,EU-27,0405,Butter and other fats and oils derived from milk; dairy spreads,13349071,1724596
6/1/22,EU-27,0406,Cheese and curd,14356047,2348984
6/1/22,New Zealand,0401,"Milk and cream; not concentrated, not containing added sugar or other sweetening matter",42800162,22123864
6/1/22,New Zealand,0402,Milk and cream; concentrated or containing added sugar or other sweetening matter,170622718,37086634
6/1/22,New Zealand,0403,"Yogurt; buttermilk, curdled milk and cream, kephir and other fermented or acidified milk and cream, whether or not concentrated or containing added sugar or other sweetening matter or flavoured or containing added fruit, nuts or cocoa.",195702,37135
6/1/22,New Zealand,0404,"Whey and products consisting of natural milk constituents; whether or not containing added sugar or other sweetening matter, not elsewhere specified or included",1618505,313415
6/1/22,New Zealand,0405,Butter and other fats and oils derived from milk; dairy spreads,47629028,7133150
6/1/22,New Zealand,0406,Cheese and curd,25196345,4892447
7/1/22,EU-27,0401,"Milk and cream; not concentrated, not containing added sugar or other sweetening matter",54142595,38922886
7/1/22,EU-27,0402,Milk and cream; concentrated or containing added sugar or other sweetening matter,46942570,10875745
7/1/22,EU-27,0403,"Yogurt; buttermilk, curdled milk and cream, kephir and other fermented or acidified milk and cream, whether or not concentrated or containing added sugar or other sweetening matter or flavoured or containing added fruit, nuts or cocoa.",2665808,1195072
7/1/22,EU-27,0404,"Whey and products consisting of natural milk constituents; whether or not containing added sugar or other sweetening matter, not elsewhere specified or included",41390057,17066295
7/1/22,EU-27,0405,Butter and other fats and oils derived from milk; dairy spreads,10522969,1268360
7/1/22,EU-27,0406,Cheese and curd,14254146,2443634
7/1/22,New Zealand,0401,"Milk and cream; not concentrated, not containing added sugar or other sweetening matter",35136862,19227460
7/1/22,New Zealand,0402,Milk and cream; concentrated or containing added sugar or other sweetening matter,187875246,40604189
7/1/22,New Zealand,0403,"Yogurt; buttermilk, curdled milk and cream, kephir and other fermented or acidified milk and cream, whether or not concentrated or containing added sugar or other sweetening matter or flavoured or containing added fruit, nuts or cocoa.",245706,53436
7/1/22,New Zealand,0404,"Whey and products consisting of natural milk constituents; whether or not containing added sugar or other sweetening matter, not elsewhere specified or included",5757324,1068229
7/1/22,New Zealand,0405,Butter and other fats and oils derived from milk; dairy spreads,92371150,13417970
7/1/22,New Zealand,0406,Cheese and curd,31577824,6089855
8/1/22,EU-27,0401,"Milk and cream; not concentrated, not containing added sugar or other sweetening matter",51555501,38896017
8/1/22,EU-27,0402,Milk and cream; concentrated or containing added sugar or other sweetening matter,51019536,11749142
8/1/22,EU-27,0403,"Yogurt; buttermilk, curdled milk and cream, kephir and other fermented or acidified milk and cream, whether or not concentrated or containing added sugar or other sweetening matter or flavoured or containing added fruit, nuts or cocoa.",2563050,1121580
8/1/22,EU-27,0404,"Whey and products consisting of natural milk constituents; whether or not containing added sugar or other sweetening matter, not elsewhere specified or included",56815268,22413171
8/1/22,EU-27,0405,Butter and other fats and oils derived from milk; dairy spreads,12195081,1474568
8/1/22,EU-27,0406,Cheese and curd,17542651,3032820
8/1/22,New Zealand,0401,"Milk and cream; not concentrated, not containing added sugar or other sweetening matter",31365584,16026193
8/1/22,New Zealand,0402,Milk and cream; concentrated or containing added sugar or other sweetening matter,142722758,31764307
8/1/22,New Zealand,0403,"Yogurt; buttermilk, curdled milk and cream, kephir and other fermented or acidified milk and cream, whether or not concentrated or containing added sugar or other sweetening matter or flavoured or containing added fruit, nuts or cocoa.",122729,25739
8/1/22,New Zealand,0404,"Whey and products consisting of natural milk constituents; whether or not containing added sugar or other sweetening matter, not elsewhere specified or included",679792,90594
8/1/22,New Zealand,0405,Butter and other fats and oils derived from milk; dairy spreads,64167658,9809450
8/1/22,New Zealand,0406,Cheese and curd,42212420,8144810
9/1/22,EU-27,0401,"Milk and cream; not concentrated, not containing added sugar or other sweetening matter",56524180,40715799
9/1/22,EU-27,0402,Milk and cream; concentrated or containing added sugar or other sweetening matter,46478811,10836507
9/1/22,EU-27,0403,"Yogurt; buttermilk, curdled milk and cream, kephir and other fermented or acidified milk and cream, whether or not concentrated or containing added sugar or other sweetening matter or flavoured or containing added fruit, nuts or cocoa.",2941133,1307904
9/1/22,EU-27,0404,"Whey and products consisting of natural milk constituents; whether or not containing added sugar or other sweetening matter, not elsewhere specified or included",45825101,21250470
9/1/22,EU-27,0405,Butter and other fats and oils derived from milk; dairy spreads,8730309,982655
9/1/22,EU-27,0406,Cheese and curd,13750411,2123829
9/1/22,New Zealand,0401,"Milk and cream; not concentrated, not containing added sugar or other sweetening matter",63110123,27045250
9/1/22,New Zealand,0402,Milk and cream; concentrated or containing added sugar or other sweetening matter,124257112,27232190
9/1/22,New Zealand,0403,"Yogurt; buttermilk, curdled milk and cream, kephir and other fermented or acidified milk and cream, whether or not concentrated or containing added sugar or other sweetening matter or flavoured or containing added fruit, nuts or cocoa.",461222,107404
9/1/22,New Zealand,0404,"Whey and products consisting of natural milk constituents; whether or not containing added sugar or other sweetening matter, not elsewhere specified or included",2516866,428196
9/1/22,New Zealand,0405,Butter and other fats and oils derived from milk; dairy spreads,51562578,7631570
9/1/22,New Zealand,0406,Cheese and curd,32708035,6070690
10/1/22,EU-27,0401,"Milk and cream; not concentrated, not containing added sugar or other sweetening matter",40226452,27811301
10/1/22,EU-27,0402,Milk and cream; concentrated or containing added sugar or other sweetening matter,46267560,10305200
10/1/22,EU-27,0403,"Yogurt; buttermilk, curdled milk and cream, kephir and other fermented or acidified milk and cream, whether or not concentrated or containing added sugar or other sweetening matter or flavoured or containing added fruit, nuts or cocoa.",1772349,926766
10/1/22,EU-27,0404,"Whey and products consisting of natural milk constituents; whether or not containing added sugar or other sweetening matter, not elsewhere specified or included",41181399,18235663.63
10/1/22,EU-27,0405,Butter and other fats and oils derived from milk; dairy spreads,5511796,672171
10/1/22,EU-27,0406,Cheese and curd,12536156,1910821
10/1/22,New Zealand,0401,"Milk and cream; not concentrated, not containing added sugar or other sweetening matter",89529684,33275880
10/1/22,New Zealand,0402,Milk and cream; concentrated or containing added sugar or other sweetening matter,124503154,28450492
10/1/22,New Zealand,0403,"Yogurt; buttermilk, curdled milk and cream, kephir and other fermented or acidified milk and cream, whether or not concentrated or containing added sugar or other sweetening matter or flavoured or containing added fruit, nuts or cocoa.",559085,128000
10/1/22,New Zealand,0404,"Whey and products consisting of natural milk constituents; whether or not containing added sugar or other sweetening matter, not elsewhere specified or included",2122633,538550
10/1/22,New Zealand,0405,Butter and other fats and oils derived from milk; dairy spreads,63800354,9386110
10/1/22,New Zealand,0406,Cheese and curd,31153332,6130809
11/1/22,EU-27,0401,"Milk and cream; not concentrated, not containing added sugar or other sweetening matter",61043235,43420429
11/1/22,EU-27,0402,Milk and cream; concentrated or containing added sugar or other sweetening matter,32025989,7611908
11/1/22,EU-27,0403,"Yogurt; buttermilk, curdled milk and cream, kephir and other fermented or acidified milk and cream, whether or not concentrated or containing added sugar or other sweetening matter or flavoured or containing added fruit, nuts or cocoa.",4343494,2648357
11/1/22,EU-27,0404,"Whey and products consisting of natural milk constituents; whether or not containing added sugar or other sweetening matter, not elsewhere specified or included",47954348,21572030
11/1/22,EU-27,0405,Butter and other fats and oils derived from milk; dairy spreads,8027544,936719
11/1/22,EU-27,0406,Cheese and curd,17683591,2563356
11/1/22,New Zealand,0401,"Milk and cream; not concentrated, not containing added sugar or other sweetening matter",65889228,29928480
11/1/22,New Zealand,0402,Milk and cream; concentrated or containing added sugar or other sweetening matter,158577628,39168700
11/1/22,New Zealand,0403,"Yogurt; buttermilk, curdled milk and cream, kephir and other fermented or acidified milk and cream, whether or not concentrated or containing added sugar or other sweetening matter or flavoured or containing added fruit, nuts or cocoa.",358994,87804
11/1/22,New Zealand,0404,"Whey and products consisting of natural milk constituents; whether or not containing added sugar or other sweetening matter, not elsewhere specified or included",3122538,446759
11/1/22,New Zealand,0405,Butter and other fats and oils derived from milk; dairy spreads,60748158,9393130
11/1/22,New Zealand,0406,Cheese and curd,25991910,4937447
12/1/22,EU-27,0401,"Milk and cream; not concentrated, not containing added sugar or other sweetening matter",52065347,33180888
12/1/22,EU-27,0402,Milk and cream; concentrated or containing added sugar or other sweetening matter,42663678,9292695
12/1/22,EU-27,0403,"Yogurt; buttermilk, curdled milk and cream, kephir and other fermented or acidified milk and cream, whether or not concentrated or containing added sugar or other sweetening matter or flavoured or containing added fruit, nuts or cocoa.",2292417,1339828
12/1/22,EU-27,0404,"Whey and products consisting of natural milk constituents; whether or not containing added sugar or other sweetening matter, not elsewhere specified or included",50920354,22656902.78
12/1/22,EU-27,0405,Butter and other fats and oils derived from milk; dairy spreads,5586320,613136
12/1/22,EU-27,0406,Cheese and curd,11201870,1474153
12/1/22,New Zealand,0401,"Milk and cream; not concentrated, not containing added sugar or other sweetening matter",78604023,30526600
12/1/22,New Zealand,0402,Milk and cream; concentrated or containing added sugar or other sweetening matter,169905175,42807856
12/1/22,New Zealand,0403,"Yogurt; buttermilk, curdled milk and cream, kephir and other fermented or acidified milk and cream, whether or not concentrated or containing added sugar or other sweetening matter or flavoured or containing added fruit, nuts or cocoa.",470958,126367
12/1/22,New Zealand,0404,"Whey and products consisting of natural milk constituents; whether or not containing added sugar or other sweetening matter, not elsewhere specified or included",2522498,403712
12/1/22,New Zealand,0405,Butter and other fats and oils derived from milk; dairy spreads,71018781,10282040
12/1/22,New Zealand,0406,Cheese and curd,42648420,7900507
1/1/23,EU-27,0401,"Milk and cream; not concentrated, not containing added sugar or other sweetening matter",42606577,26879716
1/1/23,EU-27,0402,Milk and cream; concentrated or containing added sugar or other sweetening matter,31934806,6964473
1/1/23,EU-27,0403,"Yogurt; buttermilk, curdled milk and cream, kephir and other fermented or acidified milk and cream, whether or not concentrated or containing added sugar or other sweetening matter or flavoured or containing added fruit, nuts or cocoa.",1522946,916388
1/1/23,EU-27,0404,"Whey and products consisting of natural milk constituents; whether or not containing added sugar or other sweetening matter, not elsewhere specified or included",49861986,21975525
1/1/23,EU-27,0405,Butter and other fats and oils derived from milk; dairy spreads,7089622,759904
1/1/23,EU-27,0406,Cheese and curd,13912076,1916372
1/1/23,New Zealand,0401,"Milk and cream; not concentrated, not containing added sugar or other sweetening matter",72461357,31378300
1/1/23,New Zealand,0402,Milk and cream; concentrated or containing added sugar or other sweetening matter,238401972,61109597
1/1/23,New Zealand,0403,"Yogurt; buttermilk, curdled milk and cream, kephir and other fermented or acidified milk and cream, whether or not concentrated or containing added sugar or other sweetening matter or flavoured or containing added fruit, nuts or cocoa.",467142,132183
1/1/23,New Zealand,0404,"Whey and products consisting of natural milk constituents; whether or not containing added sugar or other sweetening matter, not elsewhere specified or included",2338264,334399
1/1/23,New Zealand,0405,Butter and other fats and oils derived from milk; dairy spreads,75263212,11756930
1/1/23,New Zealand,0406,Cheese and curd,49705691,9383776
2/1/23,EU-27,0401,"Milk and cream; not concentrated, not containing added sugar or other sweetening matter",36390903,22870774
2/1/23,EU-27,0402,Milk and cream; concentrated or containing added sugar or other sweetening matter,37563151,8883349
2/1/23,EU-27,0403,"Yogurt; buttermilk, curdled milk and cream, kephir and other fermented or acidified milk and cream, whether or not concentrated or containing added sugar or other sweetening matter or flavoured or containing added fruit, nuts or cocoa.",2600209,1413084
2/1/23,EU-27,0404,"Whey and products consisting of natural milk constituents; whether or not containing added sugar or other sweetening matter, not elsewhere specified or included",41027063,19519692
2/1/23,EU-27,0405,Butter and other fats and oils derived from milk; dairy spreads,5500736,618273
2/1/23,EU-27,0406,Cheese and curd,12028592,1530981
2/1/23,New Zealand,0401,"Milk and cream; not concentrated, not containing added sugar or other sweetening matter",53092064,20581730
2/1/23,New Zealand,0402,Milk and cream; concentrated or containing added sugar or other sweetening matter,255373414,67846275
2/1/23,New Zealand,0403,"Yogurt; buttermilk, curdled milk and cream, kephir and other fermented or acidified milk and cream, whether or not concentrated or containing added sugar or other sweetening matter or flavoured or containing added fruit, nuts or cocoa.",348674,105587
2/1/23,New Zealand,0404,"Whey and products consisting of natural milk constituents; whether or not containing added sugar or other sweetening matter, not elsewhere specified or included",5161461,919953
2/1/23,New Zealand,0405,Butter and other fats and oils derived from milk; dairy spreads,47156299,7620320
2/1/23,New Zealand,0406,Cheese and curd,48480225,9172479
3/1/23,EU-27,0401,"Milk and cream; not concentrated, not containing added sugar or other sweetening matter",44046124,24090723
3/1/23,EU-27,0402,Milk and cream; concentrated or containing added sugar or other sweetening matter,40890778,11480176
3/1/23,EU-27,0403,"Yogurt; buttermilk, curdled milk and cream, kephir and other fermented or acidified milk and cream, whether or not concentrated or containing added sugar or other sweetening matter or flavoured or containing added fruit, nuts or cocoa.",3370184,1584581
3/1/23,EU-27,0404,"Whey and products consisting of natural milk constituents; whether or not containing added sugar or other sweetening matter, not elsewhere specified or included",40134026,19831731
3/1/23,EU-27,0405,Butter and other fats and oils derived from milk; dairy spreads,9536260,1162921
3/1/23,EU-27,0406,Cheese and curd,15784658,1959164
3/1/23,New Zealand,0401,"Milk and cream; not concentrated, not containing added sugar or other sweetening matter",92933218,30787280
3/1/23,New Zealand,0402,Milk and cream; concentrated or containing added sugar or other sweetening matter,195000328,53626911
3/1/23,New Zealand,0403,"Yogurt; buttermilk, curdled milk and cream, kephir and other fermented or acidified milk and cream, whether or not concentrated or containing added sugar or other sweetening matter or flavoured or containing added fruit, nuts or cocoa.",950610,311441
3/1/23,New Zealand,0404,"Whey and products consisting of natural milk constituents; whether or not containing added sugar or other sweetening matter, not elsewhere specified or included",3719321,773914
3/1/23,New Zealand,0405,Butter and other fats and oils derived from milk; dairy spreads,77949206,11688710
3/1/23,New Zealand,0406,Cheese and curd,55381570,10361325
4/1/23,EU-27,0401,"Milk and cream; not concentrated, not containing added sugar or other sweetening matter",51639149,30584275
4/1/23,EU-27,0402,Milk and cream; concentrated or containing added sugar or other sweetening matter,36370139,9473298
4/1/23,EU-27,0403,"Yogurt; buttermilk, curdled milk and cream, kephir and other fermented or acidified milk and cream, whether or not concentrated or containing added sugar or other sweetening matter or flavoured or containing added fruit, nuts or cocoa.",4471055,2018646
4/1/23,EU-27,0404,"Whey and products consisting of natural milk constituents; whether or not containing added sugar or other sweetening matter, not elsewhere specified or included",35119521,18551039
4/1/23,EU-27,0405,Butter and other fats and oils derived from milk; dairy spreads,8566456,1012286
4/1/23,EU-27,0406,Cheese and curd,16987774,2304432
4/1/23,New Zealand,0401,"Milk and cream; not concentrated, not containing added sugar or other sweetening matter",68052644,27324560
4/1/23,New Zealand,0402,Milk and cream; concentrated or containing added sugar or other sweetening matter,172259482,49175445
4/1/23,New Zealand,0403,"Yogurt; buttermilk, curdled milk and cream, kephir and other fermented or acidified milk and cream, whether or not concentrated or containing added sugar or other sweetening matter or flavoured or containing added fruit, nuts or cocoa.",792495,259454
4/1/23,New Zealand,0404,"Whey and products consisting of natural milk constituents; whether or not containing added sugar or other sweetening matter, not elsewhere specified or included",2062680,743462
4/1/23,New Zealand,0405,Butter and other fats and oils derived from milk; dairy spreads,48622877,8152580
4/1/23,New Zealand,0406,Cheese and curd,37221717,7137440
5/1/23,EU-27,0401,"Milk and cream; not concentrated, not containing added sugar or other sweetening matter",60162487,36789625
5/1/23,EU-27,0402,Milk and cream; concentrated or containing added sugar or other sweetening matter,47712180,13024957
5/1/23,EU-27,0403,"Yogurt; buttermilk, curdled milk and cream, kephir and other fermented or acidified milk and cream, whether or not concentrated or containing added sugar or other sweetening matter or flavoured or containing added fruit, nuts or cocoa.",4214165,1866269
5/1/23,EU-27,0404,"Whey and products consisting of natural milk constituents; whether or not containing added sugar or other sweetening matter, not elsewhere specified or included",38161806,18090768
5/1/23,EU-27,0405,Butter and other fats and oils derived from milk; dairy spreads,11913244,1555660
5/1/23,EU-27,0406,Cheese and curd,19467044,2820460
5/1/23,New Zealand,0401,"Milk and cream; not concentrated, not containing added sugar or other sweetening matter",59271726,25613650
5/1/23,New Zealand,0402,Milk and cream; concentrated or containing added sugar or other sweetening matter,201932843,57768000
5/1/23,New Zealand,0403,"Yogurt; buttermilk, curdled milk and cream, kephir and other fermented or acidified milk and cream, whether or not concentrated or containing added sugar or other sweetening matter or flavoured or containing added fruit, nuts or cocoa.",159941,55158
5/1/23,New Zealand,0404,"Whey and products consisting of natural milk constituents; whether or not containing added sugar or other sweetening matter, not elsewhere specified or included",1889526,650307
5/1/23,New Zealand,0405,Butter and other fats and oils derived from milk; dairy spreads,44370445,6983220
5/1/23,New Zealand,0406,Cheese and curd,54598065,10299844
6/1/23,EU-27,0401,"Milk and cream; not concentrated, not containing added sugar or other sweetening matter",75147555,42590788.8
6/1/23,EU-27,0402,Milk and cream; concentrated or containing added sugar or other sweetening matter,40401718,11926568
6/1/23,EU-27,0403,"Yogurt; buttermilk, curdled milk and cream, kephir and other fermented or acidified milk and cream, whether or not concentrated or containing added sugar or other sweetening matter or flavoured or containing added fruit, nuts or cocoa.",4947064,2391118
6/1/23,EU-27,0404,"Whey and products consisting of natural milk constituents; whether or not containing added sugar or other sweetening matter, not elsewhere specified or included",45393725,19411552
6/1/23,EU-27,0405,Butter and other fats and oils derived from milk; dairy spreads,14109759,2107102
6/1/23,EU-27,0406,Cheese and curd,19642853,3244115
6/1/23,New Zealand,0401,"Milk and cream; not concentrated, not containing added sugar or other sweetening matter",71234186,31404620
6/1/23,New Zealand,0402,Milk and cream; concentrated or containing added sugar or other sweetening matter,184649816,53384455
6/1/23,New Zealand,0403,"Yogurt; buttermilk, curdled milk and cream, kephir and other fermented or acidified milk and cream, whether or not concentrated or containing added sugar or other sweetening matter or flavoured or containing added fruit, nuts or cocoa.",1579278,556373
6/1/23,New Zealand,0404,"Whey and products consisting of natural milk constituents; whether or not containing added sugar or other sweetening matter, not elsewhere specified or included",3516679,1033218
6/1/23,New Zealand,0405,Butter and other fats and oils derived from milk; dairy spreads,64434501,9963000
6/1/23,New Zealand,0406,Cheese and curd,55470530,10837340
7/1/23,EU-27,0401,"Milk and cream; not concentrated, not containing added sugar or other sweetening matter",61971343,38630360
7/1/23,EU-27,0402,Milk and cream; concentrated or containing added sugar or other sweetening matter,35422944,9641587
7/1/23,EU-27,0403,"Yogurt; buttermilk, curdled milk and cream, kephir and other fermented or acidified milk and cream, whether or not concentrated or containing added sugar or other sweetening matter or flavoured or containing added fruit, nuts or cocoa.",4481555,2201035
7/1/23,EU-27,0404,"Whey and products consisting of natural milk constituents; whether or not containing added sugar or other sweetening matter, not elsewhere specified or included",44764314,20229000
7/1/23,EU-27,0405,Butter and other fats and oils derived from milk; dairy spreads,9852574,1429423
7/1/23,EU-27,0406,Cheese and curd,21437182,3686031
7/1/23,New Zealand,0401,"Milk and cream; not concentrated, not containing added sugar or other sweetening matter",37275778,18135620
7/1/23,New Zealand,0402,Milk and cream; concentrated or containing added sugar or other sweetening matter,192625341,57438411
7/1/23,New Zealand,0403,"Yogurt; buttermilk, curdled milk and cream, kephir and other fermented or acidified milk and cream, whether or not concentrated or containing added sugar or other sweetening matter or flavoured or containing added fruit, nuts or cocoa.",354047,128013
7/1/23,New Zealand,0404,"Whey and products consisting of natural milk constituents; whether or not containing added sugar or other sweetening matter, not elsewhere specified or included",1730389,622869
7/1/23,New Zealand,0405,Butter and other fats and oils derived from milk; dairy spreads,66585055,11734230
7/1/23,New Zealand,0406,Cheese and curd,47372253,9066836
8/1/23,EU-27,0401,"Milk and cream; not concentrated, not containing added sugar or other sweetening matter",64982286,38723872
8/1/23,EU-27,0402,Milk and cream; concentrated or containing added sugar or other sweetening matter,20420555,5939579
8/1/23,EU-27,0403,"Yogurt; buttermilk, curdled milk and cream, kephir and other fermented or acidified milk and cream, whether or not concentrated or containing added sugar or other sweetening matter or flavoured or containing added fruit, nuts or cocoa.",2953062,1389768
8/1/23,EU-27,0404,"Whey and products consisting of natural milk constituents; whether or not containing added sugar or other sweetening matter, not elsewhere specified or included",40407015,20143125
8/1/23,EU-27,0405,Butter and other fats and oils derived from milk; dairy spreads,13075741,1883917
8/1/23,EU-27,0406,Cheese and curd,20145670,3389470
8/1/23,New Zealand,0401,"Milk and cream; not concentrated, not containing added sugar or other sweetening matter",44374269,20517860
8/1/23,New Zealand,0402,Milk and cream; concentrated or containing added sugar or other sweetening matter,113222283,33200710
8/1/23,New Zealand,0403,"Yogurt; buttermilk, curdled milk and cream, kephir and other fermented or acidified milk and cream, whether or not concentrated or containing added sugar or other sweetening matter or flavoured or containing added fruit, nuts or cocoa.",418773,152915
8/1/23,New Zealand,0404,"Whey and products consisting of natural milk constituents; whether or not containing added sugar or other sweetening matter, not elsewhere specified or included",2323887,835823
8/1/23,New Zealand,0405,Butter and other fats and oils derived from milk; dairy spreads,72540320,12120120
8/1/23,New Zealand,0406,Cheese and curd,60596057,11344487
9/1/23,EU-27,0401,"Milk and cream; not concentrated, not containing added sugar or other sweetening matter",60230356,35610212
9/1/23,EU-27,0402,Milk and cream; concentrated or containing added sugar or other sweetening matter,26526596,7294653
9/1/23,EU-27,0403,"Yogurt; buttermilk, curdled milk and cream, kephir and other fermented or acidified milk and cream, whether or not concentrated or containing added sugar or other sweetening matter or flavoured or containing added fruit, nuts or cocoa.",3837602,1857160
9/1/23,EU-27,0404,"Whey and products consisting of natural milk constituents; whether or not containing added sugar or other sweetening matter, not elsewhere specified or included",29597368,15362133
9/1/23,EU-27,0405,Butter and other fats and oils derived from milk; dairy spreads,7259870,961258
9/1/23,EU-27,0406,Cheese and curd,16467422,2756957
9/1/23,New Zealand,0401,"Milk and cream; not concentrated, not containing added sugar or other sweetening matter",75738611,29078620
9/1/23,New Zealand,0402,Milk and cream; concentrated or containing added sugar or other sweetening matter,76126377,21587937
9/1/23,New Zealand,0403,"Yogurt; buttermilk, curdled milk and cream, kephir and other fermented or acidified milk and cream, whether or not concentrated or containing added sugar or other sweetening matter or flavoured or containing added fruit, nuts or cocoa.",220740,80254
9/1/23,New Zealand,0404,"Whey and products consisting of natural milk constituents; whether or not containing added sugar or other sweetening matter, not elsewhere specified or included",1764363,1187368
9/1/23,New Zealand,0405,Butter and other fats and oils derived from milk; dairy spreads,59231740,9354070
9/1/23,New Zealand,0406,Cheese and curd,33638194,6386559
10/1/23,EU-27,0401,"Milk and cream; not concentrated, not containing added sugar or other sweetening matter",46232593,30563403
10/1/23,EU-27,0402,Milk and cream; concentrated or containing added sugar or other sweetening matter,23991918,6943106
10/1/23,EU-27,0403,"Yogurt; buttermilk, curdled milk and cream, kephir and other fermented or acidified milk and cream, whether or not concentrated or containing added sugar or other sweetening matter or flavoured or containing added fruit, nuts or cocoa.",2628741,1374094
10/1/23,EU-27,0404,"Whey and products consisting of natural milk constituents; whether or not containing added sugar or other sweetening matter, not elsewhere specified or included",30261853,16890429
10/1/23,EU-27,0405,Butter and other fats and oils derived from milk; dairy spreads,7280413,1064227
10/1/23,EU-27,0406,Cheese and curd,16758255,2945357
10/1/23,New Zealand,0401,"Milk and cream; not concentrated, not containing added sugar or other sweetening matter",70502867,31925675
10/1/23,New Zealand,0402,Milk and cream; concentrated or containing added sugar or other sweetening matter,86381713,25893087
10/1/23,New Zealand,0403,"Yogurt; buttermilk, curdled milk and cream, kephir and other fermented or acidified milk and cream, whether or not concentrated or containing added sugar or other sweetening matter or flavoured or containing added fruit, nuts or cocoa.",341859,132612
10/1/23,New Zealand,0404,"Whey and products consisting of natural milk constituents; whether or not containing added sugar or other sweetening matter, not elsewhere specified or included",1568270,901488
10/1/23,New Zealand,0405,Butter and other fats and oils derived from milk; dairy spreads,40909355,6711180
10/1/23,New Zealand,0406,Cheese and curd,20465045,4206940
11/1/23,EU-27,0401,"Milk and cream; not concentrated, not containing added sugar or other sweetening matter",46277572,31976071
11/1/23,EU-27,0402,Milk and cream; concentrated or containing added sugar or other sweetening matter,17296437,4065259
11/1/23,EU-27,0403,"Yogurt; buttermilk, curdled milk and cream, kephir and other fermented or acidified milk and cream, whether or not concentrated or containing added sugar or other sweetening matter or flavoured or containing added fruit, nuts or cocoa.",1366777,763150
11/1/23,EU-27,0404,"Whey and products consisting of natural milk constituents; whether or not containing added sugar or other sweetening matter, not elsewhere specified or included",30448993,19506473
11/1/23,EU-27,0405,Butter and other fats and oils derived from milk; dairy spreads,6500297,899361
11/1/23,EU-27,0406,Cheese and curd,20612071,3475192
11/1/23,New Zealand,0401,"Milk and cream; not concentrated, not containing added sugar or other sweetening matter",72079589,27524240
11/1/23,New Zealand,0402,Milk and cream; concentrated or containing added sugar or other sweetening matter,94105985,30311400
11/1/23,New Zealand,0403,"Yogurt; buttermilk, curdled milk and cream, kephir and other fermented or acidified milk and cream, whether or not concentrated or containing added sugar or other sweetening matter or flavoured or containing added fruit, nuts or cocoa.",584310,233879
11/1/23,New Zealand,0404,"Whey and products consisting of natural milk constituents; whether or not containing added sugar or other sweetening matter, not elsewhere specified or included",1050402,507286
11/1/23,New Zealand,0405,Butter and other fats and oils derived from milk; dairy spreads,37640352,6105960
11/1/23,New Zealand,0406,Cheese and curd,45327997,9292840
12/1/23,EU-27,0401,"Milk and cream; not concentrated, not containing added sugar or other sweetening matter",48644867,34165650
12/1/23,EU-27,0402,Milk and cream; concentrated or containing added sugar or other sweetening matter,17497554,4111106
12/1/23,EU-27,0403,"Yogurt; buttermilk, curdled milk and cream, kephir and other fermented or acidified milk and cream, whether or not concentrated or containing added sugar or other sweetening matter or flavoured or containing added fruit, nuts or cocoa.",1237711,521899
12/1/23,EU-27,0404,"Whey and products consisting of natural milk constituents; whether or not containing added sugar or other sweetening matter, not elsewhere specified or included",30555462,18023157
12/1/23,EU-27,0405,Butter and other fats and oils derived from milk; dairy spreads,8048044,1020592
12/1/23,EU-27,0406,Cheese and curd,16577847,2525203
12/1/23,New Zealand,0401,"Milk and cream; not concentrated, not containing added sugar or other sweetening matter",75220266,34015610
12/1/23,New Zealand,0402,Milk and cream; concentrated or containing added sugar or other sweetening matter,78210840,25651120
12/1/23,New Zealand,0403,"Yogurt; buttermilk, curdled milk and cream, kephir and other fermented or acidified milk and cream, whether or not concentrated or containing added sugar or other sweetening matter or flavoured or containing added fruit, nuts or cocoa.",200712,81804
12/1/23,New Zealand,0404,"Whey and products consisting of natural milk constituents; whether or not containing added sugar or other sweetening matter, not elsewhere specified or included",1466011,739579
12/1/23,New Zealand,0405,Butter and other fats and oils derived from milk; dairy spreads,70652542,12032840
12/1/23,New Zealand,0406,Cheese and curd,43863649,9268313
1/1/24,EU-27,0401,"Milk and cream; not concentrated, not containing added sugar or other sweetening matter",35647515,21907861
1/1/24,EU-27,0402,Milk and cream; concentrated or containing added sugar or other sweetening matter,15674857,3237212
1/1/24,EU-27,0403,"Yogurt; buttermilk, curdled milk and cream, kephir and other fermented or acidified milk and cream, whether or not concentrated or containing added sugar or other sweetening matter or flavoured or containing added fruit, nuts or cocoa.",1532242,651842
1/1/24,EU-27,0404,"Whey and products consisting of natural milk constituents; whether or not containing added sugar or other sweetening matter, not elsewhere specified or included",27934939,14080469
1/1/24,EU-27,0405,Butter and other fats and oils derived from milk; dairy spreads,7516505,1026127
1/1/24,EU-27,0406,Cheese and curd,14364261,2048236
1/1/24,New Zealand,0401,"Milk and cream; not concentrated, not containing added sugar or other sweetening matter",74966503,29167911
1/1/24,New Zealand,0402,Milk and cream; concentrated or containing added sugar or other sweetening matter,232235664,76713760
1/1/24,New Zealand,0403,"Yogurt; buttermilk, curdled milk and cream, kephir and other fermented or acidified milk and cream, whether or not concentrated or containing added sugar or other sweetening matter or flavoured or containing added fruit, nuts or cocoa.",58288,24550
1/1/24,New Zealand,0404,"Whey and products consisting of natural milk constituents; whether or not containing added sugar or other sweetening matter, not elsewhere specified or included",2000744,1364791
1/1/24,New Zealand,0405,Butter and other fats and oils derived from milk; dairy spreads,53798107,8534220
1/1/24,New Zealand,0406,Cheese and curd,47977141,10131921
2/1/24,EU-27,0401,"Milk and cream; not concentrated, not containing added sugar or other sweetening matter",26065149,20117701
2/1/24,EU-27,0402,Milk and cream; concentrated or containing added sugar or other sweetening matter,9887814,2403737
2/1/24,EU-27,0403,"Yogurt; buttermilk, curdled milk and cream, kephir and other fermented or acidified milk and cream, whether or not concentrated or containing added sugar or other sweetening matter or flavoured or containing added fruit, nuts or cocoa.",1835995,763587
2/1/24,EU-27,0404,"Whey and products consisting of natural milk constituents; whether or not containing added sugar or other sweetening matter, not elsewhere specified or included",24877776,14191221
2/1/24,EU-27,0405,Butter and other fats and oils derived from milk; dairy spreads,4633127,645677
2/1/24,EU-27,0406,Cheese and curd,12435200,2170531
2/1/24,New Zealand,0401,"Milk and cream; not concentrated, not containing added sugar or other sweetening matter",51831115,22174930
2/1/24,New Zealand,0402,Milk and cream; concentrated or containing added sugar or other sweetening matter,204701157,67985150
2/1/24,New Zealand,0403,"Yogurt; buttermilk, curdled milk and cream, kephir and other fermented or acidified milk and cream, whether or not concentrated or containing added sugar or other sweetening matter or flavoured or containing added fruit, nuts or cocoa.",184288,76860
2/1/24,New Zealand,0404,"Whey and products consisting of natural milk constituents; whether or not containing added sugar or other sweetening matter, not elsewhere specified or included",2856019,1148512
2/1/24,New Zealand,0405,Butter and other fats and oils derived from milk; dairy spreads,52677557,8905310
2/1/24,New Zealand,0406,Cheese and curd,30161430,6407275
3/1/24,EU-27,0401,"Milk and cream; not concentrated, not containing added sugar or other sweetening matter",46735112,24370208
3/1/24,EU-27,0402,Milk and cream; concentrated or containing added sugar or other sweetening matter,17301126,4276830
3/1/24,EU-27,0403,"Yogurt; buttermilk, curdled milk and cream, kephir and other fermented or acidified milk and cream, whether or not concentrated or containing added sugar or other sweetening matter or flavoured or containing added fruit, nuts or cocoa.",2976569,1181612
3/1/24,EU-27,0404,"Whey and products consisting of natural milk constituents; whether or not containing added sugar or other sweetening matter, not elsewhere specified or included",30929413,15383643
3/1/24,EU-27,0405,Butter and other fats and oils derived from milk; dairy spreads,11709205,1493432
3/1/24,EU-27,0406,Cheese and curd,16886934,2487324
3/1/24,New Zealand,0401,"Milk and cream; not concentrated, not containing added sugar or other sweetening matter",72110176,27838420
3/1/24,New Zealand,0402,Milk and cream; concentrated or containing added sugar or other sweetening matter,151308369,47255643
3/1/24,New Zealand,0404,"Whey and products consisting of natural milk constituents; whether or not containing added sugar or other sweetening matter, not elsewhere specified or included",2211564,794875
3/1/24,New Zealand,0405,Butter and other fats and oils derived from milk; dairy spreads,56925310,9444300
3/1/24,New Zealand,0406,Cheese and curd,43322072,9067780
4/1/24,EU-27,0401,"Milk and cream; not concentrated, not containing added sugar or other sweetening matter",42715872,22367900
4/1/24,EU-27,0402,Milk and cream; concentrated or containing added sugar or other sweetening matter,24338408,6552987
4/1/24,EU-27,0403,"Yogurt; buttermilk, curdled milk and cream, kephir and other fermented or acidified milk and cream, whether or not concentrated or containing added sugar or other sweetening matter or flavoured or containing added fruit, nuts or cocoa.",2585413,1029192
4/1/24,EU-27,0404,"Whey and products consisting of natural milk constituents; whether or not containing added sugar or other sweetening matter, not elsewhere specified or included",34660833,15797973
4/1/24,EU-27,0405,Butter and other fats and oils derived from milk; dairy spreads,11517410,1753588
4/1/24,EU-27,0406,Cheese and curd,23197253,3852781
4/1/24,New Zealand,0401,"Milk and cream; not concentrated, not containing added sugar or other sweetening matter",72428647,31347359
4/1/24,New Zealand,0402,Milk and cream; concentrated or containing added sugar or other sweetening matter,155905786,46810501
4/1/24,New Zealand,0403,"Yogurt; buttermilk, curdled milk and cream, kephir and other fermented or acidified milk and cream, whether or not concentrated or containing added sugar or other sweetening matter or flavoured or containing added fruit, nuts or cocoa.",167933,61191
4/1/24,New Zealand,0404,"Whey and products consisting of natural milk constituents; whether or not containing added sugar or other sweetening matter, not elsewhere specified or included",2590962,1473595
4/1/24,New Zealand,0405,Butter and other fats and oils derived from milk; dairy spreads,73236254,11721450
4/1/24,New Zealand,0406,Cheese and curd,38715310,8370928
5/1/24,EU-27,0401,"Milk and cream; not concentrated, not containing added sugar or other sweetening matter",38826690,21846561
5/1/24,EU-27,0402,Milk and cream; concentrated or containing added sugar or other sweetening matter,18929732,4548414
5/1/24,EU-27,0403,"Yogurt; buttermilk, curdled milk and cream, kephir and other fermented or acidified milk and cream, whether or not concentrated or containing added sugar or other sweetening matter or flavoured or containing added fruit, nuts or cocoa.",2963357,1121413
5/1/24,EU-27,0404,"Whey and products consisting of natural milk constituents; whether or not containing added sugar or other sweetening matter, not elsewhere specified or included",32569774,14922452
5/1/24,EU-27,0405,Butter and other fats and oils derived from milk; dairy spreads,14586667,2040333
5/1/24,EU-27,0406,Cheese and curd,17777850,2852827
5/1/24,New Zealand,0401,"Milk and cream; not concentrated, not containing added sugar or other sweetening matter",78040277,32664217
5/1/24,New Zealand,0402,Milk and cream; concentrated or containing added sugar or other sweetening matter,139482739,39506559
5/1/24,New Zealand,0403,"Yogurt; buttermilk, curdled milk and cream, kephir and other fermented or acidified milk and cream, whether or not concentrated or containing added sugar or other sweetening matter or flavoured or containing added fruit, nuts or cocoa.",194947,76800
5/1/24,New Zealand,0404,"Whey and products consisting of natural milk constituents; whether or not containing added sugar or other sweetening matter, not elsewhere specified or included",2060561,1178358
5/1/24,New Zealand,0405,Butter and other fats and oils derived from milk; dairy spreads,63011948,9617820
5/1/24,New Zealand,0406,Cheese and curd,41056707,8801056
6/1/24,EU-27,0401,"Milk and cream; not concentrated, not containing added sugar or other sweetening matter",41965406,21936403
6/1/24,EU-27,0402,Milk and cream; concentrated or containing added sugar or other sweetening matter,17362298,4686883
6/1/24,EU-27,0403,"Yogurt; buttermilk, curdled milk and cream, kephir and other fermented or acidified milk and cream, whether or not concentrated or containing added sugar or other sweetening matter or flavoured or containing added fruit, nuts or cocoa.",2920070,1164248
6/1/24,EU-27,0404,"Whey and products consisting of natural milk constituents; whether or not containing added sugar or other sweetening matter, not elsewhere specified or included",35069048,17404357
6/1/24,EU-27,0405,Butter and other fats and oils derived from milk; dairy spreads,12089404,1539513
6/1/24,EU-27,0406,Cheese and curd,19635709,3111572
6/1/24,New Zealand,0401,"Milk and cream; not concentrated, not containing added sugar or other sweetening matter",65592394,26161680
6/1/24,New Zealand,0402,Milk and cream; concentrated or containing added sugar or other sweetening matter,142966963,40009180
6/1/24,New Zealand,0403,"Yogurt; buttermilk, curdled milk and cream, kephir and other fermented or acidified milk and cream, whether or not concentrated or containing added sugar or other sweetening matter or flavoured or containing added fruit, nuts or cocoa.",184229,55272
6/1/24,New Zealand,0404,"Whey and products consisting of natural milk constituents; whether or not containing added sugar or other sweetening matter, not elsewhere specified or included",4326152,2509145
6/1/24,New Zealand,0405,Butter and other fats and oils derived from milk; dairy spreads,81614742,12019490
6/1/24,New Zealand,0406,Cheese and curd,46400562,9869857
7/1/24,EU-27,0401,"Milk and cream; not concentrated, not containing added sugar or other sweetening matter",47935090,24314145
7/1/24,EU-27,0402,Milk and cream; concentrated or containing added sugar or other sweetening matter,22524814,5800032
7/1/24,EU-27,0403,"Yogurt; buttermilk, curdled milk and cream, kephir and other fermented or acidified milk and cream, whether or not concentrated or containing added sugar or other sweetening matter or flavoured or containing added fruit, nuts or cocoa.",2814514,1251160
7/1/24,EU-27,0404,"Whey and products consisting of natural milk constituents; whether or not containing added sugar or other sweetening matter, not elsewhere specified or included",42968197,23342492
7/1/24,EU-27,0405,Butter and other fats and oils derived from milk; dairy spreads,14221651,1882629
7/1/24,EU-27,0406,Cheese and curd,20657263,3146487
7/1/24,New Zealand,0401,"Milk and cream; not concentrated, not containing added sugar or other sweetening matter",36100127,17151234
7/1/24,New Zealand,0402,Milk and cream; concentrated or containing added sugar or other sweetening matter,183920888,53719130
7/1/24,New Zealand,0403,"Yogurt; buttermilk, curdled milk and cream, kephir and other fermented or acidified milk and cream, whether or not concentrated or containing added sugar or other sweetening matter or flavoured or containing added fruit, nuts or cocoa.",199417,66956
7/1/24,New Zealand,0404,"Whey and products consisting of natural milk constituents; whether or not containing added sugar or other sweetening matter, not elsewhere specified or included",2138815,897420
7/1/24,New Zealand,0405,Butter and other fats and oils derived from milk; dairy spreads,61868522,8656520
7/1/24,New Zealand,0406,Cheese and curd,41723071,9001381
8/1/24,EU-27,0401,"Milk and cream; not concentrated, not containing added sugar or other sweetening matter",63422328,38068453
8/1/24,EU-27,0402,Milk and cream; concentrated or containing added sugar or other sweetening matter,20408909,5752001
8/1/24,EU-27,0403,"Yogurt; buttermilk, curdled milk and cream, kephir and other fermented or acidified milk and cream, whether or not concentrated or containing added sugar or other sweetening matter or flavoured or containing added fruit, nuts or cocoa.",6092413,2956440
8/1/24,EU-27,0404,"Whey and products consisting of natural milk constituents; whether or not containing added sugar or other sweetening matter, not elsewhere specified or included",49587260,25874350
8/1/24,EU-27,0405,Butter and other fats and oils derived from milk; dairy spreads,12063505,1467532
8/1/24,EU-27,0406,Cheese and curd,22560684,3515715
8/1/24,New Zealand,0401,"Milk and cream; not concentrated, not containing added sugar or other sweetening matter",38000622,18271610
8/1/24,New Zealand,0402,Milk and cream; concentrated or containing added sugar or other sweetening matter,95113533,27379205
8/1/24,New Zealand,0403,"Yogurt; buttermilk, curdled milk and cream, kephir and other fermented or acidified milk and cream, whether or not concentrated or containing added sugar or other sweetening matter or flavoured or containing added fruit, nuts or cocoa.",199743,76800
8/1/24,New Zealand,0404,"Whey and products consisting of natural milk constituents; whether or not containing added sugar or other sweetening matter, not elsewhere specified or included",1946842,809232
8/1/24,New Zealand,0405,Butter and other fats and oils derived from milk; dairy spreads,48639745,6826830
8/1/24,New Zealand,0406,Cheese and curd,37103672,8042331
9/1/24,EU-27,0401,"Milk and cream; not concentrated, not containing added sugar or other sweetening matter",54599012,28166812
9/1/24,EU-27,0402,Milk and cream; concentrated or containing added sugar or other sweetening matter,18203168,4441318.746
9/1/24,EU-27,0403,"Yogurt; buttermilk, curdled milk and cream, kephir and other fermented or acidified milk and cream, whether or not concentrated or containing added sugar or other sweetening matter or flavoured or containing added fruit, nuts or cocoa.",3799587,1738329
9/1/24,EU-27,0404,"Whey and products consisting of natural milk constituents; whether or not containing added sugar or other sweetening matter, not elsewhere specified or included",44664376,22922587
9/1/24,EU-27,0405,Butter and other fats and oils derived from milk; dairy spreads,12177799,1678813
9/1/24,EU-27,0406,Cheese and curd,14175369,1985960
9/1/24,New Zealand,0401,"Milk and cream; not concentrated, not containing added sugar or other sweetening matter",77206426,27983040
9/1/24,New Zealand,0402,Milk and cream; concentrated or containing added sugar or other sweetening matter,46965987,13173680
9/1/24,New Zealand,0404,"Whey and products consisting of natural milk constituents; whether or not containing added sugar or other sweetening matter, not elsewhere specified or included",1138577,803842
9/1/24,New Zealand,0405,Butter and other fats and oils derived from milk; dairy spreads,51257879,7119460
9/1/24,New Zealand,0406,Cheese and curd,37657341,8039436
10/1/24,EU-27,0401,"Milk and cream; not concentrated, not containing added sugar or other sweetening matter",51591084,27895747
10/1/24,EU-27,0402,Milk and cream; concentrated or containing added sugar or other sweetening matter,18562626,4275600.555
10/1/24,EU-27,0403,"Yogurt; buttermilk, curdled milk and cream, kephir and other fermented or acidified milk and cream, whether or not concentrated or containing added sugar or other sweetening matter or flavoured or containing added fruit, nuts or cocoa.",2643177,1225394
10/1/24,EU-27,0404,"Whey and products consisting of natural milk constituents; whether or not containing added sugar or other sweetening matter, not elsewhere specified or included",37484284,20927511
10/1/24,EU-27,0405,Butter and other fats and oils derived from milk; dairy spreads,15005783,1852579
10/1/24,EU-27,0406,Cheese and curd,14609660,1879364
10/1/24,New Zealand,0401,"Milk and cream; not concentrated, not containing added sugar or other sweetening matter",66384761,28225340
10/1/24,New Zealand,0402,Milk and cream; concentrated or containing added sugar or other sweetening matter,64069652,17714870
10/1/24,New Zealand,0403,"Yogurt; buttermilk, curdled milk and cream, kephir and other fermented or acidified milk and cream, whether or not concentrated or containing added sugar or other sweetening matter or flavoured or containing added fruit, nuts or cocoa.",136218,35016
10/1/24,New Zealand,0404,"Whey and products consisting of natural milk constituents; whether or not containing added sugar or other sweetening matter, not elsewhere specified or included",3683215,2355970
10/1/24,New Zealand,0405,Butter and other fats and oils derived from milk; dairy spreads,45315155,5911470
10/1/24,New Zealand,0406,Cheese and curd,23914472,5135154
11/1/24,EU-27,0401,"Milk and cream; not concentrated, not containing added sugar or other sweetening matter",52310400,28666708
11/1/24,EU-27,0402,Milk and cream; concentrated or containing added sugar or other sweetening matter,18701632,4584557
11/1/24,EU-27,0403,"Yogurt; buttermilk, curdled milk and cream, kephir and other fermented or acidified milk and cream, whether or not concentrated or containing added sugar or other sweetening matter or flavoured or containing added fruit, nuts or cocoa.",4164744,2026453
11/1/24,EU-27,0404,"Whey and products consisting of natural milk constituents; whether or not containing added sugar or other sweetening matter, not elsewhere specified or included",32649524,18033614
11/1/24,EU-27,0405,Butter and other fats and oils derived from milk; dairy spreads,9347973,1033588
11/1/24,EU-27,0406,Cheese and curd,19461545,2755570
11/1/24,New Zealand,0401,"Milk and cream; not concentrated, not containing added sugar or other sweetening matter",95291064,34111760
11/1/24,New Zealand,0402,Milk and cream; concentrated or containing added sugar or other sweetening matter,118196864,33936540
11/1/24,New Zealand,0403,"Yogurt; buttermilk, curdled milk and cream, kephir and other fermented or acidified milk and cream, whether or not concentrated or containing added sugar or other sweetening matter or flavoured or containing added fruit, nuts or cocoa.",110006,20933
11/1/24,New Zealand,0404,"Whey and products consisting of natural milk constituents; whether or not containing added sugar or other sweetening matter, not elsewhere specified or included",5948935,3416670
11/1/24,New Zealand,0405,Butter and other fats and oils derived from milk; dairy spreads,78935235,10443990
11/1/24,New Zealand,0406,Cheese and curd,40983985,8519757
12/1/24,EU-27,0401,"Milk and cream; not concentrated, not containing added sugar or other sweetening matter",50189065,29004286
12/1/24,EU-27,0402,Milk and cream; concentrated or containing added sugar or other sweetening matter,17392255,3694828
12/1/24,EU-27,0403,"Yogurt; buttermilk, curdled milk and cream, kephir and other fermented or acidified milk and cream, whether or not concentrated or containing added sugar or other sweetening matter or flavoured or containing added fruit, nuts or cocoa.",2241305,1353597
12/1/24,EU-27,0404,"Whey and products consisting of natural milk constituents; whether or not containing added sugar or other sweetening matter, not elsewhere specified or included",36112036,20935897.4
12/1/24,EU-27,0405,Butter and other fats and oils derived from milk; dairy spreads,10977195,1301941
12/1/24,EU-27,0406,Cheese and curd,19616195,2779725
12/1/24,New Zealand,0401,"Milk and cream; not concentrated, not containing added sugar or other sweetening matter",81358225,31856390
12/1/24,New Zealand,0402,Milk and cream; concentrated or containing added sugar or other sweetening matter,205524843,59931220
12/1/24,New Zealand,0403,"Yogurt; buttermilk, curdled milk and cream, kephir and other fermented or acidified milk and cream, whether or not concentrated or containing added sugar or other sweetening matter or flavoured or containing added fruit, nuts or cocoa.",91585,16113
12/1/24,New Zealand,0404,"Whey and products consisting of natural milk constituents; whether or not containing added sugar or other sweetening matter, not elsewhere specified or included",5707490,2350801
12/1/24,New Zealand,0405,Butter and other fats and oils derived from milk; dairy spreads,119455071,15492280
12/1/24,New Zealand,0406,Cheese and curd,56516966,11529876
NA,NA,NA,NA,0,0